城市代码,页码,offset,酒店ID,酒店名称,image_url,酒店链接,评分,评论数,排名描述,排名,排名总数,地址,电话,纬度,经度,城市,最低价格,显示价格,价格区间最低,价格区间最高,住宿类型,酒店风格,亮点设施,促销标签,旅行者之选,旅行者之选奖项,平台SEO摘要,用户评论摘录,用户评论用户名,酒店描述
new_york,2,30,15237449,Artezen Hotel,https://dynamic-media-cdn.tripadvisor.com/media/photo-o/16/b2/24/f7/entrance.jpg,https://www.tripadvisor.co.uk/Hotel_Review-g60763-d15237449-Reviews-Artezen_Hotel-New_York_City_New_York.html,4.9,912.0,#4 of 525 hotels in New York City,4.0,776.0,"24 John Street, New York City, NY 10038-4020",+1 212-566-5511,40.709583,-74.00874,New York City,$265,$265,217.0,622.0,Hotel,,Fitness centre|Air conditioning|Airport transportation|Free Wifi,,是,2026 Travelers' Choice,"Centrally located in the Financial District near subway stations, major attractions, and dining options. Clean, modern rooms with Nespresso machines. On-site gym, yoga room, and rooftop bar.",,,The Artezen Hotel is a Financial District hotel featuring luxury rooms with modern amenities ideally situated in the heart of Lower Manhattan.
new_york,1,0,223019,Broadway Plaza Hotel,https://dynamic-media-cdn.tripadvisor.com/media/photo-o/30/91/53/4e/caption.jpg,https://www.tripadvisor.co.uk/Hotel_Review-g60763-d223019-Reviews-Broadway_Plaza_Hotel-New_York_City_New_York.html,4.9,624.0,#2 of 525 hotels in New York City,2.0,776.0,"1155 Broadway, New York City, NY 10001",+1 212-679-7665,40.744442,-73.989044,New York City,$170,$170,248.0,690.0,Hotel,,Air conditioning|Airport transportation|Free Wifi,,是,2026 Travelers' Choice Best of the Best,"Boutique-style hotel in Manhattan's Flatiron district with spacious, modern rooms and stylish decor. Central location near shops, restaurants, and Broadway shows. Offers excellent views of the Empire State Building, top-notch concierge service, and family-friendly amenities.",,,"Overlooking the corner of 27th and Broadway, our intimate 69-room boutique hotel puts you just steps from New York's most beloved and famous attractions and buildings. Conveniently located in the heart of NOMAD, you can be anywhere you need to be within 15-20 minutes of our front door. Major subway lines are located just 1 block from the hotel. Having just completed a major renovation of all guestrooms, bathrooms and hallways in April 2025, we now feature 8 guestrooms with outdoor terraces that offer spectacular views of the Empire State Building as do approximately 65% of all guestrooms. Come and be spolied with our attentive and friendly customer service coupled with a true 4 star product that provides an array of in room amenities. Enjoy local dining with a diverse variety of restaurants and lounges in one of the most popular areas of the city. We hope to see you soon!!!"
new_york,5,120,23528665,Pendry Manhattan West,https://dynamic-media-cdn.tripadvisor.com/media/photo-o/21/53/f1/6e/pendry-manhattan-west.jpg,https://www.tripadvisor.co.uk/Hotel_Review-g60763-d23528665-Reviews-Pendry_Manhattan_West-New_York_City_New_York.html,4.9,534.0,#40 of 525 hotels in New York City,41.0,776.0,"438 W 33rd St, New York City, NY 10001-2601",+1 212-933-7000,40.753796,-73.997986,New York City,$772,$772,734.0,1821.0,Hotel,,Restaurant|Bar/Lounge|Fitness centre|Air conditioning,,是,2026 Travelers' Choice,"Upscale hotel with Japanese-inspired design near Hudson Yards and the High Line. Spacious, clean rooms, vibrant bar, and acclaimed restaurant. Convenient to shopping, dining, and local attractions.",,,"Pendry Manhattan West enjoys easy access to an array of attractions, including some of the finest shopping, dining and culture in New York and the redeveloped Empire Station Complex which includes Madison Square Garden and Moynihan Train Hall. Home to 164 guest rooms, including 30 suites, each featuring interiors by world-renowned Gachot Studios. The guest room experience brings a calming sensibility to the city’s bustling environment with a neutral color palette, warm details and textures and the modern amenities synonymous with Pendry’s contemporary luxury sensibility. Pendry Manhattan West welcomes hotel guests with four unique food and beverage destinations, including signature restaurant, Zou Zou's, cocktail lounge, Chez Zou, Bar Pendry & Garden Room. Guests may also enjoy a 24/7, 1,700 square foot fitness center featuring all-new Technogym equipment and Peloton bikes, as well as an intimate Movement Studio for light stretching, personal yoga and physical activity."
new_york,5,120,23887495,The Hotel Chelsea,https://dynamic-media-cdn.tripadvisor.com/media/photo-o/28/1d/73/c1/lobby-bar.jpg,https://www.tripadvisor.co.uk/Hotel_Review-g60763-d23887495-Reviews-The_Hotel_Chelsea-New_York_City_New_York.html,4.9,445.0,#5 of 525 hotels in New York City,5.0,776.0,"222 West 23rd Street, New York City, NY 10011-2301",+1 212-483-1010,40.74433,-73.99687,New York City,,,518.0,1212.0,Hotel,,Spa|Restaurant|Bar/Lounge|Fitness centre,,是,2026 Travelers' Choice,"Historic, luxurious hotel in New York offering a romantic, bohemian ambiance with French-style balconies, top dining options, and a vibrant atmosphere. Prime location near landmarks and top restaurants.",,,
new_york,7,180,26686375,New York Spirit Retreats,https://dynamic-media-cdn.tripadvisor.com/media/photo-o/2a/72/93/79/cozy-pod-room-with-lockable.jpg,https://www.tripadvisor.co.uk/Hotel_Review-g60763-d26686375-Reviews-New_York_Spirit_Retreats-New_York_City_New_York.html,4.9,241.0,#1 of 190 Speciality lodging in New York City,29.0,776.0,"370 8th Ave 4th Floor, New York City, NY 10001",+1 646-305-5241,40.748726,-73.9958,New York City,,,94.0,228.0,Limited Service Property,,Free Wifi,Breakfast included,是,2026 Travelers' Choice,"Central Manhattan hostel with cozy, well-designed rooms and shared bathrooms. Budget-friendly option for solo travelers. Features a peaceful atmosphere, quiet hours, and a top-floor dining area.",,,Individual lockable pod rooms
new_york,6,150,93618,Waldorf Astoria New York,https://dynamic-media-cdn.tripadvisor.com/media/photo-o/31/d8/79/f9/exterior.jpg,https://www.tripadvisor.co.uk/Hotel_Review-g60763-d93618-Reviews-Waldorf_Astoria_New_York-New_York_City_New_York.html,4.9,145.0,#19 of 525 hotels in New York City,19.0,776.0,"301 Park Avenue, New York City, NY 10022",+1 212-355-3000,40.756256,-73.972855,New York City,,,1260.0,3548.0,Hotel,,Spa|Restaurant|Bar/Lounge|Fitness centre,,是,2026 Travelers' Choice,"Iconic luxury hotel with opulent interiors, personalized concierge service, and exceptional dining. Features a grand ballroom, classy lounge, and attentive staff. Ideal for professionals and luxury getaways.",,,"For nearly a century, Waldorf Astoria New York has been a fixture of New York City society, earning its place as a beacon of radiance in the cultural capital of the world. Following an extensive restoration spearheaded by renowned interior designer Pierre-Yves Rochon, the newly re-opened property has the scale and beauty of the original Art Deco architecture reimagined with fresh contemporary furnishings that pay homage to the original Waldorf Astoria New York. The 375-room hotel features some of Manhattans largest rooms and suites that embody the spirit of New York. Hotel guests and visitors have access to unmatched culinary offerings with Lex Yard, Peacock Alley and Yoshoku restaurant. Our holistic wellness program, including Guerlain spa spanning over 30,000 square feet, a state-of-the-art fitness center, and 43,000 square feet of modernized event space including a striking new opera-inspired Grand Ballroom set to be the crown jewel of New York City's entertainment scene."
new_york,6,150,93566,"The Surrey, A Corinthia Hotel",https://dynamic-media-cdn.tripadvisor.com/media/photo-o/2f/bb/8c/7f/caption.jpg,https://www.tripadvisor.co.uk/Hotel_Review-g60763-d93566-Reviews-The_Surrey_A_Corinthia_Hotel-New_York_City_New_York.html,4.9,134.0,#15 of 525 hotels in New York City,15.0,776.0,"20 East 76th Street, New York City, NY 10021-2643",+1 212-730-4551,40.77444,-73.96385,New York City,,,1026.0,2357.0,Hotel,,Spa|Restaurant|Bar/Lounge|Fitness centre,,是,2026 Travelers' Choice,"Elegant boutique hotel in NYC's Upper East Side. Features luxurious, newly renovated rooms, custom amenities, and top-tier service. Ideal location near Central Park, Madison Avenue, and subway access.",,,"The Surrey, A Corinthia Hotel has been meticulous reimagined, unveiling a new icon for the Upper East Side. As the first North American property from Corinthia Hotels, it brings together European service heritage with New York sophistication. Honoring the Upper East Side’s rich history, the hotel blends timeless glamour with modern refinement. Designed by Martin Brudnizki, the interiors create an intimate grand boutique that embodies the spirit of the neighborhood — an ode to culture, community, and creativity. The 16-story building features 70 guest rooms, 30 suites, and 14 residences inspired by the hotel’s storied past and surroundings. Four signature suites draw inspiration from the iconic bridges of Central Park, pairing architectural storytelling with sublime comfort and understated elegance."
new_york,1,0,224214,The Bryant Park Hotel,https://dynamic-media-cdn.tripadvisor.com/media/photo-o/2d/f4/b6/88/junior-suite-park-view.jpg,https://www.tripadvisor.co.uk/Hotel_Review-g60763-d224214-Reviews-The_Bryant_Park_Hotel-New_York_City_New_York.html,4.8,5552.0,#1 of 525 hotels in New York City,1.0,776.0,"40 West 40th Street, New York City, NY 10018-2602",+1 212-869-0100,40.752895,-73.983696,New York City,$359,$359,367.0,1145.0,Hotel,,Restaurant|Bar/Lounge|Fitness centre|Air conditioning,,是,2026 Travelers' Choice Best of the Best,"Luxury hotel with park view rooms, junior suites, and Molton Brown bath products. Features a renowned restaurant and ideal location near Bryant Park, 5th Avenue, Times Square, and public transit.",,,"Nestled at the entrance of Bryant Park on 40th Street, between 5th and 6th Avenues, The Bryant Park Hotel is a serene retreat in the heart of Midtown Manhattan. Surrounded by Fifth Avenue shopping, the Theater District, and world-class museums, our boutique hotel seamlessly blends luxury with convenience. Guests enjoy complimentary in-room Wi-Fi, along with Illy coffee and freshly baked muffins in our lobby from 7 AM to 10 AM. Indulge in exquisite Japanese cuisine at Koi NYC, or unwind at Célon, our award-winning lounge, open Monday through Saturday. Enhance your stay in our state-of-the-art private screening room—perfect for film viewings, corporate events, and special occasions. With breathtaking views, impeccable service, and elegantly designed rooms, The Bryant Park Hotel offers an experience of sophistication, comfort, and warm hospitality. We look forward to welcoming you."
new_york,1,0,10679074,LUMA Hotel Times Square,https://dynamic-media-cdn.tripadvisor.com/media/photo-o/2c/28/35/d4/luma-hotel-times-square.jpg,https://www.tripadvisor.co.uk/Hotel_Review-g60763-d10679074-Reviews-LUMA_Hotel_Times_Square-New_York_City_New_York.html,4.8,3738.0,#7 of 525 hotels in New York City,7.0,776.0,"120 West 41st Street, New York City, NY 10036-7315",+1 212-730-0099,40.75458,-73.9858,New York City,$251,$251,294.0,773.0,Hotel,,Restaurant|Bar/Lounge|Air conditioning|Free Wifi,,是,2026 Travelers' Choice Best of the Best,"Centrally located near Times Square, Bryant Park, and major attractions, this trendy hotel offers outstanding service, a quiet atmosphere, and unique amenities like a sound machine and robot room service. Guests praise its on-site restaurant, expert local recommendations, and unbeatable convenience.",,,"LUMA Hotel Times Square is located on 41st Street between Broadway and Avenue of the Americas in the heart of New York City. Steps from Times Square and Bryant Park. Bright, innovative and inviting, LUMA shines a light on the best of modern hospitality and illuminates guests with dynamic energy and an independent spirit. 130 well-appointed guest rooms with floor-to-ceiling windows for enjoying natural light and taking in views of Manhattan that are ideally situated amongst developing tech firms, and international fashion houses, as well as steps away from New York City landmarks and attractions. Featuring AperiBar a chic Italianesque restaurant and cocktail bar by acclaimed Chef Charlie Palmer."
new_york,2,30,15135187,Park Terrace Hotel,https://dynamic-media-cdn.tripadvisor.com/media/photo-o/2c/28/8a/e2/lobby.jpg,https://www.tripadvisor.co.uk/Hotel_Review-g60763-d15135187-Reviews-Park_Terrace_Hotel-New_York_City_New_York.html,4.8,3051.0,#8 of 525 hotels in New York City,8.0,776.0,"18 West 40th Street, New York City, NY 10018",+1 212-781-6400,40.75249,-73.98311,New York City,$365,$365,351.0,874.0,Hotel,,Restaurant|Bar/Lounge|Fitness centre|Air conditioning,,是,2026 Travelers' Choice,"Modern, eco-friendly hotel in a prime Manhattan location near Times Square and Bryant Park. Features chic rooms, a cozy terrace with stunning views, a stylish bar, and unique touches like water stations, refillable bottles, and a sauna. Perfect for exploring NYC with upscale amenities.",,,"Find refuge at a luxury address that mixes impeccable, artful design and warm natural light with the iconic style that embodies NYC. Park Terrace Hotel, overlooking Bryant Park, places you at the epicenter of Midtown Manhattan - offering a place to feel inspired by the city's energy as you network, explore or relax. Enjoy easy access to New York favorites like luxe Fifth Avenue shopping, Broadway, the New York Public Library, Grand Central Terminal and the Empire State Building. Tailor-made to reflect our location in Midtown Manhattan, guest rooms and studios at Park Terrace Hotel are at once airy, urban, and endlessly inviting with cutting-edge amenities. Designed by Stonehill Taylor, our 226 accommodations feature a fresh and natural aesthetic-not unlike Bryant Park itself-which many of our rooms and studios overlook. Park Terrace Hotel also offers new meeting & event space, onsite dining, fitness center, and Branch - a private members club with terrace overlooking Bryant Park."
new_york,7,180,4702789,The Towers at Lotte New York Palace,https://dynamic-media-cdn.tripadvisor.com/media/photo-o/04/7c/6b/ee/the-towers-at-the-new.jpg,https://www.tripadvisor.co.uk/Hotel_Review-g60763-d4702789-Reviews-The_Towers_at_Lotte_New_York_Palace-New_York_City_New_York.html,4.8,3039.0,#23 of 525 hotels in New York City,23.0,776.0,"455 Madison Avenue At 50th Street, New York City, NY 10022",+1 212-888-7000,40.758144,-73.97468,New York City,"$1,271","$1,271",702.0,2155.0,Hotel,,Spa|Bar/Lounge|Fitness centre|Air conditioning,,是,2026 Travelers' Choice,"Luxury hotel in Midtown Manhattan with spacious rooms, stunning views of St. Patrick's Cathedral, historic charm, and curated NYC experiences. Prime location near landmarks and cultural attractions.",,,"With just 176 rooms and suites, The Towers at Lotte New York Palace occupy Lotte New York Palace's top 14 floors. Housing the hotel's most distinctive suites and the city's most spacious guest rooms, the Towers at Lotte New York Palace offer newly re-styled accommodations with breathtaking skyline views and unrivaled service. Towers guests enjoy luxurious amenities including butler service, an exclusive private lobby and dedicated concierge."
new_york,7,180,99389,The Evelyn Hotel,https://dynamic-media-cdn.tripadvisor.com/media/photo-o/2b/60/c1/76/the-tusk-bar.jpg,https://www.tripadvisor.co.uk/Hotel_Review-g60763-d99389-Reviews-The_Evelyn_Hotel-New_York_City_New_York.html,4.8,1682.0,#13 of 525 hotels in New York City,13.0,776.0,"7 E 27th St, New York City, NY 10016-8701",+1 212-545-8000,40.743896,-73.98707,New York City,,,266.0,1029.0,Hotel,,Restaurant|Bar/Lounge|Fitness centre|Air conditioning,Breakfast included,是,2026 Travelers' Choice,"Charming boutique hotel with vintage ambience and stylish rooms featuring cozy beds and heated bathroom floors. Prime location near Madison Square Park, subway stations, and top attractions. Trendy on-site bar with amazing cocktails and chic atmosphere. Perfect for exploring NYC.",,,"Paying homage to Evelyn Nesbit — the ""it girl"" of her era— Evelyn Hotel’s design showcases the Art Nouveau style of the early 1900s while featuring nods to the neighborhood’s music & art heritage that dates back over a century. Thoughtfully renovated rooms & suites include musically inspired accents and vintage furnishings. Three distinct dining concepts by local hospitality veterans, Ninepin, create a scene for every mood. Fuel your day with house-made pastries, creative sandwiches and craft coffee at Ninepin Café. Take it up a notch at The Tusk Bar, oyster & cocktail bar. For a full dining experience, enjoy a modern take on a French brasserie at BRASS. Set in the NoMad neighborhood, formerly historic Tin Pan Alley - the city's Jazz Age music epicenter – the hotel provides a central location for guests to immerse themselves in the neighborhood's vibrant culture and a proximity to iconic attractions like the Empire State Building, Flatiron and Madison Square Park."
new_york,9,240,24140501,Moxy Nyc Lower East Side,https://dynamic-media-cdn.tripadvisor.com/media/photo-o/32/f1/af/4f/highlight-room-terrace.jpg,https://www.tripadvisor.co.uk/Hotel_Review-g60763-d24140501-Reviews-Moxy_Nyc_Lower_East_Side-New_York_City_New_York.html,4.8,1109.0,#43 of 525 hotels in New York City,44.0,776.0,"145 Bowery, New York City, NY 10002",+1 212-245-6699,40.71902,-73.99423,New York City,$261,$261,264.0,844.0,Hotel,,Restaurant|Bar/Lounge|Fitness centre|Air conditioning,Sponsored,否,,"Chic boutique hotel in a prime NYC location with a modern vibe and fun touches. Highlights include a rooftop bar with stunning city views, lively nightly entertainment, unique dining options, and exceptional staff offering great recommendations. Highly praised for comfort and style.",,,"For an off-the-wall, genre-bending hotel that redefines New York cool, look no further than the brand-new, 303-room Moxy NYC Lower East Side. Inspired by the Lower East Side’s history as a crossroads of entertainment and culture, this hotel in SoHo, NYC, boldly blends endless amusements with the spirit of the absurd. Indulge at Sake No Hana, a modern Japanese restaurant, or let your hair down at Silver Lining, a piano lounge. The all-day café at The Fix and the rooftop bar at The Highlight Room are two amenities among many that prove the hotel’s party cred. Host events in more than 13,000 square feet of space before breaking the ice at Loosie’s, a subterranean nightclub. Cleverly designed rooms, tech-savvy amenities, coworking spaces, and flexible meeting studios at this Lower East Side hotel meet the needs of the plugged-in, modern Manhattan traveler, all at an affordable price."
new_york,5,120,121987,The Wallace,https://dynamic-media-cdn.tripadvisor.com/media/photo-o/2f/d1/c7/a8/caption.jpg,https://www.tripadvisor.co.uk/Hotel_Review-g60763-d121987-Reviews-The_Wallace-New_York_City_New_York.html,4.8,1034.0,#21 of 525 hotels in New York City,21.0,776.0,"242 West 76th Street, New York City, NY 10023",+1 800-833-9622,40.781956,-73.9818,New York City,$566,$566,356.0,1007.0,Hotel,,Fitness centre|Air conditioning|Family Friendly|Free Wifi,,是,2026 Travelers' Choice,"Elegant, boutique-style hotel in the Upper West Side near Central Park, museums, and subway. Features spacious suites, Nespresso machines, live music at the bar, and nearby dining and shopping options.",,,"Our exceptionally spacious accommodations boast dreamy pillow-top beds, thoughtful travel essentials, hand-selected furnishings, decadent European style bathrooms, and state-of-the-art technology that make it effortless to unwind. Choose from a wide selection of residential style rooms and suites with no facility fee."
new_york,2,30,5550873,Archer Hotel New York,https://dynamic-media-cdn.tripadvisor.com/media/photo-o/2c/21/92/16/archer-hotel-new-york.jpg,https://www.tripadvisor.co.uk/Hotel_Review-g60763-d5550873-Reviews-Archer_Hotel_New_York-New_York_City_New_York.html,4.7,5434.0,#49 of 525 hotels in New York City,50.0,776.0,"45 West 38th Street, New York City, NY 10018",+1 212-719-4100,40.752056,-73.9847,New York City,$271,$271,238.0,825.0,Hotel,,Restaurant|Bar/Lounge|Air conditioning|Pets Allowed,,是,2026 Travelers' Choice,"Centrally located Midtown hotel near Bryant Park and subway stations. Features rooftop bar with Empire State Building views, Nespresso machines, coffee bar, turn-down service, and attentive staff.",,,"Archer New York is a Midtown Manhattan boutique hotel and welcoming residence filled with curated luxuries that evoke the soul of its Garment District neighborhood. The 22-story, luxury hotel on West 38th between Fifth and Sixth Avenues is home to 180 guest rooms, Spyglass Rooftop Bar and AKB, a hotel bar. Accommodations boast complimentary Wi-Fi, 42-inch flat-screen TV, Frette towels and bathrobes, Malin+Goetz bath amenities and a Nespresso coffee experience. Hotel amenities include curated souvenirs from local artisans, concierge service, complimentary business services and a 100% smoke-free environment."
new_york,9,240,7891458,Arlo Soho,https://dynamic-media-cdn.tripadvisor.com/media/photo-o/0e/86/f4/cc/arlo-bicycle-and-message.jpg,https://www.tripadvisor.co.uk/Hotel_Review-g60763-d7891458-Reviews-Arlo_Soho-New_York_City_New_York.html,4.7,4091.0,#17 of 525 hotels in New York City,17.0,776.0,"231 Hudson Street, New York City, NY 10013",+1 212-342-7000,40.72449,-74.00797,New York City,$275,$275,226.0,751.0,Hotel,,Restaurant|Bar/Lounge|Air conditioning|Pets Allowed,Sponsored,否,,"Stylish hotel in uptown Manhattan with a rooftop bar offering stunning views, cozy common spaces, and modern design. Conveniently located near attractions, restaurants, and subway lines. Compact yet functional rooms, excellent dining, and a professional, attentive staff.",,,"Arlo SoHo Hotel features 321 thoughtfully designed micro guestrooms with modern furniture and efficient storage space. The hotel is an easy walk to SoHo, Hudson Square, Tribeca, West Village or the picturesque paths along the Hudson River. Four unique restaurants and bars can be found within the hotel including Lindens, Foxtail and ART SoHo rooftop bar with views of the Hudson River. Ten distinct meeting spaces allow each meeting or event its own personality. Arlo's adaptable spaces can provide the perfect, creative backdrop for up to 250 guests. Arlo SoHo is a homebase for urban explorers."
new_york,6,150,1776857,"The Langham, New York, Fifth Avenue",https://dynamic-media-cdn.tripadvisor.com/media/photo-o/12/e5/84/82/the-langham-new-york.jpg,https://www.tripadvisor.co.uk/Hotel_Review-g60763-d1776857-Reviews-The_Langham_New_York_Fifth_Avenue-New_York_City_New_York.html,4.7,3429.0,#86 of 525 hotels in New York City,87.0,776.0,"400 Fifth Avenue, New York, New York City, NY 10018-2753",+1 212-695-4005,40.75007,-73.983765,New York City,"$1,024","$1,024",707.0,2170.0,Hotel,,Restaurant|Bar/Lounge|Fitness centre|Air conditioning,,是,2026 Travelers' Choice Best of the Best,"Luxury hotel in Manhattan with prime location on Fifth Avenue. Features exceptional service, calm atmosphere, Michelin-starred Ai Fiori restaurant, Empire State Building views, and house car service.",,,"The Langham, New York, Fifth Avenue is a modern sanctuary of serenity in the heart of Manhattan. Perfectly located between Bryant Park and the Empire State Building, the hotel offers spacious rooms and suites—among the largest in the city—featuring chic furnishings, a refined color palette, and original artwork by contemporary American artist, Alex Katz. Guests can enjoy exclusive access to The Langham Club and a range of award-winning dining experiences, including Michelin-starred Ai Fiori, the stylish Bar Fiori, casual delights at Maison Kayser, and even Sky Terrace, a secret rooftop dining concept. Stay active in the 24-hour fitness center or host unforgettable events in versatile spaces ideal for weddings, meetings, and social gatherings. Whether visiting for business or leisure, The Langham, New York, Fifth Avenue delivers the legendary hospitality and personalized service that have made The Langham Hotels a global benchmark of elegance."
new_york,6,150,10066892,Hotel 50 Bowery - JDV by Hyatt,https://dynamic-media-cdn.tripadvisor.com/media/photo-o/10/18/19/16/hotel-50-bowery-nyc.jpg,https://www.tripadvisor.co.uk/Hotel_Review-g60763-d10066892-Reviews-Hotel_50_Bowery_JDV_by_Hyatt-New_York_City_New_York.html,4.7,3152.0,#50 of 525 hotels in New York City,51.0,776.0,"50 Bowery, New York City, NY 10013-4801",+1 212-508-8000,40.71583,-73.996544,New York City,,,251.0,693.0,Hotel,,Restaurant|Bar/Lounge|Fitness centre|Air conditioning,,是,2026 Travelers' Choice,"Stylish, modern hotel in a prime location near Chinatown, Little Italy, and the Lower East Side. Features spacious rooms with stunning city and Manhattan Bridge views, a rooftop bar with skyline vistas, and easy access to dining, attractions, and subway stations. Great value for NYC stays.",,,"50 Bowery is a boutique hotel that captures the energy of NYC, inspired by the cultural crossroads of our location on Manhattan's oldest street, where diverse cultures have come together for centuries. With this hotel's convenient location on Bowery near Canal Street and the Manhattan Bridge, getting anywhere in NYC will be a breeze. We celebrate the joy of life, where General Washington communed with his men at the Bull's Head Tavern, where actors once took the stage at the vibrant New York Theater, and where new Americans from Europe and Asia brought their optimism and ambition. Our green key certified hotel is crowned with a rooftop terrace lounge overlooking the Manhattan skyline. Where diverse cultures have come together for centuries. A springboard to some of New York City's most vibrant neighborhoods, from here in the heart of Chinatown to the Lower East Side, Tribeca, Soho, Little Italy, Financial District and Brooklyn."
new_york,1,0,6883205,1 Hotel Central Park,https://dynamic-media-cdn.tripadvisor.com/media/photo-o/08/bd/89/df/1-hotel-central-park.jpg,https://www.tripadvisor.co.uk/Hotel_Review-g60763-d6883205-Reviews-1_Hotel_Central_Park-New_York_City_New_York.html,4.7,2912.0,#35 of 525 hotels in New York City,36.0,776.0,"1414 6th Ave, New York City, NY 10019",+1 212-703-2001,40.76483,-73.97652,New York City,$511,$511,532.0,1469.0,Hotel,,Spa|Restaurant|Bar/Lounge|Fitness centre,,是,2026 Travelers' Choice Best of the Best,"Eco-focused boutique hotel near Central Park with reclaimed wood, live plants, and sustainable design. Features unique room amenities, natural ambiance, and staff offering local expertise and recommendations.",,,"Your New York City sanctuary, right off the park-and steps from the heart of Manhattan."
new_york,4,90,1888977,The Pearl Hotel New York,https://dynamic-media-cdn.tripadvisor.com/media/photo-o/16/5d/56/7b/the-pearl-hotel.jpg,https://www.tripadvisor.co.uk/Hotel_Review-g60763-d1888977-Reviews-The_Pearl_Hotel_New_York-New_York_City_New_York.html,4.7,2893.0,#126 of 525 hotels in New York City,130.0,776.0,"233 W 49th St, New York City, NY 10019",+1 212-245-4000,40.761368,-73.98559,New York City,,,264.0,731.0,Hotel,,Restaurant|Bar/Lounge|Fitness centre|Air conditioning,,是,2026 Travelers' Choice,"Centrally located near Times Square and the Theatre District, this hotel offers spacious rooms, a continental breakfast, an evening wine hour, and family-friendly accommodations at a fair price.",,,
new_york,6,150,208455,The Roxy Hotel New York,https://dynamic-media-cdn.tripadvisor.com/media/photo-o/25/03/df/f9/roxy-hotel-new-york-meet.jpg,https://www.tripadvisor.co.uk/Hotel_Review-g60763-d208455-Reviews-The_Roxy_Hotel_New_York-New_York_City_New_York.html,4.7,2462.0,#37 of 525 hotels in New York City,38.0,776.0,"2 6th Avenue, New York City, NY 10013-2401",+1 212-519-6600,40.71919,-74.00491,New York City,,,363.0,1027.0,Hotel,,Restaurant|Bar/Lounge|Fitness centre|Air conditioning,,是,2026 Travelers' Choice,"Stylish hotel in Tribeca with vintage NYC vibe, live jazz, cinema, and record players in rooms. Features a jazz lounge, oyster bar, and piano bar. Great for exploring Manhattan and enjoying unique amenities.",,,"On the border of SoHo & TriBeCa, Roxy Hotel New York's luxury boutique hotel accommodations feature a mid-century modern aesthetic with hints of Art Deco and Regency. Each of the 201 accommodations at The Roxy exude maximum comfort and ocular enjoyment. Downtown's most wildly entertaining hotel comes with a subterranean jazz club, an arthouse cinema, an oyster bar, and nightly live entertainment where everything is considered."
new_york,3,60,7255276,The Knickerbocker Hotel,https://dynamic-media-cdn.tripadvisor.com/media/photo-o/2f/be/6f/77/the-knick-nyc.jpg,https://www.tripadvisor.co.uk/Hotel_Review-g60763-d7255276-Reviews-The_Knickerbocker_Hotel-New_York_City_New_York.html,4.6,8915.0,#46 of 525 hotels in New York City,47.0,776.0,"6 Times Square SE Corner Of 42nd St. & Broadway, New York City, NY 10036",+1 212-204-4980,40.755608,-73.986275,New York City,$286,$286,348.0,1148.0,Hotel,,Restaurant|Bar/Lounge|Fitness centre|Air conditioning,,是,2026 Travelers' Choice,"Modern hotel in the heart of Times Square with beautifully appointed rooms and exceptional service. Features a stunning rooftop bar with breathtaking views, curated cocktails, and a chic atmosphere. Steps from main attractions, subway access, and a top-rated steakhouse.",,,"The Knickerbocker, a member of Leading Hotels of the World, reopened its doors in February 2015 as the only Five-Star hotel in Times Square, after completing an expansive $250 million renovation by acclaimed interior designers Gabellini Sheppard. The Beaux Arts monument to New York's coming of age is situated at the southeast corner of 42nd Street between Broadway and Bryant Park. The hotel originally opened in 1906 by John Jacob Astor IV and welcomed both glitterati and dignitaries including such notables as Enrico Caruso, John D Rockefeller and F. Scott Fitzgerald. A New York City landmark, The Knickerbocker boasts 330 guest rooms including 31 suites; a signature restaurant and bar, Charlie Palmer Steak IV; St. Cloud-a 7,800-square-foot rooftop bar; a 2,200-square-foot event space for up to 160 guests; a ground level café, Jake's; and a state-of-the art fitness center."
new_york,1,0,3344640,Refinery Hotel,https://dynamic-media-cdn.tripadvisor.com/media/photo-o/2c/21/67/73/atelier.jpg,https://www.tripadvisor.co.uk/Hotel_Review-g60763-d3344640-Reviews-Refinery_Hotel-New_York_City_New_York.html,4.6,6774.0,#69 of 525 hotels in New York City,70.0,776.0,"63 W 38th St, New York City, NY 10018",+1 646-664-0310,40.752193,-73.98538,New York City,$330,$330,319.0,975.0,Hotel,,Restaurant|Bar/Lounge|Fitness centre|Air conditioning,,是,2026 Travelers' Choice,"Stylish NYC hotel with unique industrial decor and a central location near Bryant Park, Times Square, and the Empire State Building. Highlights include a trendy year-round rooftop bar, top-notch dining, a jazz-filled lobby bar, and friendly service. Perfect for business or leisure.",,,"NEW YORK LUXURY HOTEL NEAR BRYANT PARK Refinery Hotel is the imaginative reinterpretation of the Colony Arcade-a former hat factory and Prohibition-era tea room. More than 100 years of Garment District history are on display at our luxury hotel near Bryant Park. With an unprecedented degree of precision, much like the milliners before us who stitched elegant hats, we transformed a factory building into stylish loft rooms with soaring ceilings, the acclaimed Parker & Quinn restaurant, and our fashionable Refinery Rooftop bar."
new_york,4,90,6385164,citizenM New York Times Square,https://dynamic-media-cdn.tripadvisor.com/media/photo-o/32/79/91/49/lobby.jpg,https://www.tripadvisor.co.uk/Hotel_Review-g60763-d6385164-Reviews-CitizenM_New_York_Times_Square-New_York_City_New_York.html,4.6,5745.0,#169 of 525 hotels in New York City,177.0,776.0,"218 West 50th Street, New York City, NY 10019-6702",+1 212-461-3638,40.761566,-73.98496,New York City,$168,$168,199.0,692.0,Hotel,,Bar/Lounge|Fitness centre|Air conditioning|Free Wifi,,是,2026 Travelers' Choice,"Stylish, modern hotel near Times Square with compact, cozy rooms featuring mood lighting and large beds. Rooftop bar with stunning views, self-check-in, and close to Broadway, dining, and shopping.",,,"citizenM New York Times Square is steps from Times Square in Midtown Manhattan, on the corner of Broadway and 50th Street. We're 45 mins from JFK Airport, 30 mins from LaGuardia, and a 5-minute stroll from the Rockefeller Center. Feel at home in New York while hanging out in our living room filled with incredible Vitra furniture, art and books. The kitchen is open 24/7 for meals, snacks and cocktails. Elevate your New York experience in our 21st floor rooftop cloudM bar - the cocktails are as sensational as the views. Move through the hotel touching nothing but your smartphone with our free app - book your visit via the app and enjoy a contactless stay for extra peace of mind. Recover from all Big Apple excitement in your huge wall-to-wall bed, and refresh in the jungle-like power-shower. Use the bedside MoodPad tablet (or the app) to control your entire room ambiance and the entertainment. Stream your own content to the smart TV using our superfast unlimited free Wi-Fi."
new_york,4,90,208452,Conrad New York Downtown,https://dynamic-media-cdn.tripadvisor.com/media/photo-o/30/af/d3/e4/the-16-story-atrium-lobby.jpg,https://www.tripadvisor.co.uk/Hotel_Review-g60763-d208452-Reviews-Conrad_New_York_Downtown-New_York_City_New_York.html,4.6,4891.0,#114 of 525 hotels in New York City,116.0,776.0,"102 North End Avenue, New York City, NY 10282",+1 212-945-0100,40.715042,-74.01584,New York City,$612,$612,569.0,1266.0,Hotel,,Restaurant|Bar/Lounge|Fitness centre|Air conditioning,,是,2026 Travelers' Choice,"Downtown Manhattan hotel near the 9/11 Memorial, Hudson River, and Battery Park. Spacious rooms, rooftop bar with views, and excellent amenities. Close to shops, dining, and transportation. Quiet setting.",,,"Conrad New York Downtown is a 463 all-suite luxury hotel situated alongside the Hudson River. An escape for leisure and business guests alike, the hotel features ATRIO Restaurant and the newly opened Leonessa rooftop aperitivo bar, as well as the largest hotel event space in Downtown Manhattan. Nestled in a residential neighborhood, the hotel is a gateway to Downtown just minutes from the most historic and lively neighborhoods, including Tribeca, Greenwich Village, SoHo and Wall Street. Conrad New York Downtown is also within walking distance to a list of acclaimed attractions such as the World Trade Center and Oculus, Statue of Liberty, Staten Island Ferry, Brookfield Place and more. The hotel is a bold leader in sustainable luxury, offering an impressive series of green initiatives."
new_york,12,330,1456560,Kimpton Hotel Eventi by IHG,https://dynamic-media-cdn.tripadvisor.com/media/photo-o/2c/c5/aa/fe/hotel-exterior.jpg,https://www.tripadvisor.co.uk/Hotel_Review-g60763-d1456560-Reviews-Kimpton_Hotel_Eventi_by_IHG-New_York_City_New_York.html,4.6,4826.0,#22 of 525 hotels in New York City,22.0,776.0,"851 6th Avenue, New York City, NY 10001",+1 212-564-4567,40.74704,-73.99007,New York City,$285,$285,333.0,1015.0,Hotel,,Spa|Restaurant|Bar/Lounge|Fitness centre,Sponsored,否,,"Centrally located in Midtown with stunning floor-to-ceiling views, including the Empire State Building. Modern, spacious rooms with eclectic design and a cool NYC vibe. Vibrant lobby with a cozy bar, daily wine hour, and top-rated service. Ideal for exploring city attractions.",,,"Honoring our artful Chelsea address, Hotel Eventi offers a cutting edge design-centric escape in the heart of Manhattan - which occupies an entire city block. The result? Two restaurants led by an award-winning chef, two buzzing new bars, and one stunning lobby that's more like a warm-yet-vogue living room. If you can tear yourself away, the Empire State Building, Madison Square Garden, High Line Park, and more are nearby. Share what you love to do, and we'll curate a fresh New York experience, just for you."
new_york,4,90,7816364,Executive Hotel Le Soleil,https://dynamic-media-cdn.tripadvisor.com/media/photo-o/2c/8c/c8/9f/caption.jpg,https://www.tripadvisor.co.uk/Hotel_Review-g60763-d7816364-Reviews-Executive_Hotel_Le_Soleil-New_York_City_New_York.html,4.6,4319.0,#26 of 525 hotels in New York City,26.0,776.0,"38 W 36th St, New York City, NY 10018-8078",+1 212-695-0003,40.750294,-73.9855,New York City,$237,$237,242.0,680.0,Hotel,,Bar/Lounge|Fitness centre|Air conditioning|Airport transportation,,是,2026 Travelers' Choice,"Centrally located in Midtown Manhattan, this hotel offers spacious rooms with comfortable beds, walk-in showers, and great views. Steps from Herald Square, Times Square, and dining spots. Family-friendly with baby cots available. Reasonable pricing and excellent service.",,,"Executive Hotel Le Soleil offers guests a luxurious boutique hotel experience in the heart of New York City. Our rooms and suites are designed with your comfort and convenience in mind, and feature premium amenities like Keurig coffee makers and 42"" flat-screen TVs."
new_york,3,60,93335,The Kimberly Hotel,https://dynamic-media-cdn.tripadvisor.com/media/photo-o/32/6d/67/e3/caption.jpg,https://www.tripadvisor.co.uk/Hotel_Review-g60763-d93335-Reviews-The_Kimberly_Hotel-New_York_City_New_York.html,4.6,3624.0,#3 of 525 hotels in New York City,3.0,776.0,"145 East 50th Street, New York City, NY 10022-9502",+1 212-702-1600,40.75632,-73.971405,New York City,$380,$380,331.0,771.0,Hotel,,Restaurant|Bar/Lounge|Fitness centre|Air conditioning,,是,2026 Travelers' Choice,"Elegant Midtown hotel with spacious rooms, balconies, and old-school charm. Features rooftop bar, multiple dining options, gym, and fast elevators. Centrally located near major NYC attractions.",,,"The Kimberly is a traditionally styled, boutique suite hotel located between 3rd & Lexington Avenues. With 40 rooms and 154 suites ranging from 266 to 935 sq ft., we offer personalized service from a warm and caring staff. Most of our suites have balconies, a rarity in NYC and many offer views of the city. Our mattresses are covered with feather beds and decked with Frette linens, which earn comments such as ""I didn't want to get up"" from our guests. Our complimentary on-site fitness center is available 24 hours seven days a week with the use of your room key,"
new_york,2,30,1503474,"Distrikt Hotel New York City, Tapestry Collection by Hilton",https://dynamic-media-cdn.tripadvisor.com/media/photo-o/12/01/41/1b/distrikt-hotel-new-york.jpg,https://www.tripadvisor.co.uk/Hotel_Review-g60763-d1503474-Reviews-Distrikt_Hotel_New_York_City_Tapestry_Collection_by_Hilton-New_York_City_New_York.html,4.5,6704.0,#226 of 525 hotels in New York City,240.0,776.0,"342 West 40th Street, New York City, NY 10018",+1 212-706-6100,40.756687,-73.99284,New York City,$206,$206,205.0,642.0,Hotel,,Restaurant|Bar/Lounge|Fitness centre|Airport transportation,,是,2026 Travelers' Choice,"Centrally located near Times Square and transit options, this hotel features cozy amenities like a coffee station and on-site dining. Guests highlight its proximity to attractions and helpful staff.",,,"Daily Mandatory Destination Charge includes: Premium guest internet access; daily $29 food and beverage credit for use in hotel restaurant and bar; full-service gym access at Mid-City Gym. Stay in the center of New York City at our Midtown Manhattan hotel. We are minutes from Times Square, Hells Kitchen, The Empire State Building, and more. The concierge team is on-hand to plan your itinerary and transport plus Distrikt guests enjoy local discounts. Each of our modern guest rooms feature triple-paned windows that let in the sights but block out the noise. Dine on-site at Collage Bistro and Bar. Our cozy hangout serves it all, from grab n go breakfasts to late-night cocktails. Distrikt Hotel features: -Free WiFi -Restaurant and bar -Fitness center access -Room service -Car service"
new_york,3,60,1218792,Hilton Garden Inn New York/west 35th Street,https://dynamic-media-cdn.tripadvisor.com/media/photo-o/11/72/cf/22/west-35th-street.jpg,https://www.tripadvisor.co.uk/Hotel_Review-g60763-d1218792-Reviews-Hilton_Garden_Inn_New_York_west_35th_Street-New_York_City_New_York.html,4.5,6683.0,#100 of 525 hotels in New York City,101.0,776.0,"63 West 35th Street, New York City, NY 10001",+1 212-594-3310,40.75037,-73.98651,New York City,$188,$188,197.0,708.0,Hotel,,Restaurant|Bar/Lounge|Fitness centre|Air conditioning,,是,2026 Travelers' Choice,"Centrally located Manhattan hotel near Empire State Building, Times Square, and Herald Square. Easy access to subway, Penn Station, shopping, and dining. Some rooms offer iconic city views.",,,"Hilton Garden Inn New York/West 35th Street is a modern Midtown Manhattan hotel ideally located only steps from 34th St/Herald Sq subway station. New York City's best attractions are all close by including the Empire State Building, world-famous Macy's at Herald Square, Times Square, Madison Square Garden and Fifth Avenue shopping. Business and leisure guests alike enjoy a prime location on 35th Street, between Fifth and Sixth Avenues, close to Penn Station, the Port Authority Bus Terminal, Grand Central Station, all major public transportation including the subway.

The hotel offers 298 guest rooms with modern amenities including 49-inch flat-screen TVs, Keurig coffeemakers and prime views of the Empire State Building. Business amenities include a large work desk with ergonomic chair and desk. Onsite amenities include the Shop+, a grab and go breakfast open daily. A vibrant lobby bar with outdoor seating is open seasonally."
new_york,33,960,675616,The Plaza New York - A Fairmont Managed Hotel,https://dynamic-media-cdn.tripadvisor.com/media/photo-o/08/02/03/76/the-plaza-hotel.jpg,https://www.tripadvisor.co.uk/Hotel_Review-g60763-d675616-Reviews-The_Plaza_New_York_A_Fairmont_Managed_Hotel-New_York_City_New_York.html,4.5,5666.0,#12 of 525 hotels in New York City,12.0,776.0,"5th Avenue At Central Park South, New York City, NY 10019",+1 212-759-3000,40.764645,-73.97432,New York City,,,1066.0,2292.0,Hotel,,Spa|Restaurant|Bar/Lounge|Fitness centre,,否,,"Iconic luxury hotel near Central Park with elegant rooms, exclusive suites, and historic charm. Renowned for its unforgettable dining, including refined high tea at the Palm Court. Classic NYC ambiance with exceptional amenities, perfect for special occasions or a timeless city experience.",,,
new_york,14,390,5040757,"Homewood Suites By Hilton New York/Midtown Manhattan Times Square-South, NY",https://dynamic-media-cdn.tripadvisor.com/media/photo-o/06/82/d4/f7/homewood-suites-by-hilton.jpg,https://www.tripadvisor.co.uk/Hotel_Review-g60763-d5040757-Reviews-Homewood_Suites_By_Hilton_New_York_Midtown_Manhattan_Times_Square_South_NY-New_York_Cit.html,4.5,5625.0,#33 of 525 hotels in New York City,34.0,776.0,"312 West 37th Street, New York City, NY 10018",+1 212-244-0644,40.754353,-73.99312,New York City,,,223.0,763.0,Hotel,,Fitness centre|Air conditioning|Pets Allowed|Family Friendly,Breakfast included,否,,"Centrally located hotel in Midtown Manhattan, steps from Times Square, Penn Station, and major attractions. Offers clean, comfortable rooms with mini kitchenettes and full-size fridges. Complimentary breakfast with the option to dine in-room. Ideal for families, work, or leisure trips.",,,"Whether you're here on business or vacation, you'll find all the comforts of home in a great location at the Homewood Suites by Hilton New York/Midtown Manhattan Times Square-South, NY, hotel. Our all-suite Manhattan hotel is just one block from Times Square and offers easy access to art venues, theaters, premier shopping, world class dining options and iconic NYC attractions: including Radio City Music Hall, Broadway, The Museum of Modern Art (MOMA) and Central Park. Feel at home in a spacious studio, one or two-bedroom suite at this extended-stay NYC hotel, loaded with carefully considered amenities. Stay in touch with the office and family with complimentary WiFi, watch a show on your HDTVs and prepare meals in the fully equipped kitchen. Buy snacks and travel essentials in the 24-hour Suite Shop, take advantage of our convenient grocery shopping service, complimentary WiFi and on-site laundry."
new_york,1,0,93338,Hotel Beacon,https://dynamic-media-cdn.tripadvisor.com/media/photo-o/0c/99/02/36/two-bedroom-suite.jpg,https://www.tripadvisor.co.uk/Hotel_Review-g60763-d93338-Reviews-Hotel_Beacon-New_York_City_New_York.html,4.5,5519.0,#153 of 525 hotels in New York City,160.0,776.0,"2130 Broadway, New York City, NY 10023-1724",+1 212-787-1100,40.780697,-73.98102,New York City,$352,$352,313.0,807.0,Hotel,,Restaurant|Bar/Lounge|Fitness centre|Air conditioning,,是,2026 Travelers' Choice,"Upper West Side hotel near Central Park, subway lines, and museums. Features kitchenettes, friendly staff, and a quiet neighborhood. Conveniently located near a supermarket, restaurants, and cafes.",,,"Welcome to Hotel Beacon NYC—your sanctuary of comfort in the heart of New York City. Nestled on the historic Upper West Side, amid charming tree-lined streets and iconic landmarks, our hotel offers a peaceful retreat from the city's vibrant energy. With elegantly designed, spacious guestrooms and suites, we provide a warm and welcoming stay. Enjoy breathtaking views of Central Park, the Hudson River, and Midtown Manhattan, making the Beacon the ideal starting point for your New York adventures. And after a day of exploration, return to the perfect place to unwind and feel at home."
new_york,2,30,93525,Sanctuary Hotel New York,https://dynamic-media-cdn.tripadvisor.com/media/photo-o/32/7e/77/f9/deluxe-king-sanctuary.jpg,https://www.tripadvisor.co.uk/Hotel_Review-g60763-d93525-Reviews-Sanctuary_Hotel_New_York-New_York_City_New_York.html,4.5,5233.0,#179 of 525 hotels in New York City,188.0,776.0,"132 West 47TH Street, New York City, NY 10036",+1 212-234-7000,40.758408,-73.98331,New York City,$131,$131,188.0,612.0,Hotel,,Restaurant|Bar/Lounge|Fitness centre|Air conditioning,Breakfast included,是,2026 Travelers' Choice,"Stylish hotel in central Manhattan near Times Square, ideal for short stays. Features small rooms, rooftop bar with city views, two restaurants, and continental breakfast included. Perfect for sightseeing.",,,"Sanctuary Hotel New York brings an authentic Manhattan lifestyle boutique hotel experience and European inspired hospitality to New York City. ""Winner of the International Hotel of the Year 2011 at the European Hospitality Awards"", the Sanctuary Hotel New York is located in the heart of the theatre district and Times Square at 47th St. between Sixth Avenue and Seventh Avenue. Our discrete luxury lifestyle hotel offers personalized service and stylish accommodations with 111 well-appointed rooms, richly decorated with a warm palette that include deep orange, chocolate brown and cognac. Over-sized leather headboards compliment the luxurious sheets, duvets and terry while crystal chandeliers add glamour and an overall ambiance that is both inviting and warm."
new_york,1,0,99332,Ameritania at Times Square Hotel,https://dynamic-media-cdn.tripadvisor.com/media/photo-o/31/d6/15/eb/entrance-to-the-ameritania.jpg,https://www.tripadvisor.co.uk/Hotel_Review-g60763-d99332-Reviews-Ameritania_at_Times_Square_Hotel-New_York_City_New_York.html,4.4,8513.0,#52 of 525 hotels in New York City,53.0,776.0,"230 W 54th Street, New York City, NY 10019-5594",+1 212-247-5000,40.763954,-73.98277,New York City,$169,$169,174.0,613.0,Hotel,,Bar/Lounge|Fitness centre|Air conditioning|Pets Allowed,,是,2026 Travelers' Choice,"Centrally located near Times Square, Central Park, and theaters, this hotel is perfect for exploring NYC. Steps from subways, dining, and entertainment, with a quiet neighborhood feel. Friendly staff and excellent local recommendations make it ideal for first-time and seasoned travelers.",,,"Discover the Ameritania Hotel, where fun and modern design meets the most vibrant NYC neighborhood. This historic Beaux-Arts hotel, nestled on West 54th Street at Broadway, offers a one-of-a-kind experience. Located steps from iconic attractions like Central Park, Times Square, Radio City Music Hall, Rockefeller Center, and Carnegie Hall, we're also neighbors with the Ed Sullivan Theatre, home to Stephen Colbert's Late Night Show on CBS. Our lively lobby is home to Bar Ameritania, where you can enjoy drinks and light fare fireside. Experience affordable style with exclusive offers on our official website. Our pet-friendly hotel rooms feature spacious beds, plush bedding & cotton linens, in-room safes, mini-fridges, premium WiFi, AC/Heating controls, Rain Showerheads, C.O. Bigelow Bath Amenities, Iron & Ironing boards, Hair Dryers, blackout curtains, and more. Plus, our 24-hour fitness center is at your service. Explore NYC your way at the Ameritania Hotel!"
new_york,4,90,8515751,Hotel Riu Plaza New York Times Square,https://dynamic-media-cdn.tripadvisor.com/media/photo-o/1b/74/7c/2b/hotel-riu-plaza-new-york.jpg,https://www.tripadvisor.co.uk/Hotel_Review-g60763-d8515751-Reviews-Hotel_Riu_Plaza_New_York_Times_Square-New_York_City_New_York.html,4.4,8347.0,#121 of 525 hotels in New York City,123.0,776.0,"305 W 46th St, New York City, NY 10036-3810",+1 646-864-1100,40.760185,-73.988174,New York City,$307,$307,279.0,756.0,Hotel,,Restaurant|Bar/Lounge|Fitness centre|Air conditioning,Breakfast included,是,2026 Travelers' Choice,"Centrally located hotel near Times Square, ideal for exploring NYC. Spacious, clean rooms perfect for families. Highly praised breakfast buffet with diverse options. Cozy family rooms accommodate 4-5 guests. Convenient access to shops, restaurants, and attractions.",,,
new_york,4,90,208454,Sofitel New York,https://dynamic-media-cdn.tripadvisor.com/media/photo-o/31/0d/be/62/lobby-seating-area.jpg,https://www.tripadvisor.co.uk/Hotel_Review-g60763-d208454-Reviews-Sofitel_New_York-New_York_City_New_York.html,4.4,8248.0,#147 of 525 hotels in New York City,152.0,776.0,"45 W 44th St, New York City, NY 10036",+1 212-354-8844,40.7557,-73.98184,New York City,$348,$348,324.0,1060.0,Hotel,,Restaurant|Bar/Lounge|Fitness centre|Air conditioning,,是,2026 Travelers' Choice,"Elegant hotel with French-inspired design and prime location near Times Square and landmarks. Features excellent dining, family-friendly amenities, responsive service, and stunning city views.",,,
new_york,4,90,4799063,Hyatt Centric Times Square New York,https://dynamic-media-cdn.tripadvisor.com/media/photo-o/11/01/9d/3c/exterior-photo.jpg,https://www.tripadvisor.co.uk/Hotel_Review-g60763-d4799063-Reviews-Hyatt_Centric_Times_Square_New_York-New_York_City_New_York.html,4.4,7488.0,#155 of 525 hotels in New York City,162.0,776.0,"135 West 45th Street, New York City, NY 10036-4004",+1 646-364-1234,40.757473,-73.98409,New York City,,,268.0,803.0,Hotel,,Bar/Lounge|Fitness centre|Air conditioning|Free Wifi,Breakfast included,是,2026 Travelers' Choice,"Upscale hotel in the heart of Times Square with spacious rooms, floor-to-ceiling windows, and breathtaking city views. Highlights include a rooftop bar with stunning scenery, central location near theaters and attractions, and easy access to subway links. Perfect for special occasions.",,,"Live the ultimate New York lifestyle at the sophisticated Hyatt Centric Times Square New York. You’ll feel like a privileged Manhattanite from the moment you walk into your city pied-a-terre, just steps from the business district and famous attractions such as Broadway theaters, Radio City Music Hall, Rockefeller Center and the New York Public Library. Rest assured that yours will be no typical Manhattan hotel room either. Your chic apartment-style retreat, relaxing while reflecting the thrill of city life, will greet you with magnificent floor-to-ceiling windows and eye-catching original, city-themed art, including a colorful and comfy custom-designed pop-art lounge chair. Stay comfortably, confidently and most of all - stay Centric."
new_york,3,60,126260,Lotte New York Palace,https://dynamic-media-cdn.tripadvisor.com/media/photo-o/0c/5b/a9/5b/lotte-new-york-palace.jpg,https://www.tripadvisor.co.uk/Hotel_Review-g60763-d126260-Reviews-Lotte_New_York_Palace-New_York_City_New_York.html,4.4,7388.0,#239 of 525 hotels in New York City,254.0,776.0,"455 Madison Avenue, New York City, NY 10022",+1 877-608-2486,40.75803,-73.974976,New York City,$445,$445,417.0,1366.0,Hotel,,Spa|Restaurant|Bar/Lounge|Fitness centre,,是,2026 Travelers' Choice,"Upscale historic hotel in Midtown NYC with stunning views of St. Patrick’s Cathedral. Renowned for its elegant architecture, central location, and rich history. Highlights include the Gold Room bar, Gossip Girl-themed experiences, and exceptional service. Perfect for a memorable stay.",,,"The Lotte New York Palace is the first five-star hotel in NYC's history offering ultra-luxurious amenities, distinctive events spaces, and opulent suites."
new_york,11,300,1218720,"The Standard, High Line",https://dynamic-media-cdn.tripadvisor.com/media/photo-o/2c/20/b7/7c/stnd-hlexterior-highline.jpg,https://www.tripadvisor.co.uk/Hotel_Review-g60763-d1218720-Reviews-The_Standard_High_Line-New_York_City_New_York.html,4.4,6947.0,#118 of 525 hotels in New York City,120.0,776.0,"848 Washington Street, New York City, NY 10014-1308",+1 212-645-4646,40.740814,-74.007866,New York City,,,364.0,1042.0,Hotel,,Restaurant|Bar/Lounge|Fitness centre|Air conditioning,,否,,"Design-forward hotel with stunning floor-to-ceiling views of the Hudson and city skyline. Features include a glassed-in shower, teacup tub, and a 1950s modern vibe. Located near the High Line and Whitney Museum, with vibrant dining options and a standout on-site restaurant.",,,"Rising above a former elevated train line that has become downtown’s favorite public park, The Standard, High Line is located in New York City’s Meatpacking District. Every one of the 338 hotel rooms features a full wall of floor-to-ceiling windows with sweeping views of Manhattan and/or the mighty Hudson River. The hotel’s inviting and scintillating spaces include a bustling German beer garden at ground level, the rooftop discothèque Le Bain, the glittering BOOM, and an outdoor public plaza with rotating art installations and activations. A neighborhood staple, The Standard Grill is classic New York—blending traditional steakhouse with New American cuisine."
new_york,15,420,208453,Hilton New York Times Square,https://dynamic-media-cdn.tripadvisor.com/media/photo-o/34/37/ad/f9/exterior.jpg,https://www.tripadvisor.co.uk/Hotel_Review-g60763-d208453-Reviews-Hilton_New_York_Times_Square-New_York_City_New_York.html,4.3,9001.0,#282 of 525 hotels in New York City,297.0,776.0,"234 West 42nd Street, New York City, NY 10036",+1 212-913-9488,40.75665,-73.988815,New York City,,,226.0,755.0,Hotel,,Restaurant|Bar/Lounge|Fitness centre|Air conditioning,,否,,"Modern hotel with large rooms and stunning views near Times Square and Broadway. Prime location for NYC attractions, dining, and entertainment. Lounge and bar area noted as highlights.",,,"Wake Up to the Best Views in Times Square Check in and ascend up into the New York City skyline at our Times Square hotel. Perched above the energy and heart of the city, your stay in the clouds begins on the 15th floor, where guests are welcomed into the fully transformed Sky Lobby, featuring a striking design inspired by the glamor of New York's Gilded Age. Guest rooms rank as some of the largest in the city, offering impressive footprints, full-sized work stations, and unbelievable views of the Empire State Building, Hudson River, and Times Square. All guest rooms start on the 22nd floor and above and offer unobstructed views of Manhattan. Whimsical cocktails and NYC-inspired small plates are complemented by the glimmering city that surrounds the all-new Times Square bar and lounge, 42nd And Sky."
new_york,15,420,23947235,Delta Hotels New York Times Square,https://dynamic-media-cdn.tripadvisor.com/media/photo-o/2a/4f/36/fe/delta-hotels-by-marriott.jpg,https://www.tripadvisor.co.uk/Hotel_Review-g60763-d23947235-Reviews-Delta_Hotels_New_York_Times_Square-New_York_City_New_York.html,4.3,6694.0,#308 of 525 hotels in New York City,325.0,776.0,"340 West 40th Street, New York City, NY 10018",+1 212-757-9000,40.75672,-73.992744,New York City,,,194.0,766.0,Hotel,,Bar/Lounge|Fitness centre|Air conditioning|Pets Allowed,,否,,"Conveniently located near Times Square, Penn Station, and major attractions. Features spacious rooms, a well-stocked pantry, bar, and valet parking. Ideal for short stays and Bonvoy members.",,,"Rest easy at Delta Hotels by Marriott New York Times Square. Our hotel is located in New York, New York, and places you conveniently in Times Square, just steps away from Madison Square Garden and Central Park. After a day of exploring the city, unwind in our spacious guest rooms and enjoy on-site dining at NEROLAB."
new_york,5,120,93543,The Shelburne Sonesta New York,https://dynamic-media-cdn.tripadvisor.com/media/photo-o/07/3d/bd/d9/shelburne-nyc-an-affinia.jpg,https://www.tripadvisor.co.uk/Hotel_Review-g60763-d93543-Reviews-The_Shelburne_Sonesta_New_York-New_York_City_New_York.html,4.3,6024.0,#215 of 525 hotels in New York City,227.0,776.0,"303 Lexington Avenue 37th Street, New York City, NY 10016",+1 212-689-5200,40.748455,-73.97804,New York City,,,228.0,624.0,Hotel,,Restaurant|Bar/Lounge|Fitness centre|Air conditioning,,是,2026 Travelers' Choice,"Spacious suites with kitchenettes and comfortable beds. Rooftop bar with stunning Empire State views. Prime location near Grand Central, subway stations, and top NYC attractions.",,,
new_york,2,30,3235844,Pod 39 Hotel,https://dynamic-media-cdn.tripadvisor.com/media/photo-o/13/ad/86/0b/pod-39-hotel.jpg,https://www.tripadvisor.co.uk/Hotel_Review-g60763-d3235844-Reviews-Pod_39_Hotel-New_York_City_New_York.html,4.3,5828.0,#75 of 525 hotels in New York City,76.0,776.0,"145 E 39th Street Between 3rd Ave & Lexington Ave, New York City, NY 10016-0913",+1 212-865-5700,40.749317,-73.9766,New York City,$162,$162,162.0,494.0,Hotel,,Restaurant|Bar/Lounge|Air conditioning|Airport transportation,,是,2026 Travelers' Choice,"Centrally located near Grand Central Station, this hotel offers clean, efficient rooms and great value. Features include a rooftop bar with stunning views, a restaurant, and entertainment options. Compact rooms maximize space, while the vibrant common areas and prime location make it ideal for exploring NYC.",,,"​The hunt for a fun yet budget-friendly place to drop your bags in NYC is finally over. Centrally located, socially connected, and uber tech-savvy, Pod 39 Hotel offers up a friendly travel experience at the epicenter of Murray Hill in Midtown East. ​ ​Step past the landmark Northern Italian Renaissance façade to find the first of many surprises: our bright, buzzing lobby that’s all about connectivity – be it to the city, our staff, or your fellow urban nomads. A few steps farther and you’re in the Playroom Lounge, with guests huddled over board games, sipping cocktails by the fireplace, or catching up at work."
new_york,18,510,1158753,Ink 48 Hotel,https://dynamic-media-cdn.tripadvisor.com/media/photo-o/33/0a/bb/bf/hotel-aerial.jpg,https://www.tripadvisor.co.uk/Hotel_Review-g60763-d1158753-Reviews-Ink_48_Hotel-New_York_City_New_York.html,4.3,4181.0,#332 of 525 hotels in New York City,352.0,776.0,"653 Eleventh Avenue, New York City, NY 10036-2004",+1 212-757-0088,40.764576,-73.99595,New York City,,,214.0,643.0,Hotel,,Restaurant|Bar/Lounge|Fitness centre|Air conditioning,,否,,"Modern hotel in Hell's Kitchen near Times Square and Central Park. Features spacious rooms, Hudson River views, a rooftop bar, and proximity to dining and attractions like Restaurant Row.",,,"Named no. 6 best NYC hotel in the Condé Nast Traveler Readers' Choice Awards, Ink 48 Hotel is proud to have won the award three times in a row. Located in the creative center of New York City, Hell's Kitchen, near Times Square, Ink 48 Hotel comes to life in the city's preeminent theatrical printing press from the 1930s. Transformed with modern interiors, the historic hotel's 222 guestrooms and suites have views of the Manhattan skyline and the Hudson River."
new_york,2,30,12551350,Pod Times Square,https://dynamic-media-cdn.tripadvisor.com/media/photo-o/30/2a/51/48/pod-queen.jpg,https://www.tripadvisor.co.uk/Hotel_Review-g60763-d12551350-Reviews-Pod_Times_Square-New_York_City_New_York.html,4.3,3608.0,#128 of 525 hotels in New York City,132.0,776.0,"400 W 42nd St, New York City, NY 10036",+1 844-763-7666,40.758465,-73.9931,New York City,$128,$128,153.0,498.0,Hotel,,Restaurant|Bar/Lounge|Air conditioning|Airport transportation,,是,2026 Travelers' Choice,"Centrally located near Times Square and transportation hubs, this budget-friendly hotel offers clean, modern rooms with cozy bunk bed options and great views. Ideal for short stays, it features helpful staff, convenient lounge areas, and easy access to NYC attractions and landmarks.",,,"Pod Times Square is the newest member of the Pod Hotel family. Set in the crossroads of the world, we're also just blocks to tranquil Hudson River Park, the Intrepid, and Circle Line Cruises. Close to all of the action, but just far enough away — and above — the hustle and bustle so you can sleep tight and stay happy! At just one block to the 42nd Street – Port Authority subway and bus station, you’ll have quick and easy access to every neighborhood in New York City and beyond."
new_york,1,0,1646128,InterContinental New York Times Square by IHG,https://dynamic-media-cdn.tripadvisor.com/media/photo-o/30/35/4b/df/uptown-view-of-manhattan.jpg,https://www.tripadvisor.co.uk/Hotel_Review-g60763-d1646128-Reviews-InterContinental_New_York_Times_Square_by_IHG-New_York_City_New_York.html,4.2,9236.0,#158 of 525 hotels in New York City,166.0,776.0,"300 West 44th Street, New York City, NY 10036",+1 212-803-4500,40.758602,-73.98922,New York City,$327,$327,318.0,801.0,Hotel,,Restaurant|Bar/Lounge|Fitness centre|Air conditioning,Sponsored,是,2026 Travelers' Choice,"Centrally located near Times Square and subway lines, offering spacious rooms with stunning views and cozy ambiance. Features a popular bar with a great drink selection and an on-site restaurant. Ideal for exploring NYC’s attractions and dining options. Warm, attentive staff.",,,"Rising 36 stories above the pulse and pageantry of Times Square, InterContinental New York Times Square is a hub of tranquility nestled in Midtown Manhattan's Theatre District. Sip a signature cocktail in The Stinger Cocktail Bar and Kitchen. Find ease in chic accommodations, including sleek and spacious guest rooms and Junior Suites."
new_york,3,60,99288,Arthouse Hotel New York City,https://dynamic-media-cdn.tripadvisor.com/media/photo-o/2d/ee/95/73/penthouse-bedroom.jpg,https://www.tripadvisor.co.uk/Hotel_Review-g60763-d99288-Reviews-Arthouse_Hotel_New_York_City-New_York_City_New_York.html,4.2,8159.0,#237 of 525 hotels in New York City,252.0,776.0,"2178 Broadway at West 77th Street, New York City, NY 10024-6647",+1 212-362-1100,40.782177,-73.98034,New York City,$224,$224,222.0,681.0,Hotel,,Restaurant|Bar/Lounge|Fitness centre|Air conditioning,,是,2026 Travelers' Choice,"Boutique hotel on the Upper West Side near Central Park, museums, and dining. Easy access to subway. Lively ambiance, on-site restaurants, bars, and nearby eateries like Red Farm and Serafina.",,,"Arthouse Hotel New York City is inspired by the creativity, community, and artistic culture of the Upper West Side. Guests will appreciate the location’s convenient proximity to Manhattan’s business and leisure destinations, access to the residential amenities of one of New York’s best neighborhoods, and three highly fashionable bar and restaurant venues located within the hotel. Luxury guest rooms and suites feature all new custom furnishings; cutting-edge design in a warm palette of grays and blues paired with pops of vibrant color from accents such as hanging lamps and metal doors on storage cabinets and nightstands; and original artwork from local artists. Rooms also feature high-speed Internet and our signature bed—the most comfortable in the industry. A number of rooms offer balconies and stunning views of the New York City skyline, Central Park and the Hudson River."
new_york,1,0,93390,Hotel Belleclaire,https://dynamic-media-cdn.tripadvisor.com/media/photo-o/28/5a/fe/49/hotel-belleclaire.jpg,https://www.tripadvisor.co.uk/Hotel_Review-g60763-d93390-Reviews-Hotel_Belleclaire-New_York_City_New_York.html,4.2,6189.0,#18 of 525 hotels in New York City,18.0,776.0,"2175 Broadway, New York City, NY 10024",+1 212-362-7700,40.782486,-73.98117,New York City,$287,$287,246.0,735.0,Hotel,,Fitness centre|Air conditioning|Airport transportation|Free Wifi,,是,2026 Travelers' Choice,"Boutique hotel on NYC’s Upper West Side with historic charm and sophisticated vibe. Prime location near Central Park and museums, with easy access to restaurants and subway. Features include a connected French bakery with delicious pastries and great value with off-season deals.",,,"Surrounded by an eclectic array of cultural offerings, Hotel Belleclaire combines classic charm with modern conveniences in a landmark building designed by Emery Roth in 1903. With newly renovated rooms & suites, Allure cocktail lounge, and Mille-Feuille French bakery & café, the Upper West Side hotel is suitable for business and leisure guests alike with an ideal location near iconic New York attractions including Beacon Theatre, The American Museum of Natural History, Central Park, and Lincoln Center."
new_york,11,300,2173604,"Dream Downtown, by Hyatt",https://dynamic-media-cdn.tripadvisor.com/media/photo-o/07/6f/7d/da/dream-downtown.jpg,https://www.tripadvisor.co.uk/Hotel_Review-g60763-d2173604-Reviews-Dream_Downtown_by_Hyatt-New_York_City_New_York.html,4.2,5455.0,#260 of 525 hotels in New York City,275.0,776.0,"355 West 16 Street, New York City, NY 10011",+1 212-229-2559,40.742332,-74.00348,New York City,,,301.0,812.0,Hotel,,Pool|Restaurant|Bar/Lounge|Fitness centre,,否,,"Trendy hotel in NYC's Meatpacking District with quirky, modern design and unique features like the rooftop club and ""electric room."" Prime location near Chelsea Market, dining, shopping, and landmarks. Vibrant atmosphere, friendly staff, and standout entertainment options.",,,"Located between New York City's Meatpacking District and Chelsea neighborhood, Dream Downtown is a lifestyle hotel with an emphasis on service and after-dark possibilities. Extraordinary in design and unique in character, the hotel offers everything today's urban traveler seeks, including 315 loft-style guest rooms and suites, luxurious amenities and unique entertainment spaces."
new_york,4,90,93462,Intercontinental New York Barclay By IHG,https://dynamic-media-cdn.tripadvisor.com/media/photo-o/32/68/2e/d1/rooftop-at-intercontinental.jpg,https://www.tripadvisor.co.uk/Hotel_Review-g60763-d93462-Reviews-Intercontinental_New_York_Barclay_By_IHG-New_York_City_New_York.html,4.2,3644.0,#255 of 525 hotels in New York City,270.0,776.0,"111 East 48th St, New York City, NY 10017",+1 212-755-5900,40.75566,-73.973526,New York City,"$1,046","$1,046",310.0,1144.0,Hotel,,Restaurant|Bar/Lounge|Fitness centre|Air conditioning,,是,2026 Travelers' Choice,"Elegant historical hotel in Midtown Manhattan, blending classic charm with modern luxury. Centrally located near Grand Central Station, with renovated rooms, a fabulous bar, and a praised Club Lounge. Walking distance to top attractions, restaurants, and subway stations.",,,"Since 1926, InterContinental New York Barclay has welcomed the world's most discerning guests. Immaculately refurbished throughout the years, our luxury Midtown Manhattan hotel eloquently recalls the grandeur of the Jazz Era and old New York while fusing modern-day conveniences and amenities. Conveniently located near Grand Central Station, our Manhattan event venue plays host to every occasion - whether you're hosting a personal event, business meeting or enjoying a New York getaway."
new_york,6,150,2554351,Hyatt Place New York/Midtown-South,https://dynamic-media-cdn.tripadvisor.com/media/photo-o/2e/6b/02/72/exterior.jpg,https://www.tripadvisor.co.uk/Hotel_Review-g60763-d2554351-Reviews-Hyatt_Place_New_York_Midtown_South-New_York_City_New_York.html,4.2,3441.0,#188 of 525 hotels in New York City,197.0,776.0,"52 W 36th St, New York City, NY 10018",+1 212-239-9100,40.75043,-73.98583,New York City,,,199.0,741.0,Hotel,,Restaurant|Bar/Lounge|Fitness centre|Air conditioning,Breakfast included,是,2026 Travelers' Choice,"Centrally located hotel near Times Square and Herald Square with easy access to public transit, dining, and attractions. Features free breakfast, city views, clean rooms, and a terrace overlooking landmarks.",,,"Whatever brings you to the greatest city in the world, Hyatt Place New York/Midtown South is the place for you. Our Midtown Manhattan hotel offers a comfortable hotel near the Empire State Building and just a short walk or cab ride from the best the Big Apple has to offer. We have everything you need to relax and recharge from a long day experiencing the sights and sounds of Herald Square. Each room features a plush bed, free Wi-Fi internet, a Cozy Corner with sofa or sofa-sleeper, a modern bathroom with complimentary amenities and a 42"" HDTV, ensuring the ultimate in comfort during your stay in NYC."
new_york,16,450,2079052,YOTEL New York Times Square,https://dynamic-media-cdn.tripadvisor.com/media/photo-o/04/4a/6a/57/yotel-new-york-at-times.jpg,https://www.tripadvisor.co.uk/Hotel_Review-g60763-d2079052-Reviews-YOTEL_New_York_Times_Square-New_York_City_New_York.html,4.1,15414.0,#435 of 525 hotels in New York City,501.0,776.0,"570 Tenth Avenue West 42nd Street, New York City, NY 10036",+1 646-449-7700,40.75916,-73.99546,New York City,,,167.0,502.0,Hotel,,Restaurant|Bar/Lounge|Fitness centre|Air conditioning,,否,,"Modern hotel near Times Square with compact, functional rooms and tech-forward features like robotic luggage storage. Offers outdoor lounge with city views, cafe, and easy access to metro and attractions.",,,"""Moments from the Times Square action and immersed in Manhattan charm, YOTEL New York - the chain's first city property - kickstarted a new era of city break living that has since spread across the globe. Inspired by first class air travel, YOTEL combines clever design with cutting-edge technology to ensure each room is complete with everything you need and nothing you don't. This means after a night's sleep, there's more gas in your tank and more money in your pocket. What's more, the self-service stations along with state-of-the-art robots allow for an effortless, contactless and seamless stay from start to finish. Ready to experience the future of city breaks? Book noww."""
new_york,2,30,93507,New York Marriott Marquis,https://dynamic-media-cdn.tripadvisor.com/media/photo-o/2e/f7/c1/e1/exterior.jpg,https://www.tripadvisor.co.uk/Hotel_Review-g60763-d93507-Reviews-New_York_Marriott_Marquis-New_York_City_New_York.html,4.1,13912.0,#278 of 525 hotels in New York City,293.0,776.0,"1535 Broadway, New York City, NY 10036",+1 212-398-1900,40.758854,-73.98587,New York City,$347,$347,345.0,1098.0,Hotel,,Restaurant|Bar/Lounge|Fitness centre|Air conditioning,,是,2026 Travelers' Choice,"Modern Times Square hotel with spacious rooms, stunning views, and vibrant atmosphere. Prime location near Broadway with multiple dining options, a revolving restaurant, gym, and outdoor area.",,,"Step into the magic of NYC at New York Marriott Marquis, an iconic hotel nestled in Manhattan’s Times Square. The View, NYC’s only revolving rooftop restaurant, bar, and lounge, has reopened with a fresh new look, offering an elevated dining experience high above Times Square. Our New York City hotel in Midtown is surrounded by Broadway’s bright lights and world-class attractions. Indulge in bold New York flavors at our newly reimagined restaurants, unwind in spacious accommodations with modern amenities, and take in stunning views of Times Square and the Manhattan skyline. Planning an event? Our sophisticated venues span over 100,000 square feet and feature cutting-edge technology for seamless gatherings. Whether you're hosting a corporate event, holiday party, or special occasion, we’ll help bring your vision to life. Experience the perfect blend of style, comfort, and convenience at New York Marriott Marquis—your gateway to the best of Times Square."
new_york,17,480,93569,Belvedere Hotel,https://dynamic-media-cdn.tripadvisor.com/media/photo-o/12/57/7d/37/hotel-lobby.jpg,https://www.tripadvisor.co.uk/Hotel_Review-g60763-d93569-Reviews-Belvedere_Hotel-New_York_City_New_York.html,4.1,6665.0,#348 of 525 hotels in New York City,369.0,776.0,"319 W 48th St, New York City, NY 10036",+1 212-245-7000,40.761585,-73.988106,New York City,,,181.0,577.0,Hotel,,Restaurant|Bar/Lounge|Fitness centre|Air conditioning,,否,,"Centrally located in Midtown near Times Square, theaters, and subways. Features include a kitchenette in many rooms, an on-site restaurant with a bar, and proximity to great dining and attractions.",,,
new_york,3,60,93593,The Westin New York Grand Central,https://dynamic-media-cdn.tripadvisor.com/media/photo-o/2e/38/66/a8/the-westin-new-york-grand.jpg,https://www.tripadvisor.co.uk/Hotel_Review-g60763-d93593-Reviews-The_Westin_New_York_Grand_Central-New_York_City_New_York.html,4.1,6254.0,#148 of 525 hotels in New York City,154.0,776.0,"212 East 42nd Street, New York City, NY 10017",+1 212-490-8900,40.75051,-73.97397,New York City,$338,$338,295.0,1350.0,Hotel,,Restaurant|Bar/Lounge|Fitness centre|Air conditioning,,是,2026 Travelers' Choice,"Centrally located in Midtown East near Grand Central, this hotel offers spacious rooms with stunning views and easy access to landmarks, dining, and shopping. Guests praise the lively lobby bar, excellent accommodations, and convenient location, making it ideal for exploring NYC.",,,"Find what drives you at The Westin New York Grand Central, an inspiring hotel in Manhattan, NYC. Located in Midtown Manhattan East, the hotel offers travelers access to Grand Central Terminal's transit lines, shops, and restaurants. Nearby Manhattan landmarks include Bryant Park, MoMA, the Empire State Building, and Rockefeller Center. Guests can unwind in beautifully appointed guest rooms and suites featuring the signature Westin Heavenly Bed, rejuvenating Heavenly Bath, and state-of-the-art technology. Dining options include Amuse Marketplace and Bar, open for all-day dining near Grand Central Station, alongside wellness facilities at the WestinWORKOUT Fitness Studio. For weddings, corporate meetings, or special events in New York City, the hotel provides 15,000 square feet of flexible indoor and outdoor venue space enhanced by professional planning services."
new_york,12,330,641209,Hilton Garden Inn New York/Manhattan-Chelsea,https://dynamic-media-cdn.tripadvisor.com/media/photo-s/02/80/c6/36/highrise-new-york-city.jpg,https://www.tripadvisor.co.uk/Hotel_Review-g60763-d641209-Reviews-Hilton_Garden_Inn_New_York_Manhattan_Chelsea-New_York_City_New_York.html,4.1,2718.0,#283 of 525 hotels in New York City,299.0,776.0,"121 West 28th Street, New York City, NY 10001-6102",+1 212-564-2181,40.746685,-73.99137,New York City,,,224.0,722.0,Hotel,,Restaurant|Fitness centre|Air conditioning|Pets Allowed,,否,,"Conveniently located near Penn Station, Broadway, and Madison Square Garden with easy access to subways and attractions. Spacious rooms with two queen beds, friendly staff, and nearby dining options.",,,"The Hilton Garden Inn New York/Manhattan-Chelsea hotel is perfectly located in New York's Flower and very chic Chelsea district, just south of Times Square. Convenient to Penn Station, Grand Central Station, all subway lines and the 3 area airports La Guardia, Newark and JFK international.

As our guest, you will be central to all the sights and sounds of New York City's night life, award-winning restaurants, museums, Chelsea Pier, Greenwich Village, SoHo, Tribeca, the Garment Center and the famous Broadway.

This hotel features 169 new guest rooms and is an easy walk to many businesses and area attractions including: Madison Square Garden, Empire State Building, Times Square, Macy's, 34th Street Shopping District and Wholesale Merchandise Mart, Jacob Javits Convention Center, Fashion Institute of Technology, Flat Iron Building."
new_york,1,0,99321,The Manhattan Club,https://dynamic-media-cdn.tripadvisor.com/media/photo-o/34/1f/3a/16/man-themanhattanclub.jpg,https://www.tripadvisor.co.uk/Hotel_Review-g60763-d99321-Reviews-The_Manhattan_Club-New_York_City_New_York.html,4.1,2334.0,#264 of 525 hotels in New York City,279.0,776.0,"200 West 56th Street, New York City, NY 10019",+1 212-707-5000,40.764957,-73.98118,New York City,$215,$215,254.0,808.0,Hotel,,Bar/Lounge|Fitness centre|Air conditioning|Family Friendly,,是,2026 Travelers' Choice,"Classic-style hotel in a prime Manhattan location near Central Park, Times Square, and Carnegie Hall. Features spacious one-bedroom suites with kitchenettes, two bathrooms, and helpful staff.",,,"Welcome to The Manhattan Club, where spacious living meets exceptional comfort. Our all-suite accommodations are designed to provide ample room for relaxation and productivity, making your stay in New York City both comfortable and convenient. Each suite features generous living areas, well-equipped kitchenettes, and functional amenities, offering plenty of space to unwind or work after a busy day in Manhattan."
new_york,19,540,93520,Park Central Hotel New York,https://dynamic-media-cdn.tripadvisor.com/media/photo-o/01/cf/a5/24/park-central-hotel-front.jpg,https://www.tripadvisor.co.uk/Hotel_Review-g60763-d93520-Reviews-Park_Central_Hotel_New_York-New_York_City_New_York.html,4.0,9788.0,#306 of 525 hotels in New York City,323.0,776.0,"870 7th Ave, New York City, NY 10019",+1 212-247-8000,40.764618,-73.980896,New York City,$214,$214,215.0,713.0,Hotel,,Bar/Lounge|Fitness centre|Air conditioning|Family Friendly,Sponsored,否,,"Centrally located hotel near Central Park, Columbus Circle, and Times Square, perfect for sightseeing and theater visits. Known for its unbeatable location and proximity to Carnegie Hall. Great value for exploring NYC with a well-maintained lobby and easy access to top attractions.",,,"Park Central Hotel New York | The Midtown Manhattan Hotel Hotel located in the heart of Manhattan Built during The Roaring Twenties, the Park Central Hotel New York once accommodated and entertained some of the most influential figures of the day - from Jackie Gleason and Mae West to Glenn Miller and Tommy Dorsey, even First Lady Eleanor Roosevelt. Today's guests are invited to escape the busy city life in exchange for the serenity that awaits them at the Park Central Hotel near Rockefeller Center - newly renovated and inspired by the iconic Central Park and renowned New York City landmarks."
new_york,3,60,93358,Pod 51 Hotel,https://dynamic-media-cdn.tripadvisor.com/media/photo-o/10/85/b2/47/pod-51-hotel.jpg,https://www.tripadvisor.co.uk/Hotel_Review-g60763-d93358-Reviews-Pod_51_Hotel-New_York_City_New_York.html,4.0,6614.0,#212 of 525 hotels in New York City,222.0,776.0,"230 East 51st Street, New York City, NY 10022-6571",+1 212-355-0300,40.75582,-73.96907,New York City,$126,$126,138.0,467.0,Hotel,,Restaurant|Bar/Lounge|Air conditioning|Pets Allowed,,是,2026 Travelers' Choice,"Centrally located hotel near subway stations and tourist spots. Clean, efficiently designed rooms with private or shared bathrooms. Features cheerful decor, common areas, and nearby dining options.",,,"Pod 51 is the most affordable hotel in NYC, with a focus on style and comfort. We offer room types for every budget and preference. Free week day walking tours and WiFi. Kick back and relax in our lobby, grab a bite to eat at our cafe, or soak up the city in our beautiful rooftop garden."
new_york,14,390,2253206,TRYP by Wyndham New York City Times Square / Midtown,https://dynamic-media-cdn.tripadvisor.com/media/photo-o/0b/dd/be/26/entrance.jpg,https://www.tripadvisor.co.uk/Hotel_Review-g60763-d2253206-Reviews-TRYP_by_Wyndham_New_York_City_Times_Square_Midtown-New_York_City_New_York.html,4.0,5456.0,#422 of 525 hotels in New York City,475.0,776.0,"345 W 35th St, New York City, NY 10001",+1 212-600-2440,40.75368,-73.99465,New York City,,,202.0,665.0,Hotel,,Restaurant|Bar/Lounge|Fitness centre|Air conditioning,,否,,"Spacious hotel near Times Square, Penn Station, and subway access. Family rooms with bunk beds ideal for groups. Walking distance to restaurants, shopping, and attractions. Convenient for NYC exploration.",,,"Soaring ceilings and eclectic décor welcome you to lively Midtown at TRYP by Wyndham New York City Times Square / Midtown. Easily reachable from LaGuardia (LGA), Newark Liberty (EWR), and John F. Kennedy (JFK) airports, our urban hotel puts the lights of Broadway, Madison Square Garden, Lincoln Center, and the Empire State Building within reach. After a busy day exploring the city, take advantage of a myriad of amenities including a unique social hub, tapas restaurant, rooftop terrace with stunning city views, 24/7 gym, virtual business center, and polished meeting space."
new_york,3,60,1390172,Fairfield by Marriott New York Manhattan Times Square,https://dynamic-media-cdn.tripadvisor.com/media/photo-o/30/b3/35/8e/main-entrance.jpg,https://www.tripadvisor.co.uk/Hotel_Review-g60763-d1390172-Reviews-Fairfield_by_Marriott_New_York_Manhattan_Times_Square-New_York_City_New_York.html,4.0,2643.0,#270 of 525 hotels in New York City,285.0,776.0,"330 West 40th Street, New York City, NY 10018",+1 212-967-9494,40.75631,-73.99162,New York City,$183,$183,182.0,564.0,Hotel,,Fitness centre|Air conditioning|Free Wifi,Breakfast included,是,2026 Travelers' Choice,"Centrally located hotel near Times Square and Broadway with clean, comfortable rooms. Complimentary breakfast, friendly staff, and easy access to dining, landmarks, and transportation. Great for work or leisure.",,,"Fairfield by Marriott New York Manhattan/Times Square is a Times Square hotel offering 244 guest rooms in the heart of NYC. We provide guests with a Complimentary Deluxe Breakfast Daily, 24/7 fitness center access, and in-room free High Speed Internet. Centrally located just minutes from Times Square, NYC's Theatre District, and the subway to take you anywhere throughout New York City, our Times Square hotel is perfect for a business or leisure trip to NYC."
new_york,8,210,1786395,Nomo Soho,https://dynamic-media-cdn.tripadvisor.com/media/photo-o/32/18/51/77/exterior.jpg,https://www.tripadvisor.co.uk/Hotel_Review-g60763-d1786395-Reviews-Nomo_Soho-New_York_City_New_York.html,4.0,2410.0,#323 of 525 hotels in New York City,342.0,776.0,"9 Crosby St, New York City, NY 10013",+1 866-486-5557,40.71985,-74.000145,New York City,$297,$297,271.0,751.0,Hotel,,Restaurant|Bar/Lounge|Fitness centre|Air conditioning,Sponsored,否,,"Stylish SoHo hotel with panoramic views, artistic decor, spacious penthouse and corner rooms, and on-site dining. Conveniently located near subway, Brooklyn Bridge, shops, and restaurants.",,,"NOMO SOHO | Boutique Hotel in NYC Tucked away at 9 Crosby, NoMo is a hidden gem just steps from the excitement that the streets of New York have to offer. Inspired by the neighborhood, NoMo represents an intrigue for the nostalgic + modern. Our building is a curated collection of vintage and contemporary art, representing the eclectic mix of those who made SoHo what it is today."
new_york,1,0,217622,The Chemists' Club Hotel,https://dynamic-media-cdn.tripadvisor.com/media/photo-o/2e/62/39/8d/junior-suite.jpg,https://www.tripadvisor.co.uk/Hotel_Review-g60763-d217622-Reviews-The_Chemists_Club_Hotel-New_York_City_New_York.html,4.0,1803.0,#133 of 525 hotels in New York City,137.0,776.0,"52 East 41st Street, New York City, NY 10017",+1 212-338-0500,40.751633,-73.979095,New York City,$405,$405,344.0,1067.0,Hotel,,Restaurant|Bar/Lounge|Fitness centre|Free Wifi,,是,2026 Travelers' Choice,"Centrally located Manhattan hotel near Grand Central Station, Bryant Park, and Times Square. Newly renovated with clean rooms, attentive service, and helpful concierge. Ideal for sightseeing and dining.",,,"Located in the heart of Manhattan on 41st Street between Madison and Park Avenue, The Chemists' Club Hotel blends historic elegance with modern luxury. This recently renovated boutique hotel offers top-tier services and an unbeatable location. The spacious guest rooms feature high-speed Wi-Fi, device charging stations, and premium flat-screen TVs. The Carrara marble bathrooms and luxurious amenities ensure a refined stay. Guests can enjoy an exceptional dining experience at the renowned Benjamin Steakhouse, known for its premium-quality cuts and fine wine selection. For fitness enthusiasts, the hotel offers a modern gym with cutting-edge equipment. Our concierge service is available to arrange personalized city experiences. Just a few blocks from Grand Central Station, guests have quick access to New York’s top attractions, including Bryant Park and the New York Public Library."
new_york,17,480,93437,Hotel Edison Times Square,https://dynamic-media-cdn.tripadvisor.com/media/photo-o/28/69/b1/9e/hotel-edison-facade.jpg,https://www.tripadvisor.co.uk/Hotel_Review-g60763-d93437-Reviews-Hotel_Edison_Times_Square-New_York_City_New_York.html,3.9,18622.0,#168 of 525 hotels in New York City,176.0,776.0,"228 West 47th Street, New York City, NY 10036-1401",+1 212-840-5000,40.759735,-73.98615,New York City,,,216.0,712.0,Hotel,,Bar/Lounge|Fitness centre|Family Friendly,,否,,"Charming hotel in NYC’s theater district with historic character and an unbeatable location near Times Square, Broadway, and Central Park. Highlights include The Rum House with live jazz, crafted cocktails, and a relaxed vibe, plus on-site dining and proximity to top attractions.",,,"Hotel Edison has been a staple of Times Square since its opening in 1931, when Thomas Edison turned on the lights of the hotel himself. The historic hotel is among the first Art Deco hotels in New York City’s Theater District and has become synonymous with celebrity, art, and excitement over the past eight decades. Hotel Edison’s vibrant energy, spacious accommodations, and notable restaurants and jazz bar provide guests with a one-of-a-kind refuge in the heart of Times Square, within steps of Midtown Manhattan’s premier business and leisure destinations including Time Warner Center, Rockefeller Center, MoMA, and world-renowned Fifth Avenue Shops."
new_york,15,420,1852917,Element by Marriott New York Times Square West,https://dynamic-media-cdn.tripadvisor.com/media/photo-o/34/2b/af/c6/rooftop-terrace.jpg,https://www.tripadvisor.co.uk/Hotel_Review-g60763-d1852917-Reviews-Element_by_Marriott_New_York_Times_Square_West-New_York_City_New_York.html,3.9,5640.0,#402 of 525 hotels in New York City,434.0,776.0,"311 West 39th Street, Between 8th And 9th Avenue Between 8th And 9th Avenue, New York City, NY 10018",+1 212-643-0770,40.75584,-73.99179,New York City,,,175.0,615.0,Hotel,,Fitness centre|Air conditioning|Pets Allowed|Family Friendly,Breakfast included,否,,"Centrally located hotel near Times Square and subway access. Features spacious rooms with kitchenettes, complimentary breakfast, and light aperitifs. Friendly staff and convenient for NYC attractions.",,,"Element New York Times Square West is an eco-friendly Manhattan boutique hotel near Times Square and Broadway in Midtown West. Our NYC hotel has 2 meeting rooms, complimentary breakfast, free Wi-Fi and a fitness center."
new_york,19,540,5786212,Hilton Garden Inn New York/Central Park South-Midtown West,https://dynamic-media-cdn.tripadvisor.com/media/photo-o/0c/7b/7c/31/hotel-exterior-at-dusk.jpg,https://www.tripadvisor.co.uk/Hotel_Review-g60763-d5786212-Reviews-Hilton_Garden_Inn_New_York_Central_Park_South_Midtown_West-New_York_City_New_York.html,3.9,4249.0,#363 of 525 hotels in New York City,387.0,776.0,"237 West 54th Street, New York City, NY 10019",+1 212-253-6000,40.7645,-73.983116,New York City,,,180.0,616.0,Hotel,,Pool|Restaurant|Bar/Lounge|Fitness centre,,否,,"Conveniently located hotel near Columbus Circle, Central Park, and Times Square. Walking distance to major attractions with nearby dining options. Clean rooms, friendly staff, and an on-site steakhouse.",,,"The stylish Hilton Garden Inn New York/Central Park South-Midtown West hotel boasts a central location in the heart of Midtown Manhattan, offering easy access to a wealth of shopping opportunities, restaurants, bars and entertainment. Our friendly and modern hotel boasts close proximity to world-famous NYC attractions, including Central Park, Times Square and the Empire State Building. Shop in designer stores on Fifth Avenue and discover eateries, bars and shopping at Columbus Circle. Take in a musical or Broadway show or hire a bicycle and explore leafy Central Park. Soak up the quaint, European-style ambience of the West Village, home to vibrant sidewalk cafes, boutiques and specialty food stores or marvel at contemporary paintings and sculptures in the Museum of Modern Art. Unwind in a spacious and stylish guest room and enjoy a fantastic range of amenities, including complimentary internet access, a 40-inch LED TV, a microwave and a mini-refrigerator."
new_york,15,420,1500405,Hampton Inn Manhattan/Times Square South,https://dynamic-media-cdn.tripadvisor.com/media/photo-o/0a/c6/60/fb/x.jpg,https://www.tripadvisor.co.uk/Hotel_Review-g60763-d1500405-Reviews-Hampton_Inn_Manhattan_Times_Square_South-New_York_City_New_York.html,3.9,3449.0,#401 of 525 hotels in New York City,433.0,776.0,"337 West 39th Street, New York City, NY 10018",+1 212-967-2344,40.756187,-73.992905,New York City,,,180.0,608.0,Hotel,,Bar/Lounge|Fitness centre|Air conditioning|Pets Allowed,Breakfast included,否,,"Convenient NYC location near subway, attractions, and Times Square. Features complimentary buffet breakfast with all-day drinks. Friendly staff and clean rooms. Ideal for exploring the city.",,,"The newly updated Hampton Inn Manhattan Times Square South is located in the heart of Midtown Manhattan in Times Square, bordering the Theatre and Garment Districts. Located minutes away from New York City's major tourist attractions and corporations: Broadway, Rockefeller Center, Jacob Javits Convention Center, Macy's Herald Square, Empire State Building, Central Park, the Intrepid, Ernst and Young, New York Times Building, Hudson Yards, and Proctor and Gamble are all at our doorstep. Our updated guest rooms feature chic, modern design elements for enhanced comfort for both leisure and business travelers. Guests can enjoy complimentary hot breakfast and high-speed wireless internet access. The hotel is in the heart of Manhattan, just steps away from Port Authority Bus Terminal and most subway lines, and a quick walk to Penn Station, so getting around the city is easy."
new_york,15,420,1139717,Holiday Inn Express New York City Times Square By IHG,https://dynamic-media-cdn.tripadvisor.com/media/photo-o/2c/f2/a3/ad/holiday-inn-express-times.jpg,https://www.tripadvisor.co.uk/Hotel_Review-g60763-d1139717-Reviews-Holiday_Inn_Express_New_York_City_Times_Square_By_IHG-New_York_City_New_York.html,3.9,2791.0,#387 of 525 hotels in New York City,418.0,776.0,"343 West 39th Street, New York City, NY 10018",+1 212-239-1222,40.756367,-73.99308,New York City,$197,$197,181.0,686.0,Hotel,,Restaurant|Air conditioning|Pets Allowed|Family Friendly,Sponsored|Breakfast included,否,,Conveniently located near Times Square and subway stations with great views of the Empire State Building. Offers complimentary breakfast with diverse options. Walking distance to restaurants and attractions.,,,"Embrace Times Square from Our Hotel in Midtown NYC
Our New York City hotel boasts a prime Midtown location, just steps from Times Square and its world-famous attractions. The Holiday Inn Express Times Square offers comfortable accommodations near New York's biggest landmarks including Broadway theatres, the Empire State Building, and Central Park. Explore nearby gems such as Madison Square Garden, Hudson Yards, the Highline, and the Broadway Theatre District-all within walking distance.Our hotel provides easy access to major subway lines, simplifying your travels throughout the city. Business travelers will appreciate proximity to corporate offices like Merrill Lynch, Legg Mason, and Ernst & Young, and the Jacob Javits Convention Center is just a short walk away. Enjoy shopping on 5th Avenue and dining in the vibrant Hell's Kitchen nearby.Start your day with our complimentary daily breakfast buffet, including our signature cinnamon rolls."
new_york,9,240,292140,Sohotel,https://dynamic-media-cdn.tripadvisor.com/media/photo-o/15/c2/40/65/sohotel.jpg,https://www.tripadvisor.co.uk/Hotel_Review-g60763-d292140-Reviews-Sohotel-New_York_City_New_York.html,3.9,2344.0,#242 of 525 hotels in New York City,257.0,776.0,"341 Broome St, New York City, NY 10013",+1 212-966-0319,40.719555,-73.99475,New York City,,,194.0,584.0,Hotel,,Bar/Lounge|Air conditioning|Free Wifi,,否,,"Charming historic hotel with trendy decor and a unique vibe. Centrally located near Nolita, Chinatown, and Little Italy. Close to transit, nightlife, and attractions. Spacious family rooms and cozy lobby.",,,"Sohotel in New York has a great location and great prices. Located in the center of downtown our hotel is comfortable, clean, and charming. We offer a great way to visit NYC and our commitment to customer satisfaction is our #1 goal."
new_york,18,510,611947,New York Hilton Midtown,https://dynamic-media-cdn.tripadvisor.com/media/photo-o/30/ab/32/c7/exterior.jpg,https://www.tripadvisor.co.uk/Hotel_Review-g60763-d611947-Reviews-New_York_Hilton_Midtown-New_York_City_New_York.html,3.8,15672.0,#241 of 525 hotels in New York City,256.0,776.0,"1335 Avenue Of The Americas The Waterfall Plaza, New York City, NY 10019-6078",+1 212-586-7000,40.762245,-73.97919,New York City,,,252.0,791.0,Hotel,,Restaurant|Bar/Lounge|Fitness centre|Air conditioning,,否,,"Centrally located in Manhattan near Times Square, Central Park, and Broadway theaters. Features a lively lobby, Executive Lounge for Diamond members, and diverse dining options, including a grab-and-go market. Comfortable, clean, and perfect for exploring top NYC attractions.",,,"Daily Mandatory Destination Charge includes: Premium guest internet access (3 devices); daily $20 food and beverage credit for use in hotel restaurant, bar and lounge; daily $35 laundry service credit; CitiBike day pass; PressReader subscription access. Guests looking to maximize their time in the city and minimize their commute adore the central location of New York Hilton Midtown.Surrounded by over a dozen subway and bus lines, within a 5-minute walk of Central Park and Rockefeller Center and within a 10 minute walk of Broadway, Times Square and Grand Central Station, guests are perfectly positioned to walk or ride to the citys most iconic spots with ease.Within the hotel, guests have access to extensive grab n go options, a full coffee and tea bar, lobby lounge, seasonally inspired American restaurant, upscale mens salon, sundries store and spacious, light-filled fitness center."
new_york,16,450,290978,Hotel St. James,https://dynamic-media-cdn.tripadvisor.com/media/photo-o/2c/1f/b1/1f/pictures.jpg,https://www.tripadvisor.co.uk/Hotel_Review-g60763-d290978-Reviews-Hotel_St_James-New_York_City_New_York.html,3.8,3364.0,#292 of 525 hotels in New York City,308.0,776.0,"109 West 45th Street, New York City, NY 10036-4071",+1 212-221-3600,40.7569,-73.9829,New York City,,,165.0,483.0,Hotel,,Air conditioning|Airport transportation,,否,,"Charming boutique hotel with vintage character and clean, cozy rooms. Unbeatable Midtown Manhattan location near Times Square, Rockefeller Center, Central Park, and subway access. Great value.",,,"If you’re looking for a quiet hotel in New York City, look no further than Hotel St. James.
While staying at Hotel St. James, visitors can check out Love Sculpture (0.5 mi) and Manhattan Skyline (0.6 mi), some of New York City's top attractions.
Hotel St. James offers guests an array of room amenities including a flat screen TV and air conditioning, and getting online is possible, as free internet access is available.
The hotel offers 24 hour front desk, a concierge, and baggage storage, to make your visit even more pleasant.
While you’re here, be sure to check out some of the Korean restaurants, including Jongro BBQ, Gaonnuri, and Hangawi, all of which are a short distance from Hotel St. James.
If you’re looking for something to do, Empire State Building (0.6 mi), Top of the Rock (0.2 mi), and Times Square (0.2 mi) are a nice way to spend some time, and they are all within walking distance of Hotel St. James.
The staff at Hotel St. James looks forward to serving you during your upcoming visit."
new_york,12,330,1214829,DoubleTree by Hilton Hotel New York City Chelsea,https://dynamic-media-cdn.tripadvisor.com/media/photo-o/2f/d9/14/79/guest-room.jpg,https://www.tripadvisor.co.uk/Hotel_Review-g60763-d1214829-Reviews-DoubleTree_by_Hilton_Hotel_New_York_City_Chelsea-New_York_City_New_York.html,3.8,3059.0,#116 of 525 hotels in New York City,118.0,776.0,"128 West 29th Street, New York City, NY 10001",+1 212-564-0994,40.746986,-73.99139,New York City,,,185.0,643.0,Hotel,,Pool|Restaurant|Bar/Lounge|Fitness centre,,否,,"Centrally located hotel near Penn Station and Madison Square Garden. Walking distance to Broadway, shopping, and attractions. Offers city skyline views, helpful service, and signature cookies.",,,"Located between the Garment and Flower districts on 29th Street in Chelsea NYC, the DoubleTree by Hilton in Chelsea is within walking distance to the Empire State Building, Penn Station, Madison Square Garden, and Macy's/Herald Square. Unique to Manhattan, guests can enjoy complimentary WiFi in every room. Sit down for a full breakfast buffet or satisfy your cravings for dinner at our on-site American restaurant, Chelton's Bar and Grille. Keep your workout regime at our 24-hour fitness room or lounge around with friends and cocktails at our bar, open late. Pets under 50 lbs. are welcome (with pet deposit)."
new_york,19,540,93612,The Shoreham,https://dynamic-media-cdn.tripadvisor.com/media/photo-o/32/17/09/62/exterior.jpg,https://www.tripadvisor.co.uk/Hotel_Review-g60763-d93612-Reviews-The_Shoreham-New_York_City_New_York.html,3.8,2869.0,#341 of 525 hotels in New York City,361.0,776.0,"33 W 55th Street, New York City, NY 10019",+1 212-247-6700,40.762505,-73.97642,New York City,,,180.0,563.0,Hotel,,Restaurant|Bar/Lounge|Fitness centre|Pets Allowed,,否,,"Centrally located hotel near Times Square, Central Park, and 5th Avenue. Larger rooms for NYC, massage chair amenity, charming restaurant, and reasonable pricing. Ideal for tourists and business travelers.",,,"The Shoreham Hotel is a fashionable Midtown Manhattan retreat dedicated to experience and design. Upstairs, high-design rooms and suites offer sanctuary from urban distractions, yet is near iconic landmarks that include Carnegie Hall, Central Park, Rockefeller Center and more."
new_york,12,330,1237128,Hotel Hayden,https://dynamic-media-cdn.tripadvisor.com/media/photo-o/34/1f/02/3d/hayden-king-bed.jpg,https://www.tripadvisor.co.uk/Hotel_Review-g60763-d1237128-Reviews-Hotel_Hayden-New_York_City_New_York.html,3.8,832.0,#378 of 525 hotels in New York City,406.0,776.0,"127 West 28th Street, New York City, NY 10001",+1 212-973-9000,40.74672,-73.99178,New York City,,,191.0,592.0,Hotel,,Fitness centre|Air conditioning|Pets Allowed|Free Wifi,,否,,"Centrally located hotel near the Empire State Building, Penn Station, and subway lines. Walking distance to major attractions and dining. Features decent-sized rooms and a highly anticipated rooftop bar.",,,Hotel Hayden is the hippest boutique hotel in NYC tucked in the heart of Chelsea offering modern rooms and amenities.
new_york,11,300,12934485,Freehand New York,https://dynamic-media-cdn.tripadvisor.com/media/photo-o/23/1d/14/38/deluxe-queen-room-at.jpg,https://www.tripadvisor.co.uk/Hotel_Review-g60763-d12934485-Reviews-Freehand_New_York-New_York_City_New_York.html,3.8,600.0,#354 of 525 hotels in New York City,378.0,776.0,"23 Lexington Ave, New York City, NY 10010-3790",+1 212-475-1920,40.73979,-73.98439,New York City,,,203.0,608.0,Hotel,,Restaurant|Bar/Lounge|Fitness centre|Air conditioning,,否,,"Trendy boutique hotel in the Flatiron district near Lexington Avenue with quirky design. Features rooftop bar with city views, on-site restaurants, and convenient access to subways, shops, and attractions.",,,"The latest Freehand in NYC’s Flatiron neighborhood opened in 2018. The Freehand takes over the former George Washington Hotel, which has a history as a home for creatives and is listed on the U.S National Register of Historic Places. Freehand New York is designed by Roman and Williams and features custom-commissioned artwork throughout the property as well as one of a kind murals in every guest room by Bard College students and alumni. As with all Freehands, Food and Beverage is of the utmost importance. Comodo opened in Oct 2021 with a Latin American inspired menu serving vibrant & bold flavors that invite you to get comfortable, let your guard down and enjoy. Broken Shaker, our award winning rooftop oasis, serves up specialty cocktails and yummy bites with beautiful skyline views of NYC. In November 2021, our mezzanine spaces were reconceptualized, refreshed and recharged. Enter Georgia Room and Bar Calico, inspired by iconic painter Georgia O’Keeffe-when in doubt dance it out."
new_york,18,510,93555,Sheraton New York Times Square Hotel,https://dynamic-media-cdn.tripadvisor.com/media/photo-o/33/72/bd/c4/exterior.jpg,https://www.tripadvisor.co.uk/Hotel_Review-g60763-d93555-Reviews-Sheraton_New_York_Times_Square_Hotel-New_York_City_New_York.html,3.7,12418.0,#514 of 525 hotels in New York City,750.0,776.0,"811 7th Avenue 53rd Street, New York City, NY 10019",+1 212-581-1000,40.762634,-73.98202,New York City,,,238.0,666.0,Hotel,,Restaurant|Bar/Lounge|Fitness centre|Air conditioning,,否,,"Located in the heart of Manhattan near Times Square and Central Park, this hotel offers unmatched convenience for exploring iconic landmarks, Broadway theaters, and dining. Lively bar and restaurant add to the vibrant atmosphere, making it ideal for tourists and business travelers alike.",,,"Streamline your stay in the city at Sheraton New York Times Square Hotel. As a centrally located hotel in Midtown Manhattan near Times Square, our warm and inviting Midtown Manhattan hotel offers intuitively‑designed guest rooms and suites with high‑speed Wi‑Fi, luxurious bedding, and deluxe amenities. Travelers seeking a premier hotel in New York Midtown Manhattan can enjoy a 4,000‑square‑foot fitness center with Peloton bikes or dine on market‑inspired cuisine at Hudson Market. Recognized among family-friendly hotel in Times Square New York, the hotel features a Library Bar, on‑site business center, complimentary public Wi‑Fi, and 62,000 square feet of elegant event space. Steps from Times Square, Central Park, and Radio City Music Hall, we look forward to welcoming you to The Big Apple at Sheraton New York Times Square Hotel."
new_york,20,570,671150,The Empire Hotel,https://dynamic-media-cdn.tripadvisor.com/media/photo-o/30/84/04/25/historic-art-deco-lobby.jpg,https://www.tripadvisor.co.uk/Hotel_Review-g60763-d671150-Reviews-The_Empire_Hotel-New_York_City_New_York.html,3.7,9806.0,#207 of 525 hotels in New York City,217.0,776.0,"44 W 63rd Street, New York City, NY 10023-7029",+1 212-265-7400,40.771496,-73.982666,New York City,,,188.0,600.0,Hotel,,Pool|Restaurant|Bar/Lounge|Fitness centre,,否,,"Iconic NYC hotel with a prime location near Central Park, Lincoln Center, and Columbus Circle. Known for its rooftop bar and pool with stunning city views. Glamorous decor and ties to ""Gossip Girl"" add charm. Friendly, professional staff and easy access to restaurants and shops.",,,"Experience the vibrant energy of New York City at The Empire Hotel. Located across from Lincoln Center and steps from Central Park and Columbus Circle, the historic elegance of The Empire Hotel is your gateway to a classic New York City adventure. Head to the top floor and enjoy the Empire Rooftop Bar & Lounge, unveiling panoramic skyline views of NYC across east and west terraces, alongside a tempting seasonal plunge pool. Our iconic red 'Hotel Empire' neon sign, a city landmark, shines bright, echoing the stylish allure of our historic art deco lobby and 427 rooms and suites, inviting you to a chic retreat amidst the city's relentless beat. You might recognize us from TV's Gossip Girl, which was fictionally owned by Chuck Bass in the series. Make your own Upper West Side memories and revel in the rhythm of the Empire Hotel."
new_york,16,450,93486,Millennium Hotel Broadway Times Square,https://dynamic-media-cdn.tripadvisor.com/media/photo-o/2c/b1/f3/51/entrance.jpg,https://www.tripadvisor.co.uk/Hotel_Review-g60763-d93486-Reviews-Millennium_Hotel_Broadway_Times_Square-New_York_City_New_York.html,3.7,8267.0,#328 of 525 hotels in New York City,347.0,776.0,"145 West 44th Street, New York City, NY 10036",+1 212-768-4400,40.75714,-73.98472,New York City,,,210.0,651.0,Hotel,,Restaurant|Bar/Lounge|Fitness centre|Air conditioning,,否,,"Centrally located hotel near Times Square attractions. Features spacious rooms with some offering stunning views. Guests value its prime location, ideal for exploring NYC's lively atmosphere.",,,"Millennium Times Square New York is located in the heart of Times Square, surrounded by Broadway theaters and steps from Fifth Avenue shopping. Our oversized rooms provide modern amenities and many offer skyline Times Square views."
new_york,13,360,99774,The Hotel At Fifth Avenue,https://dynamic-media-cdn.tripadvisor.com/media/photo-o/16/e3/05/1b/the-hotel-fifth-avenue.jpg,https://www.tripadvisor.co.uk/Hotel_Review-g60763-d99774-Reviews-The_Hotel_At_Fifth_Avenue-New_York_City_New_York.html,3.7,3281.0,#364 of 525 hotels in New York City,388.0,776.0,"17 West 32nd Street, New York City, NY 10001",+1 212-736-1600,40.747826,-73.98653,New York City,,,173.0,549.0,Hotel,,Restaurant|Fitness centre|Air conditioning|Airport transportation,,否,,"Centrally located hotel in NYC near Penn Station, subway stops, and popular attractions. Bustling area with diverse dining options in Korea Town. Rooftop bar offers Empire State Building views.",,,"Located on 32nd Street between Broadway and Fifth Avenue, The Hotel at Fifth Avenue is just a short two block walk away from the Empire State Building. The iconic Fashion District, 34th Street Macy's, and Madison Square Garden are within walking distance, and the Jacob Javits Convention Center is a quick taxi ride away. Experience the captivating energy of Midtown Manhattan from this intimate, boutique location with easy access to Grand Central Station, Penn Station, and the Port Authority Bus Terminal."
new_york,12,330,673080,Holiday Inn Manhattan 6th Ave - Chelsea By IHG,https://dynamic-media-cdn.tripadvisor.com/media/photo-o/2a/71/0f/93/holiday-inn-manhattan.jpg,https://www.tripadvisor.co.uk/Hotel_Review-g60763-d673080-Reviews-Holiday_Inn_Manhattan_6th_Ave_Chelsea_By_IHG-New_York_City_New_York.html,3.7,2014.0,#145 of 525 hotels in New York City,150.0,776.0,"125 West 26th Street Between 6th & 7th Ave, New York City, NY 10001",+1 212-430-8500,40.745426,-73.99223,New York City,$153,$153,157.0,542.0,Hotel,,Restaurant|Bar/Lounge|Fitness centre|Pets Allowed,Sponsored,否,,"Centrally located near Times Square, Madison Square Garden, and Penn Station, this hotel offers clean, modern rooms with Empire State Building views. Convenient access to subway stations and dining.",,,"Welcome to the Holiday Inn Manhattan 6th Avenue, where comfort meets convenience in the heart of New York City. Perfectly positioned between Chelsea and the vibrant Flatiron District, our hotel offers easy access to public transportation, making it simple to explore iconic landmarks, world-class museums, and must-see sightseeing destinations. Whether you're catching a show on Broadway, visiting the Empire State Building, or strolling the High Line, you're just moments away from it all. What truly sets us apart from other NYC hotels is our commitment to guest comfort. Our recently renovated rooms offer a fresh, modern design paired with thoughtful amenities to help you relax after a busy day in the city. Choose from a spacious king bed or two-bed accommodations, perfect for families, tour groups, or business travelers. Traveling with a group? We're proud to offer a seamless experience for leisure and corporate groups alike."
new_york,15,420,17761594,Hyatt Place New York City / Times Square,https://dynamic-media-cdn.tripadvisor.com/media/photo-o/1b/e0/49/64/street-view.jpg,https://www.tripadvisor.co.uk/Hotel_Review-g60763-d17761594-Reviews-Hyatt_Place_New_York_City_Times_Square-New_York_City_New_York.html,3.7,1706.0,#365 of 525 hotels in New York City,390.0,776.0,"350 W 39th St, New York City, NY 10018-1402",+1 212-904-1811,40.75634,-73.99341,New York City,,,207.0,671.0,Hotel,,Restaurant|Bar/Lounge|Fitness centre|Air conditioning,Breakfast included,否,,"Well-located hotel within walking distance of Times Square, shopping, restaurants, and subway stations. Clean, modern rooms, though compact. Highlights include helpful staff, a variety of breakfast options (free but busy), and great value for NYC. Ideal for business or leisure stays.",,,"Elevate your New York City experience with a stay at Hyatt Place in the heart of Times Square. Our prime location immerses you in the pulsating energy of this iconic neighborhood, offering unparalleled access to Broadway theaters, renowned dining, and the vibrant cityscape that defines the Big Apple. Whether you're here for business or leisure, our modern and stylish accommodations provide a comfortable retreat, while our convenient proximity to major attractions like Central Park, Rockefeller Center, and the Empire State Building ensures that you're at the center of it all. Discover the perfect blend of comfort and convenience at Hyatt Place New York City/Times Square, where every moment becomes a memorable part of your NYC adventure."
new_york,18,510,93545,The Manhattan at Times Square Hotel,https://dynamic-media-cdn.tripadvisor.com/media/photo-o/2b/aa/49/d2/front-entrance-of-the.jpg,https://www.tripadvisor.co.uk/Hotel_Review-g60763-d93545-Reviews-The_Manhattan_at_Times_Square_Hotel-New_York_City_New_York.html,3.6,13929.0,#416 of 525 hotels in New York City,462.0,776.0,"790 7th Ave, New York City, NY 10019",+1 212-581-3300,40.762115,-73.98277,New York City,$162,$162,173.0,674.0,Hotel,,Restaurant|Fitness centre|Pets Allowed|Family Friendly,Sponsored,否,,"Centrally located near Times Square and Central Park, this hotel offers great value with easy access to iconic landmarks, restaurants, and subway stations. Guests praise its superb views and convenient ""grab and go"" breakfast, making it an ideal base for exploring New York City.",,,"Experience The Manhattan at Times Square Hotel in the heart of Midtown Manhattan, just moments from Broadway and New York City’s most iconic sights. Choose from a variety of accommodations, including family rooms, executive rooms, and suites. Enjoy a stylish new lobby and a fresh dining experience at 51st Social (Opening June 2026). With standout service and an unbeatable location, it’s a prime choice for families, business travelers, and unforgettable New York City escapes."
new_york,18,510,3502291,Comfort Inn Manhattan Midtown West,https://dynamic-media-cdn.tripadvisor.com/media/photo-o/06/56/81/89/entrance.jpg,https://www.tripadvisor.co.uk/Hotel_Review-g60763-d3502291-Reviews-Comfort_Inn_Manhattan_Midtown_West-New_York_City_New_York.html,3.6,868.0,#384 of 525 hotels in New York City,414.0,776.0,"548 W 48th St, New York City, NY 10036",+1 646-993-2715,40.764145,-73.994965,New York City,,,163.0,574.0,Hotel,,Air conditioning|Family Friendly|Free Wifi,Breakfast included,否,,"Conveniently located near Times Square, Broadway theaters, and subway stations, this budget-friendly hotel offers easy access to dining, shopping, and attractions in Manhattan at a reasonable price.",,,"Comfort Inn Manhattan Midtown West is an excellent choice for travelers visiting New York City, offering a quiet environment alongside many helpful amenities designed to enhance your stay, while keeping the health and safety of our guests top of mind. Rooms at Comfort Inn Midtown West provide a flat screen TV and air conditioning, and guests can stay connected with free WiFi. In addition, while staying at Comfort Inn Midtown West guests have access to a 24 hour front desk, a concierge, and baggage storage. You can also enjoy breakfast. Need a place to park? There is paid public parking available nearby. For those interested in checking out popular landmarks while visiting New York City, Comfort Inn Midtown West is located a short distance from Hudson Yards, Javits Center and Broadway. New York City is also home to Gramercy Park, a popular state park that is not too far from Comfort Inn Midtown West. Enjoy your stay in New York City!"
new_york,8,210,24075420,The Cloud One Hotel New York-downtown,https://dynamic-media-cdn.tripadvisor.com/media/photo-o/28/ce/c7/0f/welcome-to-the-cloud.jpg,https://www.tripadvisor.co.uk/Hotel_Review-g60763-d24075420-Reviews-The_Cloud_One_Hotel_New_York_downtown-New_York_City_New_York.html,3.6,92.0,#414 of 525 hotels in New York City,458.0,776.0,"133 Greenwich St WTC - Wall Street - Financial District, New York City, NY 10006",+1 646-434-4649,40.709415,-74.01273,New York City,$219,$219,201.0,585.0,Hotel,,Bar/Lounge|Air conditioning|Free Wifi,,否,,"Located in downtown NYC near the World Trade Center with easy subway access. Modern decor, bar with great views, and a convenient base for business or exploring Manhattan. Quiet location, varied room sizes.",,,
new_york,15,420,93450,Hyatt Grand Central New York,https://dynamic-media-cdn.tripadvisor.com/media/photo-o/1c/02/e6/37/grand-hyatt-new-york.jpg,https://www.tripadvisor.co.uk/Hotel_Review-g60763-d93450-Reviews-Hyatt_Grand_Central_New_York-New_York_City_New_York.html,3.5,14977.0,#420 of 525 hotels in New York City,468.0,776.0,"109 East 42nd Street Grand Central Terminal, New York City, NY 10017-8500",+1 212-883-1234,40.752064,-73.9763,New York City,,,233.0,623.0,Hotel,,Restaurant|Bar/Lounge|Fitness centre|Air conditioning,,否,,"Perfectly situated near Grand Central Station, Bryant Park, and Times Square, this centrally located hotel offers unmatched convenience for exploring NYC’s top attractions. Surrounded by dining and entertainment, it’s an ideal base for both tourists and business travelers.",,,"Located in the heart of midtown Manhattan, elevate your stay at Hyatt Grand Central New York, the only hotel connected to the majesty and advantages of Grand Central Terminal. Our 42nd Street location places you within walking distance to the City's best dining, shopping, and attractions. Find yourself steps away from the Chrysler Building, Times Square, 5th Avenue shopping, the Empire State Building, Central Park, Rockefeller Center, and the Theatre District. Enjoy a to-go market, 24-hour fitness center, and complimentary Wi-Fi."
new_york,17,480,93376,OYO Times Square,https://dynamic-media-cdn.tripadvisor.com/media/photo-o/23/a8/81/df/lobby.jpg,https://www.tripadvisor.co.uk/Hotel_Review-g60763-d93376-Reviews-OYO_Times_Square-New_York_City_New_York.html,3.5,6062.0,#496 of 525 hotels in New York City,703.0,776.0,"157 West 47th Street, New York City, NY 10036",+1 212-768-3700,40.759083,-73.98372,New York City,,,154.0,516.0,Hotel,,Restaurant|Air conditioning|Free Wifi,,否,,"Centrally located near Times Square, steps from attractions like Rockefeller Center and Central Park. Features an on-site restaurant, bar, and dessert spot. Convenient access to subway stations.",,,"OYO Hotel Times Square A TRUE DESTINATION AMONG TIMES SQUARE HOTELS We're modern, but not everything-is-beige modern. The opposite, in fact, which you'll notice the moment you enter the lobby. We're a bit showy-this is the Theater District, after all-but we're also welcoming, with rooms and suites that enfold you in comfort. Our location puts all that makes New York amazing at your fingertips. Visit off-the-beaten-path restaurants in Hell's Kitchen, stroll through Central Park, or hop on one of the nearby subway lines and visit Brooklyn or renowned museums. It's easy from here, and our concierge can help ease the way."
new_york,15,420,11236004,Doubletree By Hilton Hotel New York Times Square West,https://dynamic-media-cdn.tripadvisor.com/media/photo-o/0f/b5/b4/16/doubletree-by-hilton.jpg,https://www.tripadvisor.co.uk/Hotel_Review-g60763-d11236004-Reviews-Doubletree_By_Hilton_Hotel_New_York_Times_Square_West-New_York_City_New_York.html,3.5,4464.0,#274 of 525 hotels in New York City,289.0,776.0,"350 W. 40th Street, New York City, NY 10018",+1 212-607-8888,40.756664,-73.99302,New York City,,,157.0,547.0,Hotel,,Restaurant|Bar/Lounge|Fitness centre|Air conditioning,,否,,"Centrally located near Times Square and local attractions, this hotel offers great city views, a rooftop bar with stunning panoramas, and warm hospitality, including complimentary cookies on arrival. Ideal for short stays, business trips, or special occasions, with reasonable pricing.",,,"Everyone needs a place to lay their weary head. For travellers visiting New York City, Doubletree by Hilton New York Times Square West is an excellent choice for rest and rejuvenation. Well-known for its family-friendly environment and proximity to great restaurants and attractions, Doubletree by Hilton New York Times Square West makes it easy to enjoy the best of New York City.
You’ll enjoy relaxing rooms that offer a flat screen TV and air conditioning, and you can stay connected during your stay as Doubletree by Hilton New York Times Square West offers guests free internet access.
The hotel features 24 hour front desk, room service, and a rooftop terrace. Plus, Doubletree by Hilton New York Times Square West offers a fitness center and a rooftop bar, providing a pleasant respite from your busy day. For guests with a vehicle, valet parking is available.
Close to some of New York City's most popular landmarks, such as Manhattan Skyline (0.7 mi) and Rockefeller Center (0.8 mi), Doubletree by Hilton New York Times Square West is a great destination for tourists.
New York City has plenty of Asian restaurants. So when you’re here, be sure to check out popular spots like Buddakan, Tao, and Nobu 57, which are serving up some great dishes.
Plus, during your trip, don’t forget to check out some of the popular art museums, such as The Metropolitan Museum of Art, The Museum of Modern Art (MoMA), and The Met Cloisters.
Whether you’re travelling for business, pleasure or both, Doubletree by Hilton New York Times Square West is sure to make your visit to New York City one worth remembering."
new_york,9,240,1858923,Doubletree By Hilton New York Downtown,https://dynamic-media-cdn.tripadvisor.com/media/photo-o/30/e8/8a/c6/lobby.jpg,https://www.tripadvisor.co.uk/Hotel_Review-g60763-d1858923-Reviews-Doubletree_By_Hilton_New_York_Downtown-New_York_City_New_York.html,3.5,3447.0,#394 of 525 hotels in New York City,425.0,776.0,"8 Stone Street Has No Pool, New York City, NY 10004",+1 212-480-9100,40.70392,-74.01235,New York City,,,172.0,529.0,Hotel,,Restaurant|Bar/Lounge|Fitness centre|Air conditioning,,否,,"Convenient downtown Manhattan location near subway, Wall Street, and Brooklyn Bridge. Surrounded by dining, bars, and shops. Modern design, warm cookies on arrival, and proximity to major attractions.",,,"Find us in Manhattan's financial district, a half mile from Battery Park and the Staten Island Ferry. We're steps from the N and R trains at Whitehall Station, offering access to Times Square, the Empire State Building, and Central Park. The redline South Ferry Station is three blocks away. Enjoy all-day dining at our Antica Ristorante and free WiFi.

Enjoy upscale DoubleTree comfort and a great lower Manhattan hotel location equally convenient to Newark Liberty International, JFK, and LaGuardia Airports.

Warmly appointed, stylish guest rooms and suites feature state-of-the-art amenities, LCD TVs, complimentary WiFi, pampering bath amenities, and our luxurious Sweet Dreams bed."
new_york,13,360,2151571,Hotel Alameda,https://dynamic-media-cdn.tripadvisor.com/media/photo-o/33/1b/96/b9/exterior.jpg,https://www.tripadvisor.co.uk/Hotel_Review-g60763-d2151571-Reviews-Hotel_Alameda-New_York_City_New_York.html,3.5,608.0,#423 of 525 hotels in New York City,476.0,776.0,"518 West 27th Street, New York City, NY 10001",+1 347-342-7805,40.75041,-74.00345,New York City,,,169.0,597.0,Hotel,,Restaurant|Bar/Lounge|Air conditioning,,否,,"Stylish hotel in Chelsea with a rooftop bar offering city views. Conveniently located near the High Line, Whitney Museum, and dining options. Highlights include clean design, friendly staff, and pretty spaces.",,,"Welcome to Hotel Alameda High Line, where modern style meets cozy comfort in vibrant New York City. Located in the lively Chelsea neighborhood, our hotel offers stylish rooms and an on-site restaurant, & roof-top bar."
new_york,9,240,25148057,Fouquet's New York,https://dynamic-media-cdn.tripadvisor.com/media/photo-o/30/2a/6e/a4/exterior-high-res.jpg,https://www.tripadvisor.co.uk/Hotel_Review-g60763-d25148057-Reviews-Fouquet_s_New_York-New_York_City_New_York.html,3.5,26.0,#441 of 525 hotels in New York City,515.0,776.0,"456 Greenwich St, New York City, NY 10013",+1 917-965-2600,40.723602,-74.00966,New York City,"$1,156","$1,156",1086.0,2418.0,Hotel,,Pool|Spa|Restaurant|Bar/Lounge,Sponsored,否,,"Elegant hotel blending French sophistication with modern NYC style. Features a speakeasy bar, refined atmosphere, and luxurious rooms. Remote location with personalized service and premium pricing.",I stay at super lux hotels and was excited to add fouquets to my list but I’m sorry to say it wasn’t what I had hoped. I post reviews only when I see serious areas for improvement from a space and this hotel has...,C. T.,
new_york,23,660,25446337,Renaissance New York Harlem Hotel,https://dynamic-media-cdn.tripadvisor.com/media/photo-o/32/0a/f2/f3/king-room.jpg,https://www.tripadvisor.co.uk/Hotel_Review-g60763-d25446337-Reviews-Renaissance_New_York_Harlem_Hotel-New_York_City_New_York.html,3.4,79.0,#425 of 525 hotels in New York City,478.0,776.0,"233 West 125th Street, New York City, NY 10027",+1 332-266-8722,40.809685,-73.949585,New York City,,,182.0,536.0,Hotel,,Restaurant|Bar/Lounge|Fitness centre|Air conditioning,,否,,"Stylish hotel in Harlem with clean, well-appointed rooms, great views, and a rich historical ambiance. Features a bar, restaurant, and proximity to Manhattan attractions like the Apollo Theatre.",,,"Welcome to the diverse and unique experiences of Harlem. Evenings at Renaissance Harlem will ignite your senses and cravings for the Arts, Music and Foods that are authentically Harlem. Our navigators represent the diversity, individualism, pride, and warmth of the community. Whether you tour the neighborhood or relax within the hotel, you will be rewarded with an experience that is indigenous to Harlem. We are within minutes of Times Square and other major midtown venues!"
new_york,13,360,27648455,Hotel Stanford,https://dynamic-media-cdn.tripadvisor.com/media/photo-o/33/17/03/92/caption.jpg,https://www.tripadvisor.co.uk/Hotel_Review-g60763-d27648455-Reviews-Hotel_Stanford-New_York_City_New_York.html,3.4,36.0,#429 of 525 hotels in New York City,489.0,776.0,"43 W 32nd St, New York City, NY 10001",+1 212-563-1500,40.748177,-73.9876,New York City,,,192.0,588.0,Hotel,,Restaurant|Bar/Lounge|Air conditioning|Free Wifi,Breakfast included,否,,"Convenient hotel near Penn Station, Times Square, and the Empire State Building. Close to subway, dining, and shops. Features clean, quiet rooms, continental breakfast, wine bar, and helpful amenities.",,,"Located in the heart of Midtown Manhattan, Hotel Stanford’s location offers unparalleled convenience, allowing guests to effortlessly stroll to attractions such as the Empire State Building, Macy’s, Madison Square Garden, Times Square, and more, all within a leisurely 10-minute walk, in addition to swift access to numerous subway stations, with most just a brief 3-minute stroll away. The hotel offers 124 modern and tastefully furnished rooms featuring air conditioning and amenities such as a mini fridge, iron, a hairdryer, safe, smart TV with Netflix access, work desk, and complimentary Wi-Fi. It also features an on-site restaurant, Udon Lab, serving unique udon noodle dishes and other Japanese cuisine, an in-house bar, which offers a relaxed environment to sample various wines, and Barcode, which specializes in craft cocktails and one-of-a-kind tapas dishes. Overall, Hotel Stanford’s affordability and convenience add up to make it a perfect home base for any traveler to New York."
new_york,17,480,33932496,Hampton Inn by Hilton New York Times Square,,https://www.tripadvisor.co.uk/Hotel_Review-g60763-d33932496-Reviews-Hampton_Inn_by_Hilton_New_York_Times_Square-New_York_City_New_York.html,3.3,201.0,#418 of 525 hotels in New York City,466.0,776.0,"150 W 48th Street, New York City, NY 10017",+1 212-329-3011,40.75981,-73.98328,New York City,,,193.0,664.0,Hotel,,Restaurant|Fitness centre|Air conditioning|Pets Allowed,Breakfast included,否,,"Well-located hotel near Times Square, Broadway, and dining. Clean rooms with warmth in winter. Mixed staff reviews. Rooms serviced every other day. Notable for proximity to attractions and transit.",,,"Find us in Times Square, next to the James Earl Jones Theater and within two blocks of Rockefeller Center, Radio City Music Hall, and 5th Avenue shopping. Central Park and Grand Central Terminal are both within a mile and subway system access is one block away. Enjoy our complimentary breakfast, WiFi, Roof Top Lounge, and Lobby Bar."
new_york,17,480,75711,The Gallivant Times Square,https://dynamic-media-cdn.tripadvisor.com/media/photo-o/15/16/7b/5b/area.jpg,https://www.tripadvisor.co.uk/Hotel_Review-g60763-d75711-Reviews-The_Gallivant_Times_Square-New_York_City_New_York.html,3.2,3612.0,#507 of 525 hotels in New York City,733.0,776.0,"234 W 48th St, New York City, NY 10036",+1 212-246-8800,40.760544,-73.98633,New York City,,,139.0,469.0,Hotel,,Restaurant|Bar/Lounge|Air conditioning|Free Wifi,,否,,"Centrally located hotel near Times Square and the theater district. Surrounded by shops, dining, and attractions with easy access to transportation. Comfortable rooms, some with balconies, and in-room coffee.",,,"The Gallivant Times Square is your ideal basecamp for Manhattan dining, nightlife, theatre, entertainment, and exploration. From the in-room maps, to the location signs in the lobby, every piece of The Gallivant is meant to inspire adventure and New York City discovery."
new_york,20,570,99447,La Quinta Inn & Suites by Wyndham New York City Central Park,https://dynamic-media-cdn.tripadvisor.com/media/photo-o/0b/b2/26/bc/exterior.jpg,https://www.tripadvisor.co.uk/Hotel_Review-g60763-d99447-Reviews-La_Quinta_Inn_Suites_by_Wyndham_New_York_City_Central_Park-New_York_City_New_York.html,3.2,1013.0,#487 of 525 hotels in New York City,666.0,776.0,"31 W 71st St, New York City, NY 10023-4101",+1 212-791-9451,40.77618,-73.977684,New York City,,,156.0,489.0,Hotel,,Air conditioning|Free Wifi,Breakfast included,否,,"Conveniently located near Central Park, subway stations, dining, and shops, this hotel offers budget-friendly options, friendly staff, good breakfast, and a comfortable base for exploring NYC.",,,"Quiet, quaint, newly renovated hotel in upmarket residential neighborhood next to Central Park, with complimentary breakfast and wifi."
new_york,8,210,15530661,Courtyard by Marriott New York Downtown Manhattan/Financial District,https://dynamic-media-cdn.tripadvisor.com/media/photo-o/21/66/c8/82/located-just-off-of-the.jpg,https://www.tripadvisor.co.uk/Hotel_Review-g60763-d15530661-Reviews-Courtyard_by_Marriott_New_York_Downtown_Manhattan_Financial_District-New_York_City_New.html,3.1,70.0,#443 of 525 hotels in New York City,525.0,776.0,"215 Pearl Street, New York City, NY 10038",+1 646-928-9000,40.707092,-74.00626,New York City,$144,$144,163.0,588.0,Hotel,,Restaurant|Bar/Lounge|Fitness centre|Air conditioning,,否,,"Modern hotel with stunning views and convenient access to transit, dining, and attractions like South Street Seaport, Brooklyn Bridge, and Chinatown. Features a well-maintained gym and comfortable rooms.","After all the bad reviews I’d read I was concerned about customer service and cleanliness, but was pleasantly surprised. Great location. However, there are no non-slip strips in the bottom of the tub. I slipped...",AmyNNN,"When traveling for business or fun, Courtyard by Marriott® makes all of your travels successful by providing exactly what you need: smartly designed guest rooms; hot breakfast options and services that help you be more productive and comfortable."
new_york,11,300,17822715,SpringHill Suites New York Midtown Manhattan/Park Avenue,https://dynamic-media-cdn.tripadvisor.com/media/photo-o/2c/04/5e/33/exterior.jpg,https://www.tripadvisor.co.uk/Hotel_Review-g60763-d17822715-Reviews-SpringHill_Suites_New_York_Midtown_Manhattan_Park_Avenue-New_York_City_New_York.html,3.0,70.0,#476 of 525 hotels in New York City,631.0,776.0,"111 East 24th Street, New York City, NY 10010",+1 212-529-4240,40.740643,-73.98521,New York City,,,202.0,699.0,Hotel,,Fitness centre|Air conditioning|Family Friendly|Free Wifi,Breakfast included,否,,"Modern Manhattan hotel with spacious, clean rooms and convenient location near Broadway. Quiet atmosphere away from Times Square. Amenities include free breakfast, fitness facilities, and in-room appliances.",,,"89 King Bed Rooms, 40 Double/Double Full Size Bed Rooms. Full Breakfast Buffet Healthy Choice."
new_york,14,390,25321233,Lexington Plaza Hotel,https://dynamic-media-cdn.tripadvisor.com/media/photo-o/28/73/7f/e3/outside-view.jpg,https://www.tripadvisor.co.uk/Hotel_Review-g60763-d25321233-Reviews-Lexington_Plaza_Hotel-New_York_City_New_York.html,2.2,180.0,#518 of 525 hotels in New York City,761.0,776.0,"120 East 39th Street, New York City, NY 10016",+1 929-374-0006,40.74981,-73.97808,New York City,,,,,Hotel,,Air conditioning|Pets Allowed|Free Wifi,,否,,"Conveniently located near Grand Central and 5th Ave with spacious, clean rooms. Features include a fitness room and adjacent Indian restaurant. Friendly staff and reasonable pricing for Manhattan stays.",,,
new_york,8,210,23719753,The Washington Hotel NYC,https://dynamic-media-cdn.tripadvisor.com/media/photo-o/23/08/4e/7c/the-washington.jpg,https://www.tripadvisor.co.uk/Hotel_Review-g60763-d23719753-Reviews-The_Washington_Hotel_NYC-New_York_City_New_York.html,2.0,350.0,#524 of 525 hotels in New York City,771.0,776.0,"8 Albany St, New York City, NY 10006",+1 646-826-8600,40.709217,-74.014,New York City,,,214.0,526.0,Hotel,,Air conditioning|Free Wifi,,否,,"Modern hotel with an American vibe near the 9/11 Memorial and World Trade Center. Features clean, comfortable rooms, helpful staff, and great city views. Short walk to subway, ferry, and attractions.",,,"The Washington is conveniently located in Downtown NYC near many of the city's most iconic visitor touchpoints. From the moving National September 11 Memorial & Museum to the bustle of Wall Street and the lively garden paths of the Hudson River Greenway, Lower Manhattan has a vibe all its own, with endless options for sightseeing, dining, shopping and more."
london,25,720,33869839,Bertrand's Townhouse,https://dynamic-media-cdn.tripadvisor.com/media/photo-o/33/4b/0c/36/exterior.jpg,https://www.tripadvisor.co.uk/Hotel_Review-g186338-d33869839-Reviews-Bertrand_s_Townhouse-London_England.html,5.0,57.0,#21 of 737 B&Bs / Inns in London,264.0,3462,"4-6 Bedford Place, London WC1B 5JD England",+44 20 4553 5533,51.51996,-0.12361,London,,,263.0,651,Small Hotel,,Bar/Lounge|Air conditioning|Pets Allowed|Free Wifi,,否,,"Charming boutique hotel near the British Museum. Stylish, modern interiors with luxury touches like Smeg fridges. Quiet location, excellent service, and great value. Easy access to central London attractions.",,,
london,51,1500,33318568,The July London Victoria,https://dynamic-media-cdn.tripadvisor.com/media/photo-o/34/1f/28/d0/exterior.jpg,https://www.tripadvisor.co.uk/Hotel_Review-g186338-d33318568-Reviews-The_July_London_Victoria-London_England.html,5.0,22.0,"#680 of 1,209 hotels in London",849.0,3462,"282 Vauxhall Bridge Road, London SW1V 1BB England",+442046188200,51.495,-0.141356,London,$310,$310,277.0,561,Hotel,,Restaurant|Free Wifi,Sponsored,否,,"Boutique hotel near Victoria Station with stylish, well-equipped rooms featuring kitchen amenities. Quiet atmosphere, trendy decor, floor-to-ceiling windows, on-site dining, and easy access to shops and transit.",,,
london,159,4740,33354052,StarNest Shepherd's Bush,https://dynamic-media-cdn.tripadvisor.com/media/photo-o/30/be/4d/49/caption.jpg,https://www.tripadvisor.co.uk/Hotel_Review-g186338-d33354052-Reviews-StarNest_Shepherd_s_Bush-London_England.html,5.0,12.0,#123 of 737 B&Bs / Inns in London,1020.0,3462,"100 Frithville Gardens, London W12 7JW England",+44 7304 249975,51.508553,-0.226997,London,,,128.0,261,Small Hotel,,Free Wifi,,否,,"Modern West London apartments with full amenities, spotless rooms, and peaceful surroundings. Close to public transport, shops, and attractions. Responsive hosts ensure a smooth, hassle-free stay.","I had an absolutely perfect stay! The apartment was very clean, comfortable, and welcoming. The host is incredibly kind, attentive, and always available. Everything went wonderfully well.
It has clearly become my...",Sharon,
london,32,930,210755,Mabledon Court Hotel,https://dynamic-media-cdn.tripadvisor.com/media/photo-o/26/9c/e2/16/view-from-outside.jpg,https://www.tripadvisor.co.uk/Hotel_Review-g186338-d210755-Reviews-Mabledon_Court_Hotel-London_England.html,5.0,5.0,"#841 of 1,209 hotels in London",1251.0,3462,"10-11 Mabledon Place Bloomsbury, Camden, London WC1H 9AZ England",+44 20 7388 3866,51.527847,-0.127506,London,$143,$143,106.0,293,Hotel,,Air conditioning|Free Wifi,Sponsored|Breakfast included,否,,"Conveniently located hotel near King's Cross and the British Library. Offers comfortable beds, free Wi-Fi on some devices, and a mix of cooked English and continental breakfast with gluten-free options.",Spotlessly clean! The bathroom is beautiful. Room is snug but has everything you need. Great location between three tube stops. Staff are very friendly and helpful. Would stay again.,holidaysaregreat8,"This functional hotel is an 8-minute walk from St. Pancras train station (offering Eurostar services) and a 14-minute walk from the British Museum. The straightforward, traditionally furnished rooms come with TVs, and tea and coffeemaking equipment. Full English or continental breakfast is included, and served in an informal dining room. There's also a guest lounge."
london,6,150,188961,Hotel 41,https://dynamic-media-cdn.tripadvisor.com/media/photo-o/2b/fd/5a/03/caption.jpg,https://www.tripadvisor.co.uk/Hotel_Review-g186338-d188961-Reviews-Hotel_41-London_England.html,4.9,4295.0,"#4 of 1,209 hotels in London",4.0,3462,"41 Buckingham Palace Road, London SW1W 0PS England",+44 20 7300 0041,51.498226,-0.143582,London,,,438.0,1873,Hotel,,Restaurant|Bar/Lounge|Air conditioning|Airport transportation,,是,2026 Travelers' Choice Best of the Best,"Luxurious hotel near Buckingham Palace with a private club-like atmosphere, exceptional service, an executive lounge, rooftop terrace, and personalized touches. Features superb amenities and romantic details.",,,"Our residents-only hotel, with a prestigious Forbes Five-Star rating, has been recognised as the number one hotel in the UK for more than a decade. Arrive at our private entrance overlooking the Royal Mews of Buckingham Palace, imbued with the subtle fragrance of Hotel 41’s own signature scent, and be welcomed with a personal check-in and a glass from our beautiful Champagne trolley. In your bedroom or suite, discover a selection of homemade treats created by our Executive Chef, along with a supremely comfortable, handcrafted Savoir bed. An unforgettable experience begins..."
london,7,180,193121,The Milestone Hotel and Residences,https://dynamic-media-cdn.tripadvisor.com/media/photo-o/2b/fd/16/22/caption.jpg,https://www.tripadvisor.co.uk/Hotel_Review-g186338-d193121-Reviews-The_Milestone_Hotel_and_Residences-London_England.html,4.9,3044.0,"#14 of 1,209 hotels in London",14.0,3462,"1 Kensington Court, London W8 5DL England",+44 20 7917 1000,51.502083,-0.186593,London,,,542.0,1212,Hotel,,Pool|Spa|Restaurant|Bar/Lounge,,是,2026 Travelers' Choice Best of the Best,"Boutique hotel near Kensington Palace with classic English charm, personalized service, and historical ambience. Features elegant rooms, Stables Bar with horse racing theme, and highly praised afternoon tea.",,,"Discover old world charm, beautiful rich furnishings, exquisite original arts, outstanding cuisine and an experienced and passionate team. This elegant historic hotel is perfectly located opposite Kensington Palace and Gardens, and close to the Royal Albert Hall. Discover Stable’s Bar and the ‘Smoking Old Fashioned’, afternoon tea in the Park Lounge or dine in Cheneston’s or The Oratory, the original chapel."
london,10,270,5600790,Cheval Three Quays,https://dynamic-media-cdn.tripadvisor.com/media/photo-o/0c/99/0d/40/cheval-three-quays-water.jpg,https://www.tripadvisor.co.uk/Hotel_Review-g186338-d5600790-Reviews-Cheval_Three_Quays-London_England.html,4.9,2910.0,"#8 of 1,516 Speciality lodging in London",87.0,3462,"40 Lower Thames Street, London EC3R 6AG England",+44 20 3725 5333,51.508133,-0.079532,London,$411,$411,426.0,835,Apartment,,Fitness centre|Air conditioning|Free Wifi,,是,2026 Travelers' Choice,"Modern hotel-apartment hybrid with spacious rooms, full kitchens, and laundry. Stunning views of Tower Bridge and the Thames. Prime location near attractions, restaurants, and transportation options.",,,"Situated next to The Tower of London, in one of the city's most historic locations, Cheval Three Quays sits on the banks of the River Thames with many apartments boasting views of the city's Tower Bridge. Perfectly located for the city's financial district yet within easy reach of the West End, Cheval Three Quays provides an unequalled setting on London's North Bank that offers both vibrancy and privacy. This iconic residence includes 159 serviced and residential 1, 2 and 3 luxury apartments and penthouses, many with unrivalled views across the Thames towards Tower Bridge and City Hall. Available from One Night, guests can be sure of exceptional home comforts, while receiving exceptional service, ensuring an exceptional experience."
london,2,30,15134890,The Resident Covent Garden,https://dynamic-media-cdn.tripadvisor.com/media/photo-o/16/96/54/22/the-nadler-covent-garden.jpg,https://www.tripadvisor.co.uk/Hotel_Review-g186338-d15134890-Reviews-The_Resident_Covent_Garden-London_England.html,4.9,2820.0,"#1 of 1,209 hotels in London",1.0,3462,"51 Bedford Street, London WC2R 0PZ England",+44 20 3146 1790,51.5099,-0.123479,London,$355,$355,298.0,633,Hotel,,Air conditioning|Free Wifi,,是,2026 Travelers' Choice Best of the Best,"Centrally located hotel near top attractions, dining, and shopping. Features modern, comfortable rooms with hidden kitchenettes, Nespresso machines, Brita-filtered water, and small balconies in some rooms. Perfect for exploring London with excellent amenities and 5-star service.",,,"Renowned for its elegant central Piazza, charming independent market stalls, vibrant street performers, and for having some of the best luxury shopping and fine dining in the capital, not to mention being home to the world-famous Royal Opera House and West End theatres, Covent Garden is one of London's most enchanting and inspirational destinations. The Resident Covent Garden is just a 3-minute walk from the main central Piazza (and within a 5-minute walk from both Covent Garden and Charing Cross stations), providing an oasis of calm right in the heart of London. The Resident Covent Garden offers 57 stylish and thoughtfully designed contemporary bedrooms, each featuring bespoke furniture, hand-made locally in West London, luxurious throws and cushions made from natural fibres woven on the Isle of Bute, Scotland, and special edition Paul Smith Anglepoise lamps, symbolising the brand’s focus on quality British design and craftsmanship."
london,11,300,192122,The Egerton House Hotel,https://dynamic-media-cdn.tripadvisor.com/media/photo-o/2b/fd/09/50/caption.jpg,https://www.tripadvisor.co.uk/Hotel_Review-g186338-d192122-Reviews-The_Egerton_House_Hotel-London_England.html,4.9,2324.0,"#28 of 1,209 hotels in London",29.0,3462,"17-19 Egerton Terrace, London SW3 2BX England",+44 20 7589 2412,51.4968,-0.167566,London,,,476.0,1005,Hotel,,Restaurant|Bar/Lounge|Air conditioning|Airport transportation,,是,2026 Travelers' Choice,"Boutique hotel in Knightsbridge with a country house ambiance. Close to Harrods and museums. Luxury amenities, bespoke service, dog-friendly options, unique afternoon tea, and Martini Masterclass.",,,"In the heart of Knightsbridge, on a quiet street overlooking private gardens, discover this enchanting boutique townhouse. Moments from Harrods and the V&A Museum, a passionate team welcomes each guest like family. With a unique character and beautiful traditional style, enjoy a delicious breakfast, Afternoon Tea by the fire or sip on one of London’s most famous martinis."
london,2,30,193104,"The Clermont London, Charing Cross",https://dynamic-media-cdn.tripadvisor.com/media/photo-o/1c/eb/9d/74/amba-hotel-charing-cross.jpg,https://www.tripadvisor.co.uk/Hotel_Review-g186338-d193104-Reviews-The_Clermont_London_Charing_Cross-London_England.html,4.8,8750.0,"#41 of 1,209 hotels in London",46.0,3462,"Strand Charing Cross, London WC2N 5HX England",+44 20 7523 5052,51.508537,-0.124709,London,$286,$286,293.0,615,Hotel,,Restaurant|Bar/Lounge|Fitness centre|Family Friendly,,是,2026 Travelers' Choice,"Elegant hotel blending traditional London charm with modern amenities. Centrally located near Covent Garden, Trafalgar Square, and theaters. Highlights include a romantic terrace with landmark views, a delightful afternoon tea, complimentary mini bar, and Nespresso machines in rooms.",,,"A landmark itself, Charing Cross opened in 1865 and remains one of London's most well-placed hotels. A few steps to Trafalgar Square. A minute's stroll to London's West End, A stone's throw away from The National Gallery and so much more. And when exploring more of the city, Charing Cross station is right next door."
london,10,270,6484754,"Shangri-La The Shard, London",https://dynamic-media-cdn.tripadvisor.com/media/photo-o/10/b6/33/d9/premier-city-view-room.jpg,https://www.tripadvisor.co.uk/Hotel_Review-g186338-d6484754-Reviews-Shangri_La_The_Shard_London-London_England.html,4.8,7897.0,"#26 of 1,209 hotels in London",27.0,3462,"31 St Thomas Street, London SE1 9QU England",+44 20 7234 8000,51.504257,-0.086855,London,$903,$903,749.0,1255,Hotel,,Pool|Restaurant|Bar/Lounge|Fitness centre,Breakfast included,是,2026 Travelers' Choice,"Luxury hotel with floor-to-ceiling windows showcasing iconic London landmarks. Highlights include an infinity pool on the 52nd floor, spacious rooms with modern amenities, and Ting restaurant’s afternoon tea and dining experiences. Convenient location near Tower Bridge. Stunning city views.",,,"Feel an unparalleled connection at Shangri-La The Shard, London. Stay in the capital’s highest hotel, in one of the world’s most iconic buildings, whilst enjoying panoramic skyline views that connect you to the whole city. This is the only five-star luxury hotel in London Bridge, contrasting sleek modern style with the area’s rich historic character. Connect with the real London in our vibrant neighbourhood, balancing old and new, raw and refined, traditional and visionary. Explore nearby food destinations such as Borough Market and Bermondsey Street, and enrich your stay with our array of authentic London experiences. Staying in London Bridge lets you benefit from the most convenient transportation access, whether by foot, car, boat or rail. For leisure visits, we easily connect to all of London’s most famous landmarks, from Big Ben to St. Paul’s Cathedral and the Tower of London. For business, it’s a quick trip to the City and Canary Wharf."
london,2,30,192036,The Montague on the Gardens,https://dynamic-media-cdn.tripadvisor.com/media/photo-o/2b/fd/18/e7/caption.jpg,https://www.tripadvisor.co.uk/Hotel_Review-g186338-d192036-Reviews-The_Montague_on_the_Gardens-London_England.html,4.8,6120.0,"#19 of 1,209 hotels in London",19.0,3462,"15 Montague Street, London WC1B 5BJ England",+44 20 7637 1001,51.52016,-0.125686,London,$320,$320,299.0,1011,Hotel,,Restaurant|Bar/Lounge|Fitness centre|Air conditioning,Breakfast included,是,2026 Travelers' Choice,"Conveniently located near the British Museum, this hotel offers exceptional service, unique dining options, a beach-themed bar, a cozy bistro, and a terrace for afternoon tea. Ideal for exploring London.",,,"A Georgian townhouse full of English charm, The Montague on the Gardens excels in traditional service and warm, generous hospitality. Located in literary Bloomsbury, just steps from the British Museum, we are famous for al-fresco dining and wonderfully fun pop-ups, including an alpine themed Ski Lodge in winter and a Hawaiian Beach Bar in the summer. Our chic Leopard Bar offers live jazz, whilst the conservatory is the perfect place to enjoy a traditional Afternoon Tea overlooking peaceful gardens."
london,1,0,192064,The Chesterfield Mayfair,https://dynamic-media-cdn.tripadvisor.com/media/photo-o/2b/fd/01/5c/caption.jpg,https://www.tripadvisor.co.uk/Hotel_Review-g186338-d192064-Reviews-The_Chesterfield_Mayfair-London_England.html,4.8,5966.0,"#9 of 1,209 hotels in London",9.0,3462,"35 Charles Street, London W1J 5EB England",+44 20 7491 2622,51.507694,-0.147136,London,$357,$357,376.0,956,Hotel,,Restaurant|Bar/Lounge|Air conditioning|Airport transportation,,是,2026 Travelers' Choice,"Charming hotel with vintage British ambiance, exceptional service, and a standout afternoon tea featuring refillable treats and a sweetshop finale. Highlights include a cozy terrace bar, a rooftop gem, and a renowned restaurant. Perfectly located near top dining and attractions.",,,"The Chesterfield, located in the heart of Mayfair, is quintessentially British and exudes classic charm and unique personality. An ideal location minutes from Bond Street, Piccadilly and the Royal Parks, The Chesterfield Mayfair is renowned for the best Dover sole in London, themed afternoon teas, molecular cocktails and gin tasting experiences. A passionate team consistently exceeds guest expectations with faultless service."
london,1,0,248802,"St. Ermin's Hotel, Autograph Collection",https://dynamic-media-cdn.tripadvisor.com/media/photo-o/29/7d/54/0a/st-ermin-s-hotel-exterior.jpg,https://www.tripadvisor.co.uk/Hotel_Review-g186338-d248802-Reviews-St_Ermin_s_Hotel_Autograph_Collection-London_England.html,4.7,8977.0,"#13 of 1,209 hotels in London",13.0,3462,"2 Caxton Street, London SW1H 0QW England",+44 20 7222 7888,51.49875,-0.134264,London,$389,$389,376.0,647,Hotel,,Restaurant|Bar/Lounge|Fitness centre|Air conditioning,,是,2026 Travelers' Choice,"Elegant hotel near St. James's Park tube station and iconic landmarks like Buckingham Palace and Westminster Abbey. Rich history, charming ambiance, and unique amenities. Features a lively bar, renowned restaurant, and proximity to shops, eateries, and top attractions.",,,"St. Ermin’s Hotel, part of Marriott’s Autograph Collection nestled in the heart of St James in London. This distinctive deluxe hotel is a relaxed haven from London's bustling streets. From the lush tree-lined courtyard to historic interiors, this luxury hotel provides guests with beautiful and innovative facilities."
london,6,150,2309633,Conrad London St James,https://dynamic-media-cdn.tripadvisor.com/media/photo-o/33/99/10/7d/exterior.jpg,https://www.tripadvisor.co.uk/Hotel_Review-g186338-d2309633-Reviews-Conrad_London_St_James-London_England.html,4.7,6566.0,"#71 of 1,209 hotels in London",84.0,3462,"22-28 Broadway, London SW1H 0BH England",+44 20 3301 8080,51.499462,-0.132924,London,,,375.0,1251,Hotel,,Restaurant|Bar/Lounge|Fitness centre|Family Friendly,,是,2026 Travelers' Choice,"Centrally located hotel steps from St James Park and the Tube, with easy access to top London landmarks like Westminster Abbey and Buckingham Palace. Features spacious rooms, excellent service, a standout Executive Lounge, and the popular Blue Boar Pub offering great food, drinks, and ambience.",,,"Set in the heart of the British capital, the 5-star luxury Conrad London St. James is a five-minute walk from iconic landmarks such as Westminster Abbey, Buckingham Palace, and Big Ben. Light and stylish bedrooms with bespoke luxury bedding are complemented by marble bathrooms. While Nespresso coffee machines and extensive free Wi-Fi throughout the hotel are essential additions for the modern traveller. Indulge in free-flowing Afternoon Tea with Champagne Bollinger. Dine at The Pem, the hotel’s destination restaurant where locally sourced product meets a modern take on English 'comfort food', or enjoy your evening in Blue Boar Pub, with local craft beers and classic British pub food. A 24-hour fitness centre allows you to exercise at your convenience or enjoy the scenic jogging routes. The new family package includes a personalised storybook and, for an elevated experience, a unique fairy-tale forest themed Children's room. As a pet-friendly hotel, furry friends are warmly welcome."
london,1,0,193617,The Marylebone,https://dynamic-media-cdn.tripadvisor.com/media/photo-o/2c/20/0a/85/the-cocktail-bar.jpg,https://www.tripadvisor.co.uk/Hotel_Review-g186338-d193617-Reviews-The_Marylebone-London_England.html,4.7,6192.0,"#62 of 1,209 hotels in London",73.0,3462,"47 Welbeck Street, London W1G 8DN England",+44 20 7486 6600,51.517975,-0.149927,London,$431,$431,327.0,770,Hotel,,Pool|Spa|Restaurant|Bar/Lounge,,是,2026 Travelers' Choice,"Centrally located hotel on a quiet Marylebone street, steps from Oxford and Regent Streets. Surrounded by shops, restaurants, and pubs. Features a vibrant cocktail bar, intimate atmosphere, and a delicious adjoining restaurant. Exceptional service and luxurious accommodations.",,,"The vibrant, bijou feel of Marylebone village is mirrored in the chic, stylish hotel that shares its name. Discover the charm and buzz of 108 Brasserie; a bright new raft of event spaces – indoor and out; and expansive, rooftop terrace suites that rival any in London for the wow factor. The Marylebone is a short walk to the excitement of Oxford Street, the world-famous stores of Bond Street and Mayfair, Harley Street and the elegant green spaces of Regents Park and Hyde Park. Characterised by its striking design and décor – in places inspired by the great David Hicks, The Marylebone epitomises the vibrant charm of its special London location. Embracing art, design and culture, its guest rooms, suites and public spaces are a celebration of contemporary and antique art and furnishings. Rare in central London is the on-site Third Space gym and spa, equipped with 18m indoor pool, state-of-the-art gym equipment and a range of complimentary fitness classes for guests of the hotel."
london,6,150,209229,The Bloomsbury Hotel,https://dynamic-media-cdn.tripadvisor.com/media/photo-o/31/f4/43/68/the-bloomsbury-heritage.jpg,https://www.tripadvisor.co.uk/Hotel_Review-g186338-d209229-Reviews-The_Bloomsbury_Hotel-London_England.html,4.7,5821.0,"#32 of 1,209 hotels in London",34.0,3462,"16-22 Great Russell Street, London WC1B 3NN England",+44 20 7347 1000,51.517254,-0.128954,London,$396,$396,339.0,708,Hotel,,Restaurant|Bar/Lounge|Fitness centre|Air conditioning,Breakfast included,是,2026 Travelers' Choice,"Elegant boutique hotel near Tottenham Court Road, perfect for exploring London. Central location near theaters, Oxford Street, and the British Museum. Features stylish rooms, exceptional service, the lively Coral Bar, and the Dalloway Terrace restaurant with a pre-theatre menu.",,,"In the beating heart of London, close to Theatreland, The British Museum and Covent Garden, The Bloomsbury, a magnificent Edwin Lutyens’ Grade II-listed, neo-Georgian building sits amid the historic 18th century neighbourhood of the same name; a literary heartland filled with galleries, bookshops and a wealth of cultural heritage. Following a multimillion pound refurbishment, the final chapter in The Bloomsbury’s redevelopment includes beautifully designed Luxury Studio Suites, Sitting Room and grand salon bar - The Coral Room. The Coral Room, designed in collaboration with internationally-acclaimed, Martin Brudnizki Design Studio, features 36 original pieces of art commissioned with illustrator Luke Edward Hall and inspired by the surrounding Bloomsbury area. The restoration of The Bloomsbury also includes Dalloway Terrace, a charming indoor and outdoor restaurant and The Bloomsbury Club Bar which takes inspiration from the Bloomsbury Set, evoking the glamour of a bygone era."
london,1,0,8147345,InterContinental London - The O2 By IHG,https://dynamic-media-cdn.tripadvisor.com/media/photo-o/0a/96/eb/81/hotel-exterior-evening.jpg,https://www.tripadvisor.co.uk/Hotel_Review-g186338-d8147345-Reviews-InterContinental_London_The_O2_By_IHG-London_England.html,4.6,9591.0,"#177 of 1,209 hotels in London",205.0,3462,"1 Waterview Drive Greenwich Peninsula, London SE10 0TW England",+44 20 8463 6868,51.503025,-0.00019,London,$393,$393,278.0,710,Hotel,,Pool|Spa|Restaurant|Bar/Lounge,Sponsored,是,2026 Travelers' Choice,"Modern hotel with stunning river and skyline views, large rooms, and excellent service. Features a top-tier spa, gym, pool, and sauna. Convenient location near The O2 and Jubilee Line. Notable for its diverse restaurants, Sky Bar, afternoon tea, and Club Lounge with evening canapés.",,,"Welcome to InterContinental London - The O2, a luxurious hotel on the Greenwich Peninsula. Indulge in spacious rooms with floor-to-ceiling windows, offering panoramic views of the River Thames and Canary Wharf. Unwind at our award-winning spa, which features an indoor pool, jacuzzi, sauna, and Fitness Centre. Savour a culinary journey at Kinaara, enjoy Indian Afternoon Tea, or elevate your evening at Eighteen Sky Bar. Located steps from The O2, our hotel is perfect for business or leisure stays."
london,5,120,6161763,Sea Containers London,https://dynamic-media-cdn.tripadvisor.com/media/photo-o/06/a5/4d/c3/mondrian-london.jpg,https://www.tripadvisor.co.uk/Hotel_Review-g186338-d6161763-Reviews-Sea_Containers_London-London_England.html,4.6,7485.0,"#139 of 1,209 hotels in London",161.0,3462,"20 Upper Ground, London SE1 9PD England",+44 20 3747 1000,51.50821,-0.106864,London,$310,$310,297.0,662,Hotel,,Spa|Restaurant|Bar/Lounge|Fitness centre,Breakfast included,是,2026 Travelers' Choice,"Stylish riverside hotel on the South Bank with stunning Thames views, a rooftop bar, and unique touches like a cinema and cocktail bar. Prime location near galleries, dining, and transport. Spacious rooms, excellent service, and a modern atmosphere for a memorable stay.",,,"Sea Containers London, formerly Mondrian. Experience sophisticated design, unique boutique hotel, luxury dining and award-winning bars. Book Direct & Save!"
london,52,1530,193084,"The Marble Arch Hotel, By Thistle",https://dynamic-media-cdn.tripadvisor.com/media/photo-o/32/bc/95/c8/hotel-entrance.jpg,https://www.tripadvisor.co.uk/Hotel_Review-g186338-d193084-Reviews-The_Marble_Arch_Hotel_By_Thistle-London_England.html,4.6,6892.0,"#156 of 1,209 hotels in London",179.0,3462,"Bryanston Street, London W1H 7EH England",+44 20 7523 5060,51.514175,-0.156651,London,,,247.0,573,Hotel,,Restaurant|Bar/Lounge|Fitness centre|Air conditioning,,否,,"Centrally located hotel near Hyde Park and Oxford Street, ideal for shopping and exploring. Features spacious, clean rooms, an executive lounge with excellent breakfast, and a well-stocked mini bar. On-site dining includes a restaurant, bar, and café serving Starbucks coffee.",,,"Moments from Oxford Street, the heart of London's shopping mecca, The Marble Arch hotel is a place you can call home with all the comforts and conveniences you need for a memorable stay. With Regents Street, Hyde Park, Marylebone and dozens of other landmarks nearby, location really is everything. Nearly 700 bright, modern and spacious bedrooms fill this vibrant hotel. Archy's Bar & Lounge is the perfect way to recharge after a day of shopping, sightseeing, or meetings. We offer 12 fully-equipped meeting rooms and a beautiful ballroom for your events. You'll conveniently also enjoy fast, free and unlimited Wi-Fi throughout the hotel."
london,7,180,199868,The Rubens At The Palace,https://dynamic-media-cdn.tripadvisor.com/media/photo-o/34/24/a9/99/the-rubens-at-the-palace.jpg,https://www.tripadvisor.co.uk/Hotel_Review-g186338-d199868-Reviews-The_Rubens_At_The_Palace-London_England.html,4.6,6477.0,"#35 of 1,209 hotels in London",38.0,3462,"39 Buckingham Palace Road, London SW1W 0PS England",+44 20 7834 6600,51.498276,-0.143553,London,,,273.0,679,Hotel,,Restaurant|Bar/Lounge|Air conditioning|Pets Allowed,,是,2026 Travelers' Choice,"Historic hotel with a cozy atmosphere and prime location near Buckingham Palace and Victoria Station. Renowned for exceptional service, beautifully decorated rooms, and superb dining, including a standout full English breakfast, afternoon tea, and a highly praised curry restaurant.",,,"Our beautifully restored historic hotel is cared for by a team who take genuine pride in delivering impeccable service and exceeding expectations at every turn. Overlooking The Royal Mews of Buckingham Palace - the entrance used by the Royal family - The Rubens showcases exceptional dining journeys, and enriching and rewarding experiences, from the very first moment guests are greeted by our red-uniformed doormen..."
london,11,300,614236,Hilton London Tower Bridge,https://dynamic-media-cdn.tripadvisor.com/media/photo-o/32/ba/66/08/exterior.jpg,https://www.tripadvisor.co.uk/Hotel_Review-g186338-d614236-Reviews-Hilton_London_Tower_Bridge-London_England.html,4.5,6713.0,"#246 of 1,209 hotels in London",292.0,3462,"Tooley Street 5 More London Place, London SE1 2BY England",+44 20 3002 4300,51.504623,-0.082584,London,,,225.0,630,Hotel,,Restaurant|Bar/Lounge|Fitness centre|Air conditioning,,是,2026 Travelers' Choice,"Conveniently located near London Bridge station, this hotel offers stunning views of Tower Bridge and the Thames. Close to Borough Market, the Shard, and top dining options. Guests praise the executive lounge for its luxurious amenities, outdoor space, and excellent food selection.",,,"One block from the Thames, our hotel has views of The Shard from our Executive Lounge City Terrace. The London Bridge train station is a two-minute walk away for easy city access. We are within a ten-minute walk to the Tower Bridge, Hay’s Galleria, HMS Belfast, Borough Market, and more. Enjoy our on-site dining, bar, and fitness center. Choices of elegant rooms await your arrival at Hilton London Tower Bridge. Upgrade to an Executive room to benefit with exclusive access from complimentary breakfast each morning, refreshments throughout the day, and canapes with alcoholic beverages in the evening while enjoying spectacular London views from the City terrace."
london,4,90,621785,"The Hoxton, Shoreditch",https://dynamic-media-cdn.tripadvisor.com/media/photo-o/32/85/d0/10/cosy-up.jpg,https://www.tripadvisor.co.uk/Hotel_Review-g186338-d621785-Reviews-The_Hoxton_Shoreditch-London_England.html,4.5,6594.0,"#345 of 1,209 hotels in London",406.0,3462,"81 Great Eastern St Hackney, London EC2A 3HU England",+44 20 7550 1000,51.525608,-0.082888,London,$303,$303,227.0,565,Hotel,,Restaurant|Bar/Lounge|Air conditioning|Pets Allowed,,是,2026 Travelers' Choice,"Modern hotel in Shoreditch's vibrant, hip area near restaurants, bars, and attractions like Brick Lane and Spitalfields Market. Stylish rooms, helpful staff, restaurant options, and great transport links.",,,"Surrounded by hip restaurants and bars in the trendy Shoreditch neighbourhood, this chic hotel is a 6-minute walk from the Old Street tube station, 12 minutes' walks from the lively curry houses of Brick Lane, and 2 miles from the Tower of London. Hip, individually decorated rooms with contemporary and/or mid-century modern decor feature free Wi-Fi and flat-screen TVs, plus rainfall showerheads, minifridges, and tea and coffeemaking facilities. In-room breakfast bags are provided. Room service is available. There's a fashionable grill restaurant with exposed brick walls, and a funky lobby bar, plus a library, and meeting and evening space."
london,1,0,192068,Pullman London St Pancras,https://dynamic-media-cdn.tripadvisor.com/media/photo-o/30/0c/1e/3b/caption.jpg,https://www.tripadvisor.co.uk/Hotel_Review-g186338-d192068-Reviews-Pullman_London_St_Pancras-London_England.html,4.5,6223.0,"#359 of 1,209 hotels in London",421.0,3462,"100 - 110 Euston Road, London NW1 2AJ England",+44 20 7666 9000,51.5286,-0.128333,London,$250,$250,233.0,510,Hotel,,Spa|Restaurant|Bar/Lounge|Fitness centre,,是,2026 Travelers' Choice,"Modern hotel near King’s Cross, St Pancras, and Euston stations. Trendy decor, spacious rooms, excellent breakfast, elegant dining, and great views. Convenient for public transport, restaurants, and attractions.",,,"Rest assured that we are still here to welcome you and allow you to stay on top of your game ! Pullman London St Pancras has everything you need to unlock your potential. There’s space for you to work, create and connect in the 312 modern rooms and suites, 17 meeting rooms, not to mention the vibrant lobby. Always looking to up our game, we redefine what it means to travel. Our holistic well-being program is fresh; as is the cuisine we serve – all designed to fuel performance while expertly balancing indulgence and health. Everywhere you turn, art surrounds and inspires you. And, there’s the opportunity to play around every corner. Located in King’s Cross, the contemporary, stylish and cosmopolitan Pullman London St Pancras opens up new travel possibilities, with London on your doorstep and Saint Pancras International Station and Eurostar trains just 5 minutes away by foot. Your health & safety is our priority - visit our website for all the latest updates."
london,11,300,798951,Andaz London Liverpool Street By Hyatt,https://dynamic-media-cdn.tripadvisor.com/media/photo-o/26/d1/0e/c0/andaz-london.jpg,https://www.tripadvisor.co.uk/Hotel_Review-g186338-d798951-Reviews-Andaz_London_Liverpool_Street_By_Hyatt-London_England.html,4.5,5481.0,"#196 of 1,209 hotels in London",227.0,3462,"40 Liverpool Street, London EC2M 7QN England",+44 20 7961 1234,51.51738,-0.081596,London,,,329.0,927,Hotel,,Restaurant|Bar/Lounge|Fitness centre|Airport transportation,,是,2026 Travelers' Choice,"Quirky hotel blending historic charm and modern design near Liverpool Street Station. Stylish rooms, free minibar, multiple dining options, and Masonic temple tours. Surrounded by restaurants, pubs, and markets.",,,"Right in the heart of the city, this 5-star hotel is your go-to for work hustle or just kicking back on a chill weekend break. Back in the day, it was known as the Great Eastern, a London railway hotel with its iconic redbrick Victorian charm dating back to 1884. When you step inside, it's like time-travelling into the 21st century, with 267 designer guest rooms. ​ At Andaz London by Hyatt experience the city as a local and explore London's gems right at our doorstep. The iconic Tower of London and Tower Bridge are just steps away, for a burst of floral charm, Columbia Road Flower Market awaits, while the legendary Brick Lane and vibrant Spitalfields offer the ultimate cool and quirky experiences. ​ Our five-star lifestyle hotel is also the perfect place for a dinner, a bottomless brunch or a few cocktails. You will also find a modern gym and in-room treatments are available to enhance your stay in East London."
london,4,90,210361,Premier Inn London County Hall Hotel,https://dynamic-media-cdn.tripadvisor.com/media/photo-o/18/fb/38/07/premier-inn-london-county.jpg,https://www.tripadvisor.co.uk/Hotel_Review-g186338-d210361-Reviews-Premier_Inn_London_County_Hall_Hotel-London_England.html,4.4,11997.0,"#410 of 1,209 hotels in London",482.0,3462,"County Hall Belvedere Road, London SE1 7PB England",+44 333 321 1246,51.5025,-0.118072,London,$173,$173,158.0,328,Hotel,,Restaurant|Bar/Lounge|Family Friendly,,是,2026 Travelers' Choice,"Centrally located hotel on the South Bank near the London Eye, Westminster, and Big Ben. Ideal for sightseeing with easy access to Waterloo station, restaurants, and shops. Features spacious, clean rooms in a historic building. Great base for exploring London at a reasonable price.",,,"Enjoy London city breaks in style at our Premier Inn London County Hall hotel. Set inside the city's historic County Hall - an iconic Grade II listed building - we're just a short walk away from some of the city's main tourist attractions like the London Eye, The London Dungeon and Jubilee Gardens. Kids will love visiting the popular London Aquarium, while other London South Bank attractions like the Tate Modern and Shakespeare's Globe Theatre are unmissable for culture lovers. Big Ben isn't far away either and, as you'll be close to Westminster Bridge, neither is Westminster Abbey. If you want to visit other London boroughs, you can head straight for Waterloo Station, which is only about an eight-minute walk away. Leave some extra time to wander through Waterloo Graffiti Tunnel on your way!"
london,7,180,193079,The Royal Horseguards,https://dynamic-media-cdn.tripadvisor.com/media/photo-o/1a/ba/cc/64/the-royal-horseguards.jpg,https://www.tripadvisor.co.uk/Hotel_Review-g186338-d193079-Reviews-The_Royal_Horseguards-London_England.html,4.4,8943.0,"#226 of 1,209 hotels in London",269.0,3462,"2 Whitehall Court, London SW1A 2EJ England",+44 20 7523 5062,51.50605,-0.124196,London,,,295.0,597,Hotel,,Restaurant|Bar/Lounge|Fitness centre|Air conditioning,,是,2026 Travelers' Choice,"Historic hotel near Trafalgar Square and the Thames, ideal for exploring London’s landmarks. Highlights include luxurious rooms, some with stunning river views, top-quality service, and the Equus Bar’s cocktails. Convenient location near transport, offering charm and hospitality.",,,"Located on the River Thames in historic Whitehall, this iconic Victorian hotel provides a unique stay in the heart of central London. Blending heritage charm with modern comfort, just a 5-minute walk from the National Gallery, Trafalgar Square, and within easy reach of Covent Garden and the West End. Experience warm service, elegant interiors, free Wi-Fi, garden terrace dining, traditional afternoon tea, and rooms with sweeping views across London's skyline and the River Thames."
london,1,0,3411810,Premier Inn London Blackfriars (Fleet Street) hotel,https://dynamic-media-cdn.tripadvisor.com/media/photo-o/17/f4/5b/d8/premier-inn-london-blackfriars.jpg,https://www.tripadvisor.co.uk/Hotel_Review-g186338-d3411810-Reviews-Premier_Inn_London_Blackfriars_Fleet_Street_hotel-London_England.html,4.4,6937.0,"#250 of 1,209 hotels in London",297.0,3462,"1-2 Dorset Rise, London EC4Y 8EN England",+44 333 321 9269,51.51298,-0.105115,London,$139,$139,124.0,322,Hotel,,Restaurant|Bar/Lounge|Air conditioning|Family Friendly,,是,2026 Travelers' Choice,"Conveniently located near a tube and train station, this hotel offers easy access to London attractions like St. Paul’s and Tate Modern. Features modern rooms, family-friendly options, bar, and restaurant.",,,"With St Paul's Cathedral to one side, Tate Modern to the other, and the City on your doorstep, it's hard to get more central than Premier Inn London Blackfriars. In fact, for a short break, we're perfectly placed. Wander to the West End and Covent Garden. Stroll along the Thames to Big Ben and the London Eye. Or catch a show at the world- famous Mermaid Theatre, just next door. And, with many of the world's biggest companies just minutes away, we're ideal for business trips too. Whether it's been work or play, you'll return to a friendly team, extra-comfy beds and an excellent breakfast."
london,5,120,10410272,citizenM Tower of London,https://dynamic-media-cdn.tripadvisor.com/media/photo-o/32/0c/17/08/lobby.jpg,https://www.tripadvisor.co.uk/Hotel_Review-g186338-d10410272-Reviews-CitizenM_Tower_of_London-London_England.html,4.4,5285.0,"#445 of 1,209 hotels in London",527.0,3462,"40 Trinity Square, London EC3N 4DJ England",+44 20 3519 4830,51.510136,-0.076751,London,$177,$177,149.0,440,Hotel,,Restaurant|Bar/Lounge|Air conditioning|Free Wifi,,是,2026 Travelers' Choice,"Modern, stylish hotel with stunning views of the Tower of London and Tower Bridge. Features chic design, comfortable beds, and a rooftop bar with panoramic city views. Convenient location near shops and transit. Unique self-service concept with tech-savvy amenities like iPad controls.",,,"Say 'good day' to citizenM Tower of London, where affordable luxury meets smart tech in the historic heart of London. You’ll find us a 10 minute stroll from the financial district, with Tower Bridge five minutes away - and the Tower Hill tube station right below us. All bedrooms have wall-to-wall windows and beds (add a spectacular Tower view for a tiny extra fee). Also in your room - power shower, smart TV with a free movie library, superfast free Wi-Fi (sorry, no kettles). After every stay, every room gets a deep-clean worthy of a BRIT Award. Go completely hands-free with room controls by using our free app or the bedside MoodPad tablet - they cover everything from blinds to temperature and TV channels. Downstairs, an enormous living room and 24/7 kitchen are yours to enjoy - food, drinks, cocktails, art, books and ultra-comfortable Vitra furniture. Upstairs on the 7th floor, you'll find our cloudM rooftop bar - the views alone are to die for, and the cocktails are even better."
london,34,990,1657415,Park Plaza Westminster Bridge,https://dynamic-media-cdn.tripadvisor.com/media/photo-o/31/dc/ae/a4/exterior.jpg,https://www.tripadvisor.co.uk/Hotel_Review-g186338-d1657415-Reviews-Park_Plaza_Westminster_Bridge-London_England.html,4.3,26744.0,"#427 of 1,209 hotels in London",508.0,3462,"200 Westminster Bridge Rd, London SE1 7UT England",+44 333 400 6112,51.50099,-0.116794,London,,,266.0,536,Hotel,,Pool|Spa|Restaurant|Bar/Lounge,,否,,"Modern hotel on the South Bank with spacious rooms, many offering stunning Big Ben views. Prime location near landmarks like the London Eye and Waterloo station. Features a pool, spa, and studio rooms with kitchenettes. Guests praise the helpful staff and the vibrant Primo bar.",,,"Conveniently situated on the South Bank of the Thames, Park Plaza London Westminster Bridge features contemporary design throughout its 1,019 rooms and suites. From its iconic position opposite Big Ben and the Houses of Parliament, the hotel places London's finest landmarks at your fingertips. The London Eye, Big Ben, the London Dungeons, the London Aquarium and the city's finest theatres, restaurants and bars are just a few steps away. A choice of tastefully conceived and breathtakingly executed guestrooms and suites includes large Studio Rooms with a bedroom, bathroom and living space with pull-out sofa bed, which is perfect for family stays. On the hotel's highest floors, enhanced amenities and extra space are on offer in the chic Penthouses and Suites, some of which have split-level duplex accommodation, balconies and panoramic city views. Brasserie Joël presents delicious French cuisine with seasonal specialities, while Ichi Sushi & Sashimi offers a true taste of Tokyo."
london,2,30,1946018,Doubletree By Hilton London Tower Of London,https://dynamic-media-cdn.tripadvisor.com/media/photo-o/2b/a8/be/59/view.jpg,https://www.tripadvisor.co.uk/Hotel_Review-g186338-d1946018-Reviews-Doubletree_By_Hilton_London_Tower_Of_London-London_England.html,4.3,9511.0,"#105 of 1,209 hotels in London",125.0,3462,"7 Pepys Street, London EC3N 4AF England",+44 20 7709 1000,51.510883,-0.078078,London,$153,$153,172.0,505,Hotel,,Restaurant|Bar/Lounge|Fitness centre|Air conditioning,,是,2026 Travelers' Choice,"Modern hotel with a stunning rooftop bar offering breathtaking views of London landmarks. Features an executive lounge with excellent service, comfortable rooms, and a warm welcome with signature cookies. Ideal for business or tourism with great dining options and a convenient location.",,,"DoubleTree by Hilton London – Tower of London offers a stylish urban escape in the heart of the capital’s historic district. Located just steps from Tower Hill Tube Station and Fenchurch Street Station, the hotel is a short walk from the Tower of London, and Borough Market. With easy access to the financial district and Central London, it’s ideal for both business and leisure travelers. Contemporary rooms feature a contemporary bathroom, complimentary WiFi, and digital key access. Guests are welcomed with the signature DoubleTree cookie and can enjoy breakfast at City Café, unwind at Vertical Bar, or sip London-inspired cocktails at Savage Garden—a rooftop bar with views of Tower Bridge. The hotel also offers a fitness center, executive lounge, concierge service, and pet-friendly rooms. Family amenities and bespoke experiences are available for guests with children."
london,2,30,577593,Park Plaza London Riverbank,https://dynamic-media-cdn.tripadvisor.com/media/photo-o/0e/c3/77/0b/executive-lounge.jpg,https://www.tripadvisor.co.uk/Hotel_Review-g186338-d577593-Reviews-Park_Plaza_London_Riverbank-London_England.html,4.3,7708.0,"#336 of 1,209 hotels in London",396.0,3462,"18 Albert Embankment Vauxhall, London SE1 7TJ England",+44 333 400 6122,51.49162,-0.12185,London,$233,$233,201.0,449,Hotel,,Pool|Spa|Restaurant|Bar/Lounge,,是,2026 Travelers' Choice,"Riverside hotel with stunning Thames views, modern spacious rooms, and smart controls for lights and curtains. Close to London Eye and Big Ben, with easy access to public transport. Features an acclaimed restaurant offering diverse cuisine, river views, and live music.",,,"Culture vulture. Shopaholic. Sightseer. However you spend your free time, Park Plaza London Riverbank is your perfect launching pad to the very best London has to offer. Landmarks such as Big Ben, the London Eye, Westminster Abbey and Tate Modern are a stone's throw away, while Theatreland, chic boutiques and world-famous museums and galleries can be reached within minutes. Effortlessly stylish, Park Plaza London Riverbank boasts 645 guestrooms including Executive Rooms and Suites with Bose CD/DVD player, plasma TV with surround sound and a pull-out sofa bed for the children. Many guestrooms and suites have stunning views of the River Thames and Westminster. The Family Getaway package includes accommodation, a children's gift bag, special menus, food and drink vouchers, and complimentary breakfast for the children."
london,46,1350,265539,"St. James’ Court, A Taj Hotel",https://dynamic-media-cdn.tripadvisor.com/media/photo-o/1b/23/94/aa/st-james-court-a-taj.jpg,https://www.tripadvisor.co.uk/Hotel_Review-g186338-d265539-Reviews-St_James_Court_A_Taj_Hotel-London_England.html,4.3,6973.0,"#412 of 1,209 hotels in London",484.0,3462,"54 Buckingham Gate, London SW1E 6AF England",+44 20 7834 6655,51.498703,-0.137004,London,,,303.0,639,Hotel,,Spa|Restaurant|Bar/Lounge|Fitness centre,,否,,"Luxury 5-star hotel in a heritage building with elegant rooms, a stunning lobby, unique Indian-inspired atmosphere, and exceptional dining. Ideally located near iconic London landmarks like Buckingham Palace and Big Ben, with excellent transport links and attentive service.",,,"A Grand Classic, Reimagined Please note: The hotel’s lobby and select event spaces are under renovation through February 2026. The hotel remains fully operational, with redirected guest entry and all services (including restaurants and spa) open as usual. Check-in, concierge, and guest seating have been thoughtfully relocated to maintain comfort and service. Events for larger groups are supported at partner venues nearby. In a country that values understatement, St. James' Court is an English classic typifying the concealed charm of one of Britain's finest hotels. The custom of St. James’ Court, A Taj Hotel is the distinctive choice for more than service with a smile. With a distinguished pedigree shaped over more than a century, this discreet Victorian masterpiece with its famous Shakespearean Courtyard is perfectly placed between Buckingham Palace and the Houses of Parliament in a historic enclave marking the centre of power."
london,3,60,571109,Premier Inn London King's Cross Hotel,https://dynamic-media-cdn.tripadvisor.com/media/photo-o/17/fe/6f/c3/premier-inn-bedroom.jpg,https://www.tripadvisor.co.uk/Hotel_Review-g186338-d571109-Reviews-Premier_Inn_London_King_s_Cross_Hotel-London_England.html,4.2,7316.0,"#557 of 1,209 hotels in London",664.0,3462,"26-30 York Way Kings Cross, London N1 9AA England",+44 333 321 1272,51.531933,-0.122215,London,,,180.0,367,Hotel,,Restaurant|Bar/Lounge|Air conditioning|Family Friendly,,是,2026 Travelers' Choice,"Conveniently located near King’s Cross and St Pancras stations, this hotel offers clean, comfortable rooms, spacious family options, and an elegant foyer. On-site restaurant, bar, and Costa Coffee. Surrounded by dining options and excellent transport links, ideal for London visits.",,,"Stay in the cultural heart of the capital just a short walk away from St Pancras International at our Premier Inn London Kings Cross hotel. You'll love our location - with King's Cross station and Eurostar terminals less than a five-minute walk away, getting around London throughout your stay couldn't be easier. One of the most popular places to visit near King's Cross, The British Library, is just a 10-minute walk away from our hotel, as is Platform 9¾ - a must-see for Harry Potter fans! Plus, with other top London attractions like The British Museum and Granary Square within easy reach, you'll be spoilt for choice. End your days out in London with mouth-watering meals back at our Bar + Block King's Cross Steakhouse and a great night's sleep on a super-comfy bed. Whatever the occasion, our King's Cross Premier Inn has everything you want and more when you're looking for hotels in central London."
london,83,2460,286746,Premier Inn London Kensington (Earl's Court) hotel,https://dynamic-media-cdn.tripadvisor.com/media/photo-o/1c/81/32/80/premier-inn-london-kensington.jpg,https://www.tripadvisor.co.uk/Hotel_Review-g186338-d286746-Reviews-Premier_Inn_London_Kensington_Earl_s_Court_hotel-London_England.html,4.2,5782.0,"#545 of 1,209 hotels in London",651.0,3462,"11 Knaresborough Place, London SW5 0TJ England",+44 333 321 1268,51.493614,-0.190753,London,,,124.0,285,Hotel,,Restaurant|Bar/Lounge|Air conditioning|Family Friendly,,否,,"Conveniently located near a tube station and top attractions like museums and the Royal Albert Hall. Surrounded by dining and shopping options. Features clean, functional rooms and an on-site restaurant.",,,"Premier Inn Kensington (Earl's Court) is practically made for mini-breaks, with almost every major attraction within easy reach. From dinosaurs to designer names, football stars to incredible shows, there's something to keep everyone happy. Be inspired at the Natural History, Science and Victoria & Albert Museums or Buckingham Palace. See the Blues in full flow at Chelsea's Stamford Bridge Stadium. Or catch a show at the Royal Albert Hall or the West End. Our friendly team will help you get the most from your stay and provide everything you need to recharge the batteries: tasty food and extra-comfy beds."
london,3,60,195224,London Hilton on Park Lane,https://dynamic-media-cdn.tripadvisor.com/media/photo-o/34/37/62/bd/exterior.jpg,https://www.tripadvisor.co.uk/Hotel_Review-g186338-d195224-Reviews-London_Hilton_on_Park_Lane-London_England.html,4.2,5105.0,"#116 of 1,209 hotels in London",136.0,3462,"22 Park Lane, London W1K 1BE England",+44 20 7493 8000,51.50551,-0.150387,London,,,401.0,959,Hotel,,Spa|Restaurant|Bar/Lounge|Fitness centre,,是,2026 Travelers' Choice,"Iconic hotel with stunning views of Hyde Park and the city. Offers impeccable service, a spacious executive lounge, and highly praised afternoon tea experiences. Prime location near transportation and central attractions. Features a traditional charm, Mayfair Suite, and Trader Vic's restaurant.",,,"Located in the heart of Mayfair, London Hilton on Park Lane was the first Hilton to open within the UK and is close to all that London has to offer, including theatres, Royal Parks and world-famous landmarks. The hotel is beside Hyde Park and just half a mile from Green Park and Buckingham Palace and one tube stop away from Big Ben and the London Eye. Soaring high above Park Lane, the hotel is famed for its unparalleled five-star luxury. We offer a variety of accommodations, including 453 spacious guest rooms, 56 exquisite suites, and a Presidential Suite. No matter your preference, there's something here to make your stay unforgettable."
london,32,930,1866705,"St. Pancras London, Autograph Collection",https://dynamic-media-cdn.tripadvisor.com/media/photo-o/30/38/92/bf/caption.jpg,https://www.tripadvisor.co.uk/Hotel_Review-g186338-d1866705-Reviews-St_Pancras_London_Autograph_Collection-London_England.html,4.2,4859.0,"#643 of 1,209 hotels in London",784.0,3462,"Euston Road, London NW1 2AR England",+44 20 7841 3540,51.529804,-0.125757,London,$385,$385,351.0,751,Hotel,,Pool|Spa|Restaurant|Bar/Lounge,Sponsored,否,,"Historic hotel in a restored Victorian building with unique architecture and a central location near shops, dining, and a train station. Features elegant bars, dining options, and high-ceilinged rooms.",,,"For over 152 years, St. Pancras London has stood as a stunning testament to Victorian Gothic revival architecture—a beacon of pioneering design and elegance. Originally unveiled as the Midland Grand Hotel in 1873, it was designed not only as a place of luxury but also as a bold symbol of innovation. From the introduction of hydraulic lifts to the first revolving door in the UK, the building was ahead of its time. Its soaring vaulted ceilings, majestic Grand Staircase and the iconic clock that towers above the city continue to shape the London skyline and captivate all who pass by. Nestled above the city's most connected transport hub, St. Pancras London stands at the crossroads of local and international journeys. The hotel's 245 rooms and suites seamlessly blend preserved historical features with contemporary comforts, creating a space where the past is cherished and the present is celebrated."
london,11,300,3240599,Point A London Kings Cross,https://dynamic-media-cdn.tripadvisor.com/media/photo-o/29/fe/be/6c/twin-room-with-window.jpg,https://www.tripadvisor.co.uk/Hotel_Review-g186338-d3240599-Reviews-Point_A_London_Kings_Cross-London_England.html,4.1,7830.0,"#523 of 1,209 hotels in London",627.0,3462,"324 Grays Inn Road, London WC1X 8BU England",+44 20 7713 0428,51.528847,-0.119393,London,,,115.0,275,Hotel,,Air conditioning|Free Wifi,Breakfast included,是,2026 Travelers' Choice,"Modern budget hotel in London near St. Pancras. Compact, clean rooms, some without windows. Convenient for Eurostar travelers, early departures, and short stays. Surrounded by pubs, restaurants, and lively streets.",,,"Heartfelt stays in the heart of King’s Cross Just a 5-minute walk from King’s Cross and St Pancras International stations, Point A Hotel London Kings Cross – St Pancras puts you in easy reach of the Eurostar, six tube lines, and London’s best bits — from Granary Square and the British Library to Soho and the West End. Our compact, modern rooms feature five-star beds, mood lighting, TVs with Chromecast, air conditioning, a hair dryer, safe, toiletries and plush towels. Rooms are available with and without windows for the quietest stay. Whether you're travelling for work or leisure, enjoy brilliant basics and affordable comfort while exploring the local charm."
london,8,210,187735,The May Fair Hotel,https://dynamic-media-cdn.tripadvisor.com/media/photo-o/2f/d9/88/51/exterior.jpg,https://www.tripadvisor.co.uk/Hotel_Review-g186338-d187735-Reviews-The_May_Fair_Hotel-London_England.html,4.1,7205.0,"#358 of 1,209 hotels in London",420.0,3462,"Stratton St, London W1J 8LT England",+44 20 7769 3066,51.508137,-0.143857,London,,,423.0,871,Hotel,,Spa|Restaurant|Bar/Lounge|Fitness centre,,是,2026 Travelers' Choice,"Located in the heart of London near Green Park Tube Station, this 5-star hotel offers luxury, impeccable service, and great value. Highlights include a trendy bar, acclaimed restaurant, spa, and deluxe rooms. Perfectly situated for shopping, dining, and exploring Buckingham Palace and the West End.",,,"The May Fair, A Radisson Collection Hotel, Mayfair London is set in the heart of one of the most sought-after addresses in the world. Opened in 1927, The May Fair, A Radisson Collection Hotel, Mayfair London was the first new hotel to open in the British capital in over 20 years. Inaugurated by King George V and Queen Mary, the hotel quickly became a playground for London's high society. Today, while eminent spaces and glimmering Baccarat chandeliers remain, the hotel has transformed into a contemporary boutique getaway, known for its timeless elegance and charm. Proud to be the Official Hotel to London Fashion Week, The May Fair enjoys some of the largest bedrooms in London, including an iconic collection of suites, world-class food and drink at the award-winning restaurant, May Fair Kitchen, a vibrant bar, secluded terrace, stunning event spaces and tranquil spa."
london,33,960,215522,Premier Inn London Euston hotel,https://dynamic-media-cdn.tripadvisor.com/media/photo-o/19/1e/6e/8f/premier-inn-london-euston.jpg,https://www.tripadvisor.co.uk/Hotel_Review-g186338-d215522-Reviews-Premier_Inn_London_Euston_hotel-London_England.html,4.1,6770.0,"#838 of 1,209 hotels in London",1238.0,3462,"1 Dukes Road, London WC1H 9PJ England",+44 333 321 1262,51.52762,-0.129203,London,,,151.0,324,Hotel,,Restaurant|Bar/Lounge|Family Friendly,,否,,"Conveniently located near major transport hubs and popular attractions, this hotel offers spacious, comfortable rooms, especially for families. Highlights include a good value meal deal, an on-site Costa Coffee, and quiet rooms despite the busy surroundings. Ideal for city exploration.",,,"With more connections than the London Underground tube map, Premier Inn London Euston puts the best of the capital - and Europe - on your doorstep. From here, you're just minutes from Euston and King's Cross stations and Eurostar at St Pancras, as well as London's must-see sights. Meet the stars at Madame Tussauds. Delve into the world's treasure-trove at the British Museum. Or hit the big brands of Oxford Street and the off-the-beaten-track stores in cool Camden. After a busy day, put your feet up and recharge in our recently refurbished rooms, tasty restaurant, and extra-comfy beds."
london,82,2430,195280,Holiday Inn London - Kensington High St. by IHG,https://dynamic-media-cdn.tripadvisor.com/media/photo-o/26/0c/d0/aa/holiday-inn-london-kensington.jpg,https://www.tripadvisor.co.uk/Hotel_Review-g186338-d195280-Reviews-Holiday_Inn_London_Kensington_High_St_by_IHG-London_England.html,4.1,4946.0,"#217 of 1,209 hotels in London",255.0,3462,"Wrights Lane Kensington, London W8 5SP England",+44 20 7368 4023,51.498817,-0.191969,London,$208,$208,144.0,340,Hotel,,Pool|Spa|Restaurant|Bar/Lounge,Sponsored,否,,"Well-located hotel near Kensington Palace, Hyde Park, and High Street Kensington tube station. Surrounded by shops, restaurants, and attractions. Rooms are small but clean and comfortable, ideal for short stays or solo travelers. Convenient for exploring and accessing transport links.",,,"The stylish Holiday Inn London Kensington High Street is located in a quiet spot close to the shops of Kensington High Street just a few minutes walk from the nearest tube underground station. Following an extensive multi million pound refurbishment, the hotel offers 706 modern guest rooms all equipped with high speed WiFi Internet connection along with a host of other modern amenities and features stylishly and thoughtfully designed. Located in the back of the hotel a stunning private garden awaits you. Or enjoy our Health Club which has a full length swimming pool sauna treatment rooms and a fully equipped gym. Kensington Health Club and Spa provides a great contrast from the hustle and bustle of the city by providing our guests with a luxurious tranquil retreat. We can provide you with an escape from the stress of everyday life and give you your own space where you can listen to your body and indulge accordingly in the great facilities it has to offer."
london,2,30,193097,"The Tower Hotel, By Thistle",https://dynamic-media-cdn.tripadvisor.com/media/photo-o/33/53/11/b4/vicinity-firepit.jpg,https://www.tripadvisor.co.uk/Hotel_Review-g186338-d193097-Reviews-The_Tower_Hotel-London_England.html,4.0,15144.0,"#542 of 1,209 hotels in London",648.0,3462,"St Katharine's Way, London E1W 1LD England",+44 20 7523 5063,51.506786,-0.073963,London,$159,$159,153.0,357,Hotel,,Restaurant|Bar/Lounge|Fitness centre|Free Wifi,,是,2026 Travelers' Choice,"Stylish hotel with spacious rooms and stunning views of Tower Bridge and the river. Prime location near The Shard, Borough Market, and St. Katherine's Dock, offering easy access to dining, bars, and iconic landmarks. Picturesque setting with charming public areas.",,,"The Tower Hotel, by Thistle is nestled between the River Thames, St Katharine Docks and alongside the World Heritage Site, the Tower of London, boasting unparalleled views of the iconic Tower Bridge. Our location and excellent choice of transport connections put you at the centre of this vibrant city, making it quick, convenient and most importantly, easy to experience the very best of what London has to offer."
london,6,150,193045,"The Waldorf Hilton, London",https://dynamic-media-cdn.tripadvisor.com/media/photo-o/1c/ef/6f/8d/the-newly-renovated-facade.jpg,https://www.tripadvisor.co.uk/Hotel_Review-g186338-d193045-Reviews-The_Waldorf_Hilton_London-London_England.html,4.0,7059.0,"#205 of 1,209 hotels in London",238.0,3462,"Aldwych, London WC2B 4DD England",+44 20 7836 2400,51.512554,-0.118972,London,,,343.0,729,Hotel,,Restaurant|Bar/Lounge|Fitness centre|Air conditioning,,是,2026 Travelers' Choice,"Elegant hotel in the heart of London’s theater district, steps from Covent Garden, dining, and attractions. Highlights include a historical charm, luxurious afternoon tea, superb dining at Homage, and a tranquil executive lounge with exceptional service. Perfect for theatergoers and tourists.",,,"The Waldorf Hilton London is iconic. Built in 1908, it's one of the longest standing venues on Aldwych, and often referred to as 'The grand dame of Aldwych.' The hotel blends Edwardian grandeur with modern comfort and is situated in the heart of London’s famous theatre district just moments from the Royal Opera House and Covent Garden. The British Museum and Trafalgar Square are just a mile away. The Waldorf is home to a Signature Bar (Good Godfrey’s), an exciting South African pop-up restaurant - The Pot Luck Club (re-opening in September 2026), The Wild Monkey bar and The T Room. The hotel also offers a unique Theatreland themed Afternoon Tea and is equipped with seven lavish meeting and events spaces including the historic Palm Court. With 298 bedrooms, including Executive rooms and Suites which provide access to our exclusive Executive Lounge. Keep fit in the spacious gym complete with Peloton bikes, treadmills, Converging Chest Press and more!"
london,75,2220,218403,Grand Royale Hyde Park,https://dynamic-media-cdn.tripadvisor.com/media/photo-o/31/a6/1b/d1/entrance.jpg,https://www.tripadvisor.co.uk/Hotel_Review-g186338-d218403-Reviews-Grand_Royale_Hyde_Park-London_England.html,4.0,6406.0,"#594 of 1,209 hotels in London",711.0,3462,"1-9 Inverness Terrace, London W2 3JP England",+44 20 7313 7900,51.511063,-0.186322,London,$159,$159,109.0,345,Hotel,,Restaurant|Bar/Lounge|Air conditioning|Family Friendly,Sponsored,否,,"Historic hotel with a grand facade and vintage charm. Conveniently located near Kensington Gardens, tube stations, shops, and restaurants. Features a unique bar in a former theatre and helpful staff.",,,"Discover timeless elegance at Grand Royale London Hyde Park Hotel, where luxury meets comfort in the heart of London. Immerse yourself in Victorian charm within our meticulously restored historic building. Indulge in opulent rooms and suites, adorned with plush furnishings and modern amenities. Conveniently located near major attractions, our hotel is an ideal haven for both leisure and business travellers. Experience impeccable service and a seamless blend of classic and contemporary design. Elevate your London stay at Grand Royale, where every moment is a regal experience."
london,77,2280,192118,"Radisson Blu Hotel, London South Kensington",https://dynamic-media-cdn.tripadvisor.com/media/photo-o/34/37/8e/d6/exterior.jpg,https://www.tripadvisor.co.uk/Hotel_Review-g186338-d192118-Reviews-Radisson_Blu_Hotel_London_South_Kensington-London_England.html,4.0,5678.0,"#493 of 1,209 hotels in London",591.0,3462,"68-86 Cromwell Rd, London SW7 5BT England",+44 20 7761 9000,51.495384,-0.181899,London,,,178.0,417,Hotel,,Restaurant|Bar/Lounge|Fitness centre|Air conditioning,,否,,"Elegant hotel in a historic building near Hyde Park, museums, and the Royal Albert Hall. Prime location with easy access to Gloucester Road Tube Station, restaurants, and landmarks. Features charming architecture, a restaurant, bar, and benefits from a rewards program.",,,"Welcome to Radisson Blu Hotel, London South Kensington, a historic and beautifully restored hotel in London's royal borough of Kensington. Renowned for its arts, culture and fashion scene, the neighbourhood features iconic landmarks including Natural History Museum, Victoria & Albert Museum, Royal Albert Hall, and the famous boutiques around Knightsbridge-all within walking distance. Set in a Grade II-listed 19th century building, the hotel comprises of ten restored townhouses blending classic and modern designs with reimagined frescoes and stained-glass windows. Enjoy a collection of European dishes at our Scoff & Banter restaurant, as well as a traditional afternoon tea. Private dining can also be arranged for up to 30 people in The Snug, whilst twelve meeting rooms can host events for up to 140 people."
london,26,750,193057,Travelodge London Covent Garden,https://dynamic-media-cdn.tripadvisor.com/media/photo-o/30/53/c5/12/exterior.jpg,https://www.tripadvisor.co.uk/Hotel_Review-g186338-d193057-Reviews-Travelodge_London_Covent_Garden-London_England.html,3.9,16387.0,"#484 of 1,209 hotels in London",581.0,3462,"10 Drury Lane, London WC2B 5RE England",+44 871 984 6245,51.515694,-0.12417,London,,,89.0,251,Hotel,,Restaurant,,否,,"Centrally located hotel on Drury Lane, ideal for theatre lovers and sightseeing. Steps from top attractions, shops, and restaurants. Offers both standard and upgraded ""super rooms"" with extra amenities like Lavazza coffee machines. Great value, comfortable beds, and friendly service.",,,An amazing hotel with multilingual staff located in the heart of the theatre land in the west end of London.
london,23,660,1061544,Travelodge London Central Southwark,https://dynamic-media-cdn.tripadvisor.com/media/photo-o/30/80/67/93/exterior.jpg,https://www.tripadvisor.co.uk/Hotel_Review-g186338-d1061544-Reviews-Travelodge_London_Central_Southwark-London_England.html,3.9,5978.0,"#414 of 1,209 hotels in London",488.0,3462,"202 - 206 Union Street, London SE1 0LX England",+44 871 984 6352,51.503757,-0.102533,London,,,81.0,304,Hotel,,Restaurant|Bar/Lounge|Air conditioning,Breakfast included,否,,"Centrally located hotel near South Bank, within walking distance of Borough Market, the Shard, and Tate Modern. Surrounded by bars, restaurants, and shops. Clean, quiet, and great value for the area. Convenient access to public transport, including nearby Underground station.",,,"Everyone needs a place to lay their weary head. For travellers visiting London, Travelodge London Central Southwark is an excellent choice for rest and rejuvenation. Well-known for its budget friendly environment and proximity to great restaurants and attractions, Travelodge London Central Southwark makes it easy to enjoy the best of London.
The rooms offer a flat screen TV, air conditioning, and a desk, and getting online is possible, as wifi is available, allowing you to rest and refresh with ease.
Travelodge London Central Southwark features 24 hour front desk and 24 hour check-in. In addition, as a valued Travelodge London Central Southwark guest, you can enjoy breakfast that is available on-site.
For those interested in checking out popular landmarks while visiting London, Travelodge London Central Southwark is located a short distance from Buckingham Palace (1.7 mi) and Harrods (2.6 mi).
Travellers looking to enjoy some ribs can head to SUSHISAMBA Liverpool Street, The Ivy, or Sexy Fish. Otherwise, you may want to check out an Italian restaurant such as Coppa Club - Tower Bridge, Padella, or Locanda Locatelli.
Looking to explore? Then look no further than Tower of London (1.2 mi), Sky Garden (1.0 mi), and Coca-Cola London Eye (0.7 mi), which are some popular London attractions – all conveniently located within walking distance of the hotel.
Whether you’re travelling for business, pleasure or both, Travelodge London Central Southwark is sure to make your visit to London one worth remembering."
london,24,690,1229221,Travelodge London Central Tower Bridge,https://dynamic-media-cdn.tripadvisor.com/media/photo-o/07/fc/ad/be/travelodge-london-tower.jpg,https://www.tripadvisor.co.uk/Hotel_Review-g186338-d1229221-Reviews-Travelodge_London_Central_Tower_Bridge-London_England.html,3.9,5564.0,"#371 of 1,209 hotels in London",437.0,3462,"1 Goodmans Yard Lloyds Court Business Centre, London E1 8AT England",+44 871 984 6388,51.511074,-0.074057,London,,,89.0,874,Hotel,,Restaurant|Bar/Lounge,,否,,"Conveniently located near major attractions like Tower Bridge and the Tower of London, with excellent transport links. Clean, comfortable, and budget-friendly with added perks like an on-site bar and restaurant. A top choice for value, location, and memorable stays in central London.",,,"Travelodge London Central Tower Bridge is an excellent choice for travellers visiting London, offering a quiet environment alongside many helpful amenities designed to enhance your stay.
Rooms at Travelodge London Tower Bridge Hotel provide a flat screen TV, and guests can stay connected with paid internet access.
You can also enjoy breakfast while staying at Travelodge London.
While staying at Travelodge London, visitors can check out Coca-Cola London Eye (2.1 mi) and Covent Garden (2.1 mi), some of London's top attractions.
While in London, you may want to check out some of the restaurants that are a short walk away from Travelodge London, including Coppa Club - Tower Bridge (0.3 mi), Duck and Waffle (0.5 mi), and Aqua Shard (0.7 mi).
If you are interested in exploring London, check out one of the ancient ruins, such as London's Roman Amphitheatre, Billingsgate Roman Bath House, and London Wall.
Enjoy your stay in London!"
london,20,570,195200,Crowne Plaza London - Kings Cross by IHG,https://dynamic-media-cdn.tripadvisor.com/media/photo-o/31/dc/f2/22/an-upscale-london-hotel.jpg,https://www.tripadvisor.co.uk/Hotel_Review-g186338-d195200-Reviews-Crowne_Plaza_London_Kings_Cross_by_IHG-London_England.html,3.9,5522.0,"#318 of 1,209 hotels in London",375.0,3462,"1 Kings Cross Road, London WC1X 9HX England",+44 20 7833 3900,51.52639,-0.113548,London,$202,$202,193.0,419,Hotel,,Restaurant|Bar/Lounge|Fitness centre|Air conditioning,Sponsored,否,,"Well-located hotel near St Pancras and Kings Cross stations, close to the British Museum, theaters, and Exmouth Market. Spacious family rooms with two double beds, clean and comfortable. Features a popular restaurant, helpful staff, and easy access to Central London attractions.",,,"Experience an upscale London hotel designed to flow between local experiences and business. Located near St Pancras International Station, and Farringdon Station, Crowne Plaza® London - Kings Cross is a short walk to the Eurostar trains, Elizabeth Line at Farringdon Station with direct links to Gatwick and Luton Airports and a 13 min journey time to Excel Exhibition Centre, London Underground at Russell Square and King's Cross St. Pancras to Heathrow Airport (LHR). Walk out to discover our trendy King's Cross neighborhood with restaurants, shops, entertainment, and attractions such as the British Museum, and Covent Garden. Plan a meeting or gathering in our flexible events space. Catch up over cocktails and conversation at the Bloom Bar and Lounge. Get a great night's sleep in sophisticated guest rooms with contemporary décor. Connect, unplug, or explore your way."
london,26,750,189041,President Hotel,https://dynamic-media-cdn.tripadvisor.com/media/photo-o/2c/50/0c/ac/caption.jpg,https://www.tripadvisor.co.uk/Hotel_Review-g186338-d189041-Reviews-President_Hotel-London_England.html,3.8,6479.0,"#225 of 1,209 hotels in London",267.0,3462,"56-60 Guilford Street Russell Sq, London WC1N 1DB England",+44 20 7837 8844,51.522205,-0.124067,London,,,132.0,302,Hotel,,Restaurant|Bar/Lounge|Family Friendly|Free Wifi,,否,,"Centrally located near Russell Square and the British Museum, this modern hotel offers convenient access to the Piccadilly line, major train stations, shops, and restaurants. Features clean, comfortable rooms, friendly staff, and a stylish Atrium Bar with art deco decor—perfect for unwinding.",,,"President Hotel is an excellent choice for travellers visiting London, offering a quiet environment alongside many helpful amenities designed to enhance your stay.
You’ll enjoy relaxing rooms that offer a flat screen TV, and you can stay connected during your stay as President Hotel London offers guests free internet access.
The hotel features room service and a concierge. Plus, Hotel London President offers breakfast, providing a pleasant respite from your busy day.
For those interested in checking out popular landmarks while visiting London, President Hotel London is located a short distance from Coca-Cola London Eye (1.3 mi) and Big Ben (1.5 mi).
While in London, you may want to check out some of the restaurants that are a short walk away from President London, including Flat Iron Covent Garden (0.8 mi), Sketch Gallery (1.0 mi), and Flat Iron Beak Street (0.9 mi).
Should time allow, The British Museum, Covent Garden, and St. Paul's Cathedral are some popular attractions that are within walking distance.
Enjoy your stay in London!"
london,159,4740,193672,Novotel London West,https://dynamic-media-cdn.tripadvisor.com/media/photo-o/34/13/eb/13/exterior.jpg,https://www.tripadvisor.co.uk/Hotel_Review-g186338-d193672-Reviews-Novotel_London_West-London_England.html,3.8,5955.0,"#510 of 1,209 hotels in London",612.0,3462,"1 Shortlands, London W6 8DR England",+44 20 8741 1555,51.491966,-0.219974,London,,,133.0,394,Hotel,,Restaurant|Bar/Lounge|Fitness centre|Air conditioning,,否,,"Modern hotel near Hammersmith tube station and Eventim Apollo. Features spacious family rooms, excellent breakfast, and a stylish lobby. Surrounded by shops, restaurants, and convenient transport links.",,,"Relax and enjoy comfort and spaciousness in one of our 630 bedrooms. Choose from three superb dining options: our Mirrors bar combining creative dishes with traditional bar snacks and a host of exciting cocktails, the Aroma restaurant offering an array of cuisine buffet style or Artisan offering simple modern dishes in elegant surroundings. Just minutes from three of London's main tube line (Piccadilly, District and Hammersmith & City) and located in the heart of Hammersmith; Novotel London West is ideally located for trips to Westfield London, Harrods & Kensington High Street. Also conveniently located to Heathrow Airport with excellent road & rail links to the rest of the UK. This large & modern hotel offers extensive and flexible meeting & events facilities (up to 2,000) plus on-site parking (chargeable), fitness suite and complimentary Wi-Fi throughout."
london,67,1980,209371,Hilton London Paddington,https://dynamic-media-cdn.tripadvisor.com/media/photo-o/1b/0e/fd/fc/hilton-london-paddington.jpg,https://www.tripadvisor.co.uk/Hotel_Review-g186338-d209371-Reviews-Hilton_London_Paddington-London_England.html,3.8,5907.0,"#630 of 1,209 hotels in London",763.0,3462,"146 Praed St, London W2 1EE England",+44 20 7850 0500,51.515713,-0.175864,London,,,217.0,515,Hotel,,Restaurant|Bar/Lounge|Fitness centre|Air conditioning,,否,,"Elegant hotel with old-world charm and direct access to Paddington Station. Convenient for Heathrow Express and exploring London. Spacious rooms, executive lounge, dining, and shopping nearby.",,,"A landmark of the golden age of travel, Hilton London Paddington opened in 1854 as the Great Western Royal Hotel and was designed by renowned engineer Isambard Kingdom Brunel. Blending Victorian grandeur with contemporary comfort, the hotel is directly connected to Paddington Station by footbridge, with the Heathrow Express reaching Heathrow Airport in 15 minutes and easy access to five London Underground lines. The hotel offers 432 stylish guest rooms and suites, close to Hyde Park, Kensington Gardens, Oxford Street and the West End. Guests can enjoy all-day dining at Carriages Restaurant, cocktails and light bites at 146 Paddington Bar, a fitness centre, complimentary Wi-Fi for Hilton Honors members and 18 flexible meeting and event spaces. Its elegant ballrooms are licensed for weddings and civil ceremonies and can accommodate up to 350 guests."
london,58,1710,199849,DoubleTree by Hilton -  London Docklands Riverside,https://dynamic-media-cdn.tripadvisor.com/media/photo-o/08/39/fe/7c/doubletree-by-hilton.jpg,https://www.tripadvisor.co.uk/Hotel_Review-g186338-d199849-Reviews-DoubleTree_by_Hilton_London_Docklands_Riverside-London_England.html,3.8,3368.0,"#635 of 1,209 hotels in London",771.0,3462,"265A Rotherhithe Street, London SE16 5HW England",+44 20 7231 1001,51.50426,-0.034016,London,,,47.0,150,Hotel,,Restaurant|Bar/Lounge|Fitness centre|Air conditioning,,否,,"Riverside hotel with loft-like accommodations and stunning Thames views. Complimentary ferry to Canary Wharf offers unique convenience. Calm atmosphere, friendly staff, and easy access to parks and transit.",,,"Your memorable stay begins with a warm, chocolate chip cookie at check-in. DoubleTree by Hilton London - Docklands Riverside, located along the River Thames with stunning views of Canary Wharf - an ideal choice for travellers looking to make the most out of London from a waterside location. This former 17th-century wharf building boasts exposed brickwork and London's last dry dock for shipbuilding. The hotel's very own river ferry provides complimentary river access to the square mile of Canary Wharf as well as connecting you with Thames River Taxi Clippers that offer an unforgettable voyage on the Thames, straight into central London. Only 20 minutes away from London City Airport, the DoubleTree by Hilton London Docklands Riverside is the ideal place to stay when attending events at O2 Arena and the ExCel London conference venue or visiting museums and shopping. If we can't tempt you to take the river taxi, the nearby Underground station or Docklands Light Railway service offer alternative means of getting to the rest of the city. Secure parking for 120 cars is available at the hotel for just £14 per night."
london,72,2130,195206,Lancaster Gate Hotel,https://dynamic-media-cdn.tripadvisor.com/media/photo-o/32/7e/7c/3f/entrance-new.jpg,https://www.tripadvisor.co.uk/Hotel_Review-g186338-d195206-Reviews-Lancaster_Gate_Hotel-London_England.html,3.7,2970.0,"#688 of 1,209 hotels in London",860.0,3462,"66 Lancaster Gate, London W2 3NA England",+44 20 7262 5090,51.5114,-0.1821,London,$175,$175,142.0,280,Hotel,,Restaurant|Bar/Lounge|Air conditioning|Pets Allowed,Sponsored,否,,"Convenient hotel near Queensway, Hyde Park, and multiple tube stations. Close to restaurants and attractions like Oxford Street. Offers clean, comfortable rooms, friendly staff, and good value for money.",,,"Welcome to the Lancaster Gate Hotel in London! Our well-established hotel not only impresses from the outside with its stucco-decorated façade, typical of London's time-honoured townhouses. Thanks to its central location right next to Hyde Park and Kensington Gardens, the whole of the English capital is wide open to you from here. Business travellers and visitors to London on a private city break alike are in perfect hands here - because Lancaster Gate and Queensway underground stations and Paddington station are within walking distance, as are the Royal Albert Hall and the shopping paradise of Oxford Street. The takeover by the Motel One Group marks the start of an exciting phase for our hotel in London. From autumn 2024 onwards, we plan to carefully renovate the hotel with a new design concept, combining tradition with modernity. Of course, our rooms and services - whether at the bar, at breakfast or for meetings - will remain to be available to you without restrictions."
london,33,960,199106,The Memoir Club,https://dynamic-media-cdn.tripadvisor.com/media/photo-o/2f/dd/e5/99/caption.jpg,https://www.tripadvisor.co.uk/Hotel_Review-g186338-d199106-Reviews-The_Memoir_Club-London_England.html,3.7,2766.0,"#568 of 1,209 hotels in London",681.0,3462,"12 Upper Woburn Place, London WC1H 0HX England",+44 20 7693 5400,51.526627,-0.129753,London,,,158.0,394,Hotel,,Restaurant|Bar/Lounge|Air conditioning|Free Wifi,Breakfast included,否,,"Centrally located hotel near major train stations, museums, and attractions. Offers convenient access to Camden and dining options. Notable amenities include in-room coffee machines and a popular breakfast spot.",,,"This 4-star independent boutique hotel is located in Bloomsbury just a 5-minute walk from Euston Station and 10-minute walk from Kings Cross St Pancras. 

Each of The Memoir Club’s guestrooms has all the modern comforts expected by solo travellers and couples alike, such as Apple TV, Nespresso coffee machines, free hi-speed Wi-Fi, eco-friendly amenities, and plenty of charging points. And to help guests stay on track with fitness goals, there is a gym.

Adeline – designed to make you feel at home, and just a little bit glamorous –  serves Eastern Mediterranean dishes inspired by Adeline Virginia Woolf’s travels. A must sip cocktail is the Keynes Twister – it pays homage to Memoir Club member John Maynard Keynes, who once said his only regret in life was that he did not drink more Champagne.

The Memoir Club offers leading technology and inspiring design teamed with bespoke food and beverage options when it comes to hosting corporate and social events for up to 300 guests."
london,41,1200,446925,Courthouse Hotel,https://dynamic-media-cdn.tripadvisor.com/media/photo-o/34/37/8a/5e/hotel-entrance.jpg,https://www.tripadvisor.co.uk/Hotel_Review-g186338-d446925-Reviews-Courthouse_Hotel-London_England.html,3.7,2712.0,"#197 of 1,209 hotels in London",228.0,3462,"19-21 Great Marlborough Street, London W1F 7HL England",+44 20 7297 5555,51.514374,-0.139442,London,,,312.0,545,Hotel,,Pool|Spa|Restaurant|Bar/Lounge,,否,,"Centrally located hotel in a historic former courthouse near Oxford Circus, Soho, and Carnaby Street. Unique features include original courtroom details, an attached cinema, and a restaurant. Known for excellent Indian afternoon tea and champagne options in a relaxed atmosphere.",,,"The Courthouse Hotel is a 5 star luxury hotel ideally located in bustling Central London. Our hotel is situated where stylish Mayfair, fashionable Soho and the West End meet and is within walking distance of London's finest shopping streets, tourist attractions and theatreland. A stone's throw away from the famous Liberty London department store, this contemporary design hotel is situated in an old Grade II Listed Magistrates Court, retaining much of its original historical features but with a modern twist. With 116 spacious bedrooms & suites, a trendy cocktail bar, award winning restaurants, gorgeous spa, fitness centre and divine roof terrace, Courthouse Hotel is renowned for intuitive service and comprehensive facilities. Our West End restaurants and bar offer an English buffet breakfast, lunch in our brasserie, a dining experience in Silk which draws on historical references and cocktails created by our Mixologist in the bar. In the summer, exclusively book and enjoy a private BBQ on our roof terrace with views of the London skyline. To complete the full experience, Sanook Spa has all the facilities to help you relax, revitalize and refresh after a busy shopping trip or high-powered meeting. Courthouse Hotel offers a variety of meeting and party rooms for both social & business events. Make your special occasion truly unforgettable at the unique Courthouse Hotel London, where style meets sophistication."
london,47,1380,192066,Washington Mayfair,https://dynamic-media-cdn.tripadvisor.com/media/photo-o/33/e1/37/00/exterior.jpg,https://www.tripadvisor.co.uk/Hotel_Review-g186338-d192066-Reviews-Washington_Mayfair-London_England.html,3.7,1579.0,"#590 of 1,209 hotels in London",706.0,3462,"5 Curzon Street, London W1J 5HE England",+44 20 7499 7000,51.50721,-0.146092,London,,,279.0,504,Hotel,,Restaurant|Bar/Lounge|Fitness centre|Air conditioning,,否,,"Centrally located in Mayfair near Green Park tube, upscale shops, and iconic sites. Offers spacious, comfortable rooms, friendly service, full English breakfast, and great value in an upscale area.",,,"The central Mayfair location speaks for itself with Piccadilly minutes from the front door, Hyde Park and St James Parks less than 10 minutes away and the Bond Street shops and theatres of the West End within walking distance. Constructed in 1913,The Washington Mayfair's decor has echos of its Art Deco heritage while the upgraded rooms offer new air conditioning, sleek new bathrooms with power showers and well equipped accommodation. Rooms are of a good size, especially for central London and decorated in warm and welcoming earth tones. Free WiFi, fluffy bathrobes, deluxe toiletries, hairdryers, laptop safe, complimentary tea and coffee making facilities are provided as standard. In house valet service or iron & ironing board available on request. A relaxed and welcoming Bar Lounge and Restaurant."
london,81,2400,193138,Copthorne Tara Hotel London Kensington,https://dynamic-media-cdn.tripadvisor.com/media/photo-o/30/0f/28/2c/lobby.jpg,https://www.tripadvisor.co.uk/Hotel_Review-g186338-d193138-Reviews-Copthorne_Tara_Hotel_London_Kensington-London_England.html,3.6,10405.0,"#472 of 1,209 hotels in London",560.0,3462,"Scarsdale Place Kensington Kensington, London W8 5SY England",+44 20 7937 7211,51.498615,-0.190834,London,,,109.0,280,Hotel,,Restaurant|Bar/Lounge|Fitness centre|Air conditioning,,否,,"Large hotel in Kensington with spacious rooms and fantastic location near museums, Kensington Palace, and Royal Albert Hall. Convenient access to shops, restaurants, and public transport. Club rooms offer perks like lounge breakfast and late checkout. Good value for central London stays.",,,"Welcome to Copthorne Tara Hotel London Kensington, Closest hotel to Kensington High Street Shopping district. As the closest hotel to Kensington High Street, Copthorne Tara Hotel London Kensington is perfectly situated to explore the best of Kensington. Home to 833 bedrooms, including 7 Suites and 5 Family Suites, our 4-star hotel in London offers a seamless blend of personalised service with unrivalled comfort for individual travellers, couples and families. Discover the only Tea Lounge in Kensington offering traditional English afternoon tea and experience an infusion of Singaporean and Malaysian dishes when dining at Millennium's signature restaurant, Bugis Kitchen. The hotel also features a self-service 24/7 shop in the hotel lobby offering a variety of food and non-food items and travel essentials. Our warm and comfortable hotel is just 3 minutes walking from High Street Kensington, located nearby the iconic Royal Albert Hall and the beautiful Kensington Palace Gardens."
london,169,5040,195279,Hyde & Seek,https://dynamic-media-cdn.tripadvisor.com/media/photo-o/32/c5/47/11/townhouse-suite.jpg,https://www.tripadvisor.co.uk/Hotel_Review-g186338-d195279-Reviews-Hyde_Seek-London_England.html,3.6,6232.0,"#607 of 1,209 hotels in London",731.0,3462,"1 Lancaster Gate, London W2 3LG England",+44 20 7262 5022,51.51172,-0.177519,London,,,389.0,577,Hotel,,Restaurant|Bar/Lounge|Free Wifi,,否,,"Centrally located hotel near Hyde Park, Lancaster Gate, and Paddington station. Excellent access to public transport, shops, and restaurants. Highlights include delightful afternoon tea in a glass atrium with park views. Smooth check-in and helpful staff ensure a pleasant stay.",,,"Temporary Closed Corus Hyde Park is a 386 bedroom hotel without air conditioning for business and leisure guests and is in a spacious location overlooking Hyde Park. Corus Hyde Park is 50 metres from Lancaster Gate tube on the Central Line, only 8 minutes walk to Paddington Station and the Heathrow Express, and 15 minutes walk to Oxford Street, Kensington, Notting Hill, Albert Hall and close to all major attractions including the Westfield shopping centre and the Paddington Basin. The hotel features 4 meeting rooms for up to 90 guests, free powerful WiFi in all areas, and a large none air conditioned lounge with an all-day menu. The hotel offers seasonal and quality British dishes as well as afternoon tea."
london,93,2760,195185,Hilton London Kensington,https://dynamic-media-cdn.tripadvisor.com/media/photo-o/33/f5/08/fc/exterior.jpg,https://www.tripadvisor.co.uk/Hotel_Review-g186338-d195185-Reviews-Hilton_London_Kensington-London_England.html,3.6,6057.0,"#736 of 1,209 hotels in London",979.0,3462,"179 - 199 Holland Park Avenue, London W11 4UL England",+44 20 7603 3355,51.504948,-0.214182,London,,,125.0,356,Hotel,,Restaurant|Bar/Lounge|Fitness centre|Air conditioning,,否,,"Convenient West London location near Westfield, Shepherd’s Bush station, Holland Park, and Notting Hill. Close to shopping, dining, and transportation. Features a bar, restaurant, and outdoor deck.",,,"Expect a warm welcome at Hilton London Kensington. Located in the leafy district of Holland Park, just 30 minutes from Heathrow Airport, the hotel offers excellent transport links to Central London, with three Underground lines nearby. Whether you're visiting London for a family getaway, weekend break or business trip, you'll find stylish accommodation to suit your needs. Choose from contemporary guest rooms, spacious deluxe rooms and suites, or family-friendly interconnecting rooms, ideal for travelling together with extra space and convenience. Start the day with a hearty buffet breakfast at West Eleven Restaurant, featuring fresh, seasonal dishes. Later, unwind with drinks and light bites in the Avenue Bar & Lounge or enjoy a freshly brewed coffee before heading out to explore the city. Ideally located near Holland Park, Kensington Gardens, Westfield London and many of the capital's iconic attractions, Hilton London Kensington is the perfect base for making the most of your stay."
london,31,900,210745,Tavistock Hotel,https://dynamic-media-cdn.tripadvisor.com/media/photo-o/33/1b/8e/d4/tavistock-exterior.jpg,https://www.tripadvisor.co.uk/Hotel_Review-g186338-d210745-Reviews-Tavistock_Hotel-London_England.html,3.6,4256.0,"#218 of 1,209 hotels in London",256.0,3462,"48-55 Tavistock Square, London WC1H 9EU England",+44 20 7636 8383,51.52434,-0.128434,London,,,117.0,269,Hotel,,Restaurant|Bar/Lounge|Family Friendly,,否,,"Well-located hotel near Euston station and the British Museum, ideal for exploring London. Offers great value with spacious, modern rooms, helpful staff, and excellent facilities. Highlights include a diverse breakfast buffet, views of Russell Square, and a standout Indian restaurant.",,,"Comfortable Hotel in the City Centre Overlooking Tavistock Square Gardens, Tavistock Hotel offers park views as well as amazing value accommodation in the city centre. Situated in the Bloomsbury neighbourhood, known for its storied past, culinary scene and academic institutions, there’s so much to explore from the hotel’s front door. An ideal choice for business or leisure guests, no matter your group size, choose from an array of room types. Relax at Woolf & Whistle – the Art Deco bar on the ground floor of the hotel, open for light bites and hot drinks, soft drinks or alcoholic refreshments throughout the day. Or head to Poppadom Indian Kitchen, the award winning on-site Indian restaurant for a flavour feast. Providing a place to unwind for all guests; each bedroom provides a smart TVs, comfortable Moonraker mattress, high quality linen and ensuite bathrooms. Nearby cultural attractions include the British Museum, Charles Dicken’s Museum and Covent Garden. The hotel is with"
london,29,840,263679,Crestfield Hotel,https://dynamic-media-cdn.tripadvisor.com/media/photo-s/02/82/88/e5/filename-dsc06272-jpg.jpg,https://www.tripadvisor.co.uk/Hotel_Review-g186338-d263679-Reviews-Crestfield_Hotel-London_England.html,3.5,1217.0,"#702 of 1,209 hotels in London",899.0,3462,"2 - 4 Crestfield St, London WC1H 8AT England",+44 20 7837 0500,51.52979,-0.122447,London,,,113.0,233,Hotel,,Free Wifi,Breakfast included,否,,"Victorian-style hotel near Kings Cross/St Pancras station. Features clean, functional rooms with modern amenities. Convenient location for public transport. Some rooms have narrow staircases.",,,"Finding an ideal budget friendly hotel in London does not have to be difficult. Welcome to Crestfield Hotel, a nice option for travellers like you.
While staying at Crestfield Hotel London, visitors can check out Coca-Cola London Eye (1.8 mi) and Churchill War Rooms (1.9 mi), some of London's top attractions.
Crestfield Hotel is a budget friendly hotel offering a flat screen TV and a desk in the rooms, and it is easy to stay connected during your stay as free wifi is offered to guests.
The hotel features 24 hour front desk, a concierge, and 24 hour check-in. Plus, guests can enjoy free breakfast, which has made this a popular choice among travellers visiting London.
During your visit, be sure to check out one of London's popular crab restaurants such as Coppa Club - Tower Bridge, Duck and Waffle, and Aqua Shard, all a short distance from Crestfield Hotel London.
Looking to explore? Then look no further than The British Museum (0.7 mi) and Covent Garden (1.2 mi), which are some popular London attractions – all conveniently located within walking distance of the hotel.
Crestfield Hotel looks forward to welcoming you on your visit to London."
london,54,1590,189336,Holiday Inn Express London - Victoria by IHG,https://dynamic-media-cdn.tripadvisor.com/media/photo-o/30/18/a9/50/kensington-palace.jpg,https://www.tripadvisor.co.uk/Hotel_Review-g186338-d189336-Reviews-Holiday_Inn_Express_London_Victoria_by_IHG-London_England.html,3.5,933.0,"#697 of 1,209 hotels in London",886.0,3462,"106-110 Belgrave Road, London SW1V 2BJ England",+44 20 7630 8888,51.489708,-0.137236,London,$223,$223,168.0,378,Hotel,,Bar/Lounge|Pets Allowed|Family Friendly|Free Wifi,Sponsored|Breakfast included,否,,"Conveniently located near Pimlico and Victoria stations, this budget-friendly hotel offers clean rooms, a variety of breakfast options, a lift, helpful staff, and easy access to London attractions.",,,"A central London hotel with 52 modern rooms and easy access to Victoria Station and the West End Holiday Inn Express® London Victoria hotel, housed in a historic building, is a 10-minute walk from Victoria Station, which has express trains to Gatwick Airport (LGW). Pimlico Tube station, with fast links to the city's main shopping districts and the West End, is only three minutes away. Free on-street parking is available 6:30pm-8:30am on weekdays and all weekend. A car park is within walking distance of the hotel. The Apollo Victoria and Victoria Palace theatres are a 10-minute walk from the hotel. You are only a couple of Tube stops from the shopping hubs of Bond Street and Oxford Street. Some of London's major sights, including Buckingham Palace and the Houses of Parliament, are less than half an hour away on foot. The nearby Queen Mother Sports Centre has a gym and an indoor pool. The QEII Centre, one of London's largest exhibition spaces, is a 30-minute walk from the hotel."
london,69,2040,504754,Elysee Hyde Park,https://dynamic-media-cdn.tripadvisor.com/media/photo-o/1b/8f/7e/54/exterior.jpg,https://www.tripadvisor.co.uk/Hotel_Review-g186338-d504754-Reviews-Elysee_Hyde_Park-London_England.html,3.5,844.0,"#720 of 1,209 hotels in London",931.0,3462,"25-26 Craven Terrace, London W2 3EL England",+44 20 7402 7633,51.51247,-0.178261,London,$158,$158,104.0,267,Hotel,,Bar/Lounge|Air conditioning|Free Wifi,Sponsored,否,,"Located near Hyde Park and Paddington station, this hotel offers clean, comfortable rooms with helpful staff. Close to tube stations, shops, cafes, and attractions. Convenient for short stays.",,,"Whether you’re booking for a business trip or a pleasure jaunt, you’ll find Elysee Hyde Park the perfect choice. Elysee Hyde Park is a boutique style budget hotel located five minutes’ walk from Lancaster Gate underground station. Hyde Park is approximately 100 meters from the hotel and many bedrooms have view of the park. The immediate catchment area of Elysee Hyde Park has a tranquil village aura and feel of being withdrawn from a large busy city. A world famous traditional English Pub, The Mitre, opposite which has been filmed in numerous movies including one with Woody Allen, Les Filles Café next door. Also, within the catchment are a laundrette, cafés, popular Italian restaurant, newsagent, antique store and a traditional bespoke tailor. Paddington/Queensway and Bayswater stations are some ten minutes’ walk away. Portobello Road and Market is walking distance . Most London attractions like Buckingham Palace, Oxford Street, Notting Hill are just 15 minutes away by public transport. The hotel aims to give a home away from home experience to guests, all rooms have en-suite bathrooms, tea coffee facilities, in room safe, air conditioning, hairdryer, and 24 hour reception. Plus, free WIFI and flat screen TV’s. The dining area provides a traditional full English breakfast at a value for money optional extra. Elysee Hydepark is well set for visitors to London wanting to enjoy the City’s shopping, parks, sightseeing and world class restaurants."
london,86,2550,192165,OYO Amsterdam Hotel,https://dynamic-media-cdn.tripadvisor.com/media/photo-o/04/ce/7f/b8/amsterdam-hotel.jpg,https://www.tripadvisor.co.uk/Hotel_Review-g186338-d192165-Reviews-OYO_Amsterdam_Hotel-London_England.html,3.5,796.0,"#983 of 1,209 hotels in London",2138.0,3462,"7 Trebovir Road, London SW5 9LS England",+44 20 3695 1053,51.49236,-0.194287,London,$98,$98,83.0,168,Hotel,,Free Wifi,Sponsored|Breakfast included,否,,"Conveniently located hotel near shops, restaurants, and the tube. Features helpful staff, easy check-in, and well-received showers. Some rooms refurbished. Manager actively engages with guests for feedback.",,,"LocationThe budget-friendly OYO Amsterdam Hotel is in the heart of London, just 300m from Earl's Court tube station, with easy links across the city and a mere stroll away from the area's leafy Victorian squres and upmarket Kensington.Special FeaturesMuseum Mile is just down the road from this charming column-fronted hotel that offers original features and modern comforts.The en-suite rooms include luxury toiletries, free WiFi with some overlooking the garden. There are also larger suites with kitchenettes and sitting areas available.NearbyBoth the West End and shopping mecca Knightsbridge are a 15-minute journey on the tube. While the Victoria & Albert Museum, Natural History Museum and the Science Museum are all just a mile away."
london,37,1080,20030227,Zedwell Piccadilly Circus,https://dynamic-media-cdn.tripadvisor.com/media/photo-o/2f/e9/4a/24/caption.jpg,https://www.tripadvisor.co.uk/Hotel_Review-g186338-d20030227-Reviews-Zedwell_Piccadilly_Circus-London_England.html,3.4,2660.0,"#902 of 1,209 hotels in London",1575.0,3462,"Great Windmill Street, London W1D 7DH England",+44 20 7096 5414,51.510464,-0.133519,London,,,119.0,271,Hotel,,Air conditioning|Free Wifi,,否,,"Modern hotel with a prime central location near top attractions, restaurants, and transport links. Features user-friendly self check-in, clean minimalist rooms with soft, comfy beds, and great value for money. Ideal for short stays with easy access to tourist destinations.",,,"Zedwell is a new hotel lifestyle concept designed to promote sleep, positive health & wellbeing. Zedwell is your private sanctuary amongst the chaos of the city, transporting you into a calm & balanced state of mind. Always affordable & always great urban locations. Removing anxiety & distractions so you sleep easy. The hotel you check-in to tune out. Zedwell is proud to donate 2% of sales to charities that support education for underprivileged and disadvantaged communities across Britain."
london,66,1950,193604,Shakespeare Hotel,https://dynamic-media-cdn.tripadvisor.com/media/photo-o/08/6b/0c/95/shakespeare-hotel.jpg,https://www.tripadvisor.co.uk/Hotel_Review-g186338-d193604-Reviews-Shakespeare_Hotel-London_England.html,3.4,1649.0,"#604 of 1,209 hotels in London",727.0,3462,"22-28 Norfolk Square, London W2 1RS England",+44 (0) 020 7402 4646,51.516083,-0.173592,London,,,88.0,216,Hotel,,,Breakfast included,否,,"Conveniently located near Paddington Station, Hyde Park, and restaurants. Clean rooms with mini fridges, comfortable beds, and good showers. Ideal for short stays, solo travelers, or families exploring London.",,,"The perfect place to stay during your visit in London. Very nice neighborhood, a personal favourite, with nice cafes and restaurants. A very nice walk to Hyde Park is recommended or to Oxford Street for those shopping lovers, both are walking distance away. Rooms have been upgraded and there is always someone to help. The price is very low, for what you get, so be sure to check us out."
london,72,2130,577548,Smart Hyde Park View,https://dynamic-media-cdn.tripadvisor.com/media/photo-o/07/fa/69/4f/smart-hyde-park-view.jpg,https://www.tripadvisor.co.uk/Hotel_Review-g186338-d577548-Reviews-Smart_Hyde_Park_View-London_England.html,3.4,1523.0,"#69 of 1,516 Speciality lodging in London",715.0,3462,"16 Leinster Terrace, London W2 3EU England",+44 20 7262 8684,51.51184,-0.182929,London,,,43.0,240,Hostel,,Bar/Lounge|Free Wifi,,否,,"Centrally located hostel near Hyde Park and Paddington Station with easy access to shops, restaurants, and public transport. Offers clean rooms, private bathrooms, a chill-out room, and a kitchen.",,,"Just 110 yrd from Hyde Park, this hostel is a 5-minute walk from Queensway Underground Station. It offers spacious rooms with an en suite bathroom and free WiFi access throughout. The dormitories at Smart Hyde Park View all have lockers and a hairdryer for guests to use. Private rooms are also available, with a TV and telephone in each. Free Wi-Fi is available in the common areas. There is a lounge bar for guests to enjoy, with drinks, snacks and a flat-screen TV. Continental breakfasts are served daily. There is a 24-hour front desk and free luggage storage for early check-ins. The property is set in a classic listed building on a residential street in the heart of London's bohemian Bayswater, one of London's most beautiful districts. Smart Hyde Park View is 875 yrd from Kensington Gardens, and Marble Arch and Oxford Street are within 20 minutes' walk. The Royal Albert Hall can also be reached in 20 minutes' walk, and Westminster and the Big Ben are a 10-minute Tube ride away. Our dormitories are open to guests between 16 and 45 years old. If you do not fit this age range, please book a private room. For further questions, please contact our hostel"
london,78,2310,277090,Princes Square Hotel,https://dynamic-media-cdn.tripadvisor.com/media/photo-o/03/6b/7b/3e/princes-square-hotel.jpg,https://www.tripadvisor.co.uk/Hotel_Review-g186338-d277090-Reviews-Princes_Square_Hotel-London_England.html,3.4,877.0,"#781 of 1,209 hotels in London",1090.0,3462,"23-25 Princes Square Bayswater, London W2 4NJ England",+44 20 7229 9876,51.512867,-0.190986,London,,,151.0,316,Hotel,,Free Wifi,,否,,"Conveniently located near Hyde Park and tube stations, this hotel offers easy access to shops, restaurants, and attractions. Features comfortable rooms and a unique layout, ideal for exploring London.",The location is great. The layout of the hotel is a bit of a maze. Our room was small but fine for the two of us. The breakfast was definitely not worth the cost. I suggest you forgo the hotel meal and go to any...,pepperpattik,"Looking for a place to stay in London? Then look no further than Princes Square Hotel, a family-friendly hotel that brings the best of London to your doorstep.
You’ll enjoy relaxing rooms that offer a flat screen TV and a desk, and you can stay connected during your stay as Princes Square Hotel offers guests free wifi.
The hotel features 24 hour front desk, baggage storage, and a coffee shop. Plus, Princes Square Hotel offers breakfast buffet, providing a pleasant respite from your busy day.
For those interested in checking out popular landmarks while visiting London, Princes Square Hotel is located a short distance from Harrods (1.5 mi) and Primrose Hill (2.2 mi).
While in London be sure to experience local oyster favourites at Rules Restaurant, Bob Bob Ricard, or The Chiltern Firehouse.
If you’re looking for things to do, you can check out Hyde Park (1.2 mi), Kyoto Garden (1.0 mi), or Notting Hill (0.4 mi), which are popular attractions amongst tourists, and they are all within walking distance.
We’re sure you’ll enjoy your stay at Princes Square Hotel as you experience everything London has to offer."
london,91,2700,193131,Hilton London Olympia,https://dynamic-media-cdn.tripadvisor.com/media/photo-o/33/0c/a5/0f/reception.jpg,https://www.tripadvisor.co.uk/Hotel_Review-g186338-d193131-Reviews-Hilton_London_Olympia-London_England.html,3.3,3946.0,"#800 of 1,209 hotels in London",1134.0,3462,"380 Kensington High Street, London W14 8NL England",+44 20 7603 3333,51.496586,-0.206557,London,,,124.0,357,Hotel,,Restaurant|Bar/Lounge|Fitness centre|Air conditioning,,否,,"Conveniently located near Earls Court and Holland Park with easy access to public transportation, shops, and dining. Features modern communal areas, guest discounts at Costa Coffee, and reasonable rates.",,,"Hilton London Olympia is steps from the shops of Kensington High Street, passing the gardens of Holland Park along the way. We're a three-minute walk from events at the Olympia London and city exploring via Kensington (Olympia) Station. Grab Costa Coffee in the lobby before visiting Royal Albert Hall, Hyde Park, Westfield London Shopping Centre and city center sights. Try our quintessentially British menu in our fabulous interior designed Society Restaurant or relax and enjoy our delicious cocktails and nibbles in Society Bar. We offer 12 meetings and events spaces, including a private dining area and an executive boardroom with private kitchen. Many of our spaces benefit from natural daylight. Our dedicated planners can advise on refreshments, seating plans and A/V. We are also only 14 miles away from Heathrow Airport."
london,34,990,192048,Hilton London Euston,https://dynamic-media-cdn.tripadvisor.com/media/photo-o/11/c9/ac/8e/hilton-london-euston.jpg,https://www.tripadvisor.co.uk/Hotel_Review-g186338-d192048-Reviews-Hilton_London_Euston-London_England.html,3.3,3012.0,"#818 of 1,209 hotels in London",1188.0,3462,"17-18 Upper Woburn Place, London WC1H 0HT England",+44 20 7943 4500,51.52651,-0.130124,London,,,205.0,492,Hotel,,Restaurant|Bar/Lounge|Fitness centre,Breakfast included,否,,"Convenient hotel near Euston station and Eurostar, ideal for exploring central London. Spacious rooms, modern bathrooms, and efficient air conditioning. Close to the British Museum, West End, and dining options.",,,"Perfectly situated in the heart of Bloomsbury and easily accessible by public transport, Hilton London Euston combines historic character with contemporary comfort - an ideal base for both business and leisure travellers. Housed within four traditional Victorian townhouses, the hotel features flexible meeting spaces, an inviting bar and tea lounge, and a distinctive glass conservatory - an elegant setting for private dinners and events."
london,88,2610,501751,Garden View Hotel,https://dynamic-media-cdn.tripadvisor.com/media/photo-o/0f/c2/62/69/photo0jpg.jpg,https://www.tripadvisor.co.uk/Hotel_Review-g186338-d501751-Reviews-Garden_View_Hotel-London_England.html,3.3,1260.0,"#807 of 1,209 hotels in London",1152.0,3462,"29-31 Nevern Square, London SW5 9PE England",+44 20 7835 1900,51.491573,-0.197061,London,,,73.0,201,Hotel,,Free Wifi,,否,,"Budget-friendly hotel near Earl’s Court station with easy access to public transportation, Heathrow, and dining options. Features quiet surroundings, a gym, family rooms, and nearby shops, including Tesco.",,,"Garden View Hotel is an excellent choice for travelers visiting London, offering a quiet environment alongside many helpful amenities designed to enhance your stay. Guest rooms offer a flat screen TV, and Garden View Hotel London makes getting online easy as free wifi is available. You can also take advantage of some of the amenities offered by the hotel, including a 24 hour front desk and baggage storage. In addition, guests can enjoy breakfast buffet during their visit. Close to some of London's most popular landmarks, such as Royal Albert Hall (1.1 mi) and Harrods (1.6 mi), Garden View Hotel is a great destination for tourists. Travelers looking to enjoy some ribs can head to Sexy Fish, Hard Rock Cafe London, or Hakkasan Mayfair. Otherwise, you may want to check out a steakhouse such as Flat Iron Beak Street, Macellaio RC South Kensington, or Blacklock Soho. London is also known for some great history museums, including The British Museum, Natural History Museum, and Churchill War Rooms, which are not too far from Garden View Hotel. Enjoy your stay in London!"
london,86,2550,1370335,Trebovir Hotel,https://dynamic-media-cdn.tripadvisor.com/media/photo-o/0c/18/9e/04/hotel-entrance.jpg,https://www.tripadvisor.co.uk/Hotel_Review-g186338-d1370335-Reviews-Trebovir_Hotel-London_England.html,3.3,1007.0,"#868 of 1,209 hotels in London",1372.0,3462,"18/20 Trebovir Road, London SW5 9NH England",+44 20 7373 6625,51.49189,-0.194392,London,,,95.0,280,Hotel,,Air conditioning|Free Wifi,Breakfast included,否,,"Conveniently located near Earl's Court station with easy access to dining and shopping. Offers clean, comfortable rooms with essential amenities and a continental breakfast with varied options.","The room was a bit small and tight, but the location is right around the corner from all Earl's Court Station transportation choices.  Lots of good selection of convenience stores and restaurants around it too. The...",Waymond Ho,"Trebovir Hotel – A Smart Stay in the Heart of London Set in a beautifully restored Victorian building, Trebovir Hotel is a stylish 3-star property offering a smart stay that combines modern comfort with timeless elegance—just 150 metres from Earl’s Court Underground Station and Exhibition Centre. Freshly renovated, all rooms are air-conditioned and feature free Wi-Fi, a flat-screen TV, tea and coffee-making facilities, and access to room service and external laundry services. Each morning, guests can enjoy a generous continental breakfast with a variety of fresh options. Our smart central location makes it easy to explore London. The Royal Albert Hall, Science Museum, and V&A Museum are all within a 25-minute walk, while South Kensington and Chelsea are just 20 minutes away on foot. Stamford Bridge, home of Chelsea FC, is just over a mile from the hotel. Heathrow Airport can be reached in 30 minutes by car or 40 minutes by tube."
london,81,2400,1526183,Maitrise Hotel Maida Vale - London,https://dynamic-media-cdn.tripadvisor.com/media/photo-o/15/04/dd/20/maitrise-hotel-maida.jpg,https://www.tripadvisor.co.uk/Hotel_Review-g186338-d1526183-Reviews-Maitrise_Hotel_Maida_Vale_London-London_England.html,3.2,1611.0,"#887 of 1,209 hotels in London",1466.0,3462,"53-59 Kilburn High Road, London NW6 5SB England",+44 20 7625 8532,51.536625,-0.191972,London,,,95.0,223,Hotel,,Restaurant|Air conditioning|Free Wifi,,否,,"Conveniently located hotel near shops, restaurants, and public transportation, including tube and train stations. Features a unique Chaiwala concept. Ideal base for exploring central London.",,,"Maitrise Hotel Maida Vale London offers 3-star modern bedrooms with free WiFi. Set in fashionable Maida Vale, it is just a 3-minute walk from Kilburn Park Station, which offers direct services to Paddington station (perfect for Heathrow), Oxford Circus and Piccadilly Circus. Positioned next to the bus stop, which takes you to Marble Arch, Hyde Park and Oxford Street in less than 18 minutes. Set in a Victorian town house, the bedrooms at Maitrise Hotel Maida Vale have a flat-screen TV and tea/coffee making facilities. All rooms have a chic bathroom with a designer power shower. Chaiiwala Cafe offers Indian street food and some of the best Chai tea in London. Anytime Fitness next door is also part of the hotel and guests can enjoy access for a heavily subsidised price. Just a 5-minute tube ride from Paddington, Maitrise Hotel Maida Vale is just 1.5 miles from Regent’s Park. The famous Abbey Road Studios are a 15-minute walk away and Wembley Stadium can be reached in 15 minutes by Tube."
london,55,1620,258942,Comfort Inn London Victoria,https://dynamic-media-cdn.tripadvisor.com/media/photo-o/07/ec/1f/a8/comfort-inn-london-victoria.jpg,https://www.tripadvisor.co.uk/Hotel_Review-g186338-d258942-Reviews-Comfort_Inn_London_Victoria-London_England.html,3.2,1347.0,"#842 of 1,209 hotels in London",1253.0,3462,"18/24 Belgrave Road, London SW1V 1QF England",+44 20 7233 6636,51.493122,-0.144291,London,,,147.0,330,Hotel,,Air conditioning|Free Wifi,Breakfast included,否,,"Centrally located near Victoria Station in elegant Belgravia. Offers convenient access to transportation, shops, restaurants, and attractions. Rooms vary; continental breakfast and take-away coffee available.",,,"Nestled in the heart of London, Comfort Inn Victoria is near the Victoria coach, train, and bus stations and a short stroll from many of London's key historic and cultural sites. Committed to eco-friendly practices, the hotel actively monitors its carbon footprint, offers recycling facilities, and has implemented water-efficient fixtures. Whether you are visiting London for business or leisure, we are dedicated to fulfilling all your travel needs with our 24-hour reception service."
london,87,2580,195218,Kensington Court Hotel,https://dynamic-media-cdn.tripadvisor.com/media/photo-o/2c/2c/0c/72/mh-kensingtoncourthotel.jpg,https://www.tripadvisor.co.uk/Hotel_Review-g186338-d195218-Reviews-Kensington_Court_Hotel-London_England.html,3.2,550.0,"#853 of 1,209 hotels in London",1297.0,3462,"33-35 Nevern Place Earls Court, London SW5 9NP England",+44 20 7370 5151,51.49262,-0.196219,London,,,149.0,291,Hotel,,,,否,,"Conveniently located near Earl's Court tube station, this hotel offers spacious rooms with AC, fridges, and coffee makers. Amenities include breakfast and helpful staff. Easy access to museums and attractions.",,,"Between smart Kensington and chic Earls Court, The Kensington Court Hotel offers a retreat from the exhilarating atmosphere of this popular area. It is located within close proximity to Olympia London (exhibition centre). Jump on the Piccadilly Line and you will find yourself at Covent Garden with its fascinating history, magical Soho, Piccadilly Circus and the world-renowned theatres of West End."
london,63,1860,1026295,"The Green Man, Paddington",https://dynamic-media-cdn.tripadvisor.com/media/photo-o/0e/f0/61/49/hamburguesa-de-locura.jpg,https://www.tripadvisor.co.uk/Hotel_Review-g186338-d1026295-Reviews-The_Green_Man_Paddington-London_England.html,3.2,487.0,"#225 of 1,516 Speciality lodging in London",1271.0,3462,"308 Edgware Road Paddington London, London W2 1DY England",+44 20 7723 7980,51.520557,-0.170355,London,,,49.0,3744,Hostel,,Bar/Lounge|Free Wifi,,否,,"Convenient central London location near major stations. Unique vibe with a 24-hour pub and restaurant. Clean rooms, friendly staff, affordable prices. Ideal for backpackers and solo travelers.","The stay was fine… certainly for the price. A word of advice though… Don’t bother paying for additional extras like bottom bunk, padlock, towels etc when booking as the hostel doesnt get notified of this...",Excursion58883433551,"Where it all began - PubLove was born here in 2007. Loved by backpackers for well over a decade, The Green Man is the original Hostel-Pub and the ideal base for your London adventure. Visit the legendary Wembley Stadium & Lords Cricket ground, hit the shops on the world-famous Oxford Street, then dive into the warm glow of the West End & Theatre-Land. Head back to the bar to check your photos over a pint & a burger. London baby! Perfect for the travellers looking to experience the London that the whole world loves. Legendary London adventures start at PubLove. All our Hostel-Pubs are welcoming, small and social - the perfect places to get to know your fellow travellers. The best thing about staying with us? Your common room is the great British pub! We have 24hr bars specialising in craft beer & gin. Get social with the locals or swap stories over a drink with your fellow backpackers."
london,155,4620,33073197,Zedwell Capsules Piccadilly,https://dynamic-media-cdn.tripadvisor.com/media/photo-o/2f/9f/d0/76/caption.jpg,https://www.tripadvisor.co.uk/Hotel_Review-g186338-d33073197-Reviews-Zedwell_Capsules_Piccadilly-London_England.html,3.1,128.0,"#406 of 1,516 Speciality lodging in London",1623.0,3462,"The London Pavillion Westminister Borough, London W1J 0DA England",+44 20 7096 5414,51.510307,-0.133862,London,,,38.0,106,Hostel,,Free Wifi,,否,,"Conveniently located hostel near attractions, offering affordable pod-style dorms with charging points and secure lockers. Shared bathrooms are modern and clean. Female-only dorms provide added privacy.",,,"With 1,000 individual sleep capsules across five floors, Zedwell Capsule Hotel Piccadilly offers flexible dormitory options ranging from 4 to 100 capsules, allowing groups or solo travellers to find the perfect fit. Whether you’re booking an entire dorm for a private group experience or selecting an individual capsule, you can customize your stay for comfort, privacy, and convenience."
london,106,3150,15360871,"Putney Hotel, BW Signature Collection",https://dynamic-media-cdn.tripadvisor.com/media/photo-o/17/40/39/6a/putney-hotel.jpg,https://www.tripadvisor.co.uk/Hotel_Review-g186338-d15360871-Reviews-Putney_Hotel_BW_Signature_Collection-London_England.html,3.1,97.0,"#799 of 1,516 Speciality lodging in London",2259.0,3462,"214 Upper Richmond Road, London SW15 6TD England",+44 20 8051 8470,51.46119,-0.21806,London,,,108.0,250,Speciality Hotel,,Free Wifi,,否,,"Centrally located hotel with easy access to transport, shops, and dining. Features spacious rooms, comfortable beds, and friendly staff. Great value for business or leisure travelers. Limited parking.",,,"A Contemporary design with a truly comfortable feel includes a luxury rain shower, free wi-fi, 40"" Smart TV's, minibar etc."
london,38,1110,33410840,Moxy London Piccadilly Circus,https://dynamic-media-cdn.tripadvisor.com/media/photo-o/32/0b/c4/23/colourful-lobby-with.jpg,https://www.tripadvisor.co.uk/Hotel_Review-g186338-d33410840-Reviews-Moxy_London_Piccadilly_Circus-London_England.html,3.1,67.0,"#938 of 1,209 hotels in London",1799.0,3462,"1 Jermyn Street, London SW1Y 4UH England",+44 20 3011 2250,51.509766,-0.134337,London,$174,$174,184.0,354,Hotel,,Bar/Lounge|Air conditioning|Free Wifi,Sponsored,否,,"Centrally located hotel with modern, quirky design and colorful lobby featuring a communal bar. Efficiently designed rooms, loft-style options, and friendly staff. Fun atmosphere with youthful appeal.",,,
london,74,2190,1391303,NOX Kensington Gardens,https://dynamic-media-cdn.tripadvisor.com/media/photo-o/2c/05/37/99/caption.jpg,https://www.tripadvisor.co.uk/Hotel_Review-g186338-d1391303-Reviews-NOX_Kensington_Gardens-London_England.html,3.1,22.0,#378 of 737 B&Bs / Inns in London,1933.0,3462,"43 Queensborough Terrace, London W2 3SY England",+44 7788 817340,51.511818,-0.185484,London,,,120.0,262,Bed and Breakfast,,Air conditioning|Free Wifi,,否,,"Modern hotel near Hyde Park with clean, well-equipped rooms featuring kitchenettes. Highlights include comfortable beds and standout showers. Convenient location for exploring nearby attractions.",,,
london,25,720,1233082,Smart Hostel Russell Square,https://dynamic-media-cdn.tripadvisor.com/media/photo-o/12/c4/28/f3/smart-russell-square.jpg,https://www.tripadvisor.co.uk/Hotel_Review-g186338-d1233082-Reviews-Smart_Hostel_Russell_Square-London_England.html,3.0,2610.0,"#104 of 1,516 Speciality lodging in London",894.0,3462,"71-72 Guilford Street, London WC1N 1DF England",+44 20 7833 8818,51.52283,-0.123286,London,,,90.0,335,Hostel,,Free Wifi,,否,,"Budget-friendly hostel near a tube station and tourist attractions. Convenient location for exploring London, close to the British Museum and shops. Features friendly staff, clean facilities, and compact spaces.",,,"This hostel is in the heart of London, a 10-minute walk from King's Cross Railway Station and the British Library. It provides budget accommodation with free WiFi access throughout. The Smart Hostel Russell Square offers beds in mixed-sex dorms. Linen is provided and security lockers are available in all rooms. Shared and en-suite facilities are available depending on room type. Reception is open 24 hours a day, and there are no curfews or lock-out times. Guests can receive tourist information and discount tickets for major attractions. The hostel's common room features a large TV, and some shared kitchen facilities are available. Self-service laundry facilities and an internet cafe are also offered on site. Russell Square Underground Station is 252 yrd away. The Foundling Museum, Islington Farmers Market and University College London are all within 10 minutes' walk. Camden is a great choice for travellers interested in Theatre, Museums and Culture. Our dormitories are open to guests between 16 and 45 years old. If you do not fit this age range, please book a private room. For further questions, please contact our hostel"
london,28,810,574296,Travelodge London Central Aldgate East,https://dynamic-media-cdn.tripadvisor.com/media/photo-o/30/80/67/88/exterior.jpg,https://www.tripadvisor.co.uk/Hotel_Review-g186338-d574296-Reviews-Travelodge_London_Central_Aldgate_East-London_England.html,3.0,2508.0,"#722 of 1,209 hotels in London",939.0,3462,"6-13 Chamber Street, London E1 8BL England",+44 871 984 6406,51.5113,-0.069529,London,,,72.0,243,Hotel,,,,否,,"Conveniently located near the tube, Tower Bridge, and the Tower of London, this budget-friendly hotel offers clean, comfortable rooms and great service. A hidden gem for short stays with excellent value for money, though light sleepers may notice nearby train noise.",,,"Welcome to Travelodge London Central Aldgate East, your London “home away from home.” Travelodge London Central Aldgate East aims to make your visit as relaxing and enjoyable as possible, which is why so many guests continue to come back year after year.
For those interested in checking out popular landmarks while visiting London, Travelodge London Central Aldgate East is located a short distance from St. Paul's Cathedral (1.3 mi) and Coca-Cola London Eye (2.2 mi).
Rooms at London Aldgate East Travelodge Hotel provide a flat screen TV and a desk, and guests can stay connected with wifi.
In addition, while staying at London Aldgate East Travelodge Hotel guests have access to 24 hour front desk and 24 hour check-in. You can also enjoy breakfast buffet. Need a place to park? Parking is available at London Aldgate East Travelodge Hotel.
If you like seafood restaurants, London Travelodge is conveniently located near Burger & Lobster - Soho, Hawksmoor Seven Dials, and Big Easy Bar.B.Q & Lobstershack.
If you’re looking for things to do, you can check out Tower of London (0.3 mi), Sky Garden (0.6 mi), or The View from The Shard (0.9 mi), which are popular attractions amongst tourists, and they are all within walking distance.
Travelodge London Central Aldgate East puts the best of London at your fingertips, making your stay both relaxing and enjoyable."
london,54,1590,193658,Stanley House Hotel,https://dynamic-media-cdn.tripadvisor.com/media/photo-o/07/f0/42/43/stanley-house.jpg,https://www.tripadvisor.co.uk/Hotel_Review-g186338-d193658-Reviews-Stanley_House_Hotel-London_England.html,3.0,1336.0,"#1,042 of 1,209 hotels in London",2535.0,3462,"19-21 Belgrave Road Pimlico, London SW1V 1RB England",+44 20 7834 5042,51.49215,-0.141618,London,,,103.0,154,Hotel,,Free Wifi,Breakfast included,否,,"Conveniently located near Victoria Station and Buckingham Palace, this budget-friendly hotel offers clean bedding and towels. Close to local attractions and ideal for travelers seeking central accommodations.","Stayed in this hotel for one night at the end of September 2023.

I'll start with the negatives:

* This hotel is a budget 2* hotel so don't expect anything more.
* The room's floor was very dirty we found dust and...",Tim,"If you’re looking for a quiet hotel in London, look no further than Stanley House Hotel.
Close to some of London's most popular landmarks, such as Covent Garden (1.6 mi) and The View from The Shard (2.5 mi), Stanley Hotel is a great destination for tourists.
Stanley House Hotel is a quiet hotel offering a flat screen TV in the rooms, and it is easy to stay connected during your stay as free wifi is offered to guests.
The hotel features 24 hour front desk and baggage storage. Plus, guests can enjoy breakfast, which has made this a popular choice among travellers visiting London.
During your visit, be sure to check out one of London's popular ribs restaurants such as SUSHISAMBA Liverpool Street, The Ivy, and Sexy Fish, all a short distance from Stanley House Hotel.
If you’re looking for something to do, Coca-Cola London Eye (1.2 mi), Churchill War Rooms (0.9 mi), and Westminster Abbey (0.8 mi) are a nice way to spend some time, and they are all within walking distance of Stanley Hotel.
The staff at Stanley House Hotel looks forward to serving you during your upcoming visit."
london,74,2190,192132,The Gainsborough Hotel,https://dynamic-media-cdn.tripadvisor.com/media/photo-o/1d/3d/f9/ef/recently-renovated-rooms.jpg,https://www.tripadvisor.co.uk/Hotel_Review-g186338-d192132-Reviews-The_Gainsborough_Hotel-London_England.html,3.0,718.0,"#766 of 1,209 hotels in London",1052.0,3462,"7-11 Queensberry Place, London SW7 2DL England",+44 20 8159 2773,51.494907,-0.177356,London,,,107.0,202,Hotel,,Bar/Lounge|Air conditioning|Free Wifi,,否,,"Conveniently located near South Kensington station, museums, and Hyde Park. Offers clean rooms, rain showers, and professional staff. Affordable option for exploring London’s major attractions.","Hotel rooms big and spacious but very loud area, kept waking up in the middle of the night to noise. 

The hotel did cancel our reservation… but we’re a bit helpful when trying to find other accom.",alice B,"Recently refurbished 4* Hotel in South Kensington London. Imagine an English country home magically whisked to the most exclusive London borough, and you have The Gainsborough. The London artist Sasha Bowles has incredibly decorated the lobby, taken inspiration from the elegance of Gainsborough’s paintings. To stay here is to enjoy London's fashionable South Kensington, Harrods, the restaurants and antique markets, pubs and delightful backwaters of Chelsea and Knightsbridge. You are at the heart of the capital's culture too with great museums - Science, Natural History, the Victoria & Albert - nearby; and for music lovers, the glorious Royal Albert Hall is just minutes away. The well-stocked lounge bar is the spot for a leisurely drink or a snack from the light menu. With 24-hour room service, butlers on immediate call and a reception ever ready to meet your needs, nothing is too much for our attentive staff."
london,57,1680,193151,The Portico Hotel,https://dynamic-media-cdn.tripadvisor.com/media/photo-o/1a/06/18/4a/hanover-hotel-victoria.jpg,https://www.tripadvisor.co.uk/Hotel_Review-g186338-d193151-Reviews-The_Portico_Hotel-London_England.html,2.9,1317.0,#289 of 737 B&Bs / Inns in London,1569.0,3462,"30 St. George's Drive, London SW1V 4BN England",+44 20 7834 0367,51.49074,-0.14351,London,,,172.0,1099,Bed and Breakfast,,Air conditioning|Free Wifi,Breakfast included,否,,"Townhouse hotel near Victoria Station with modern decor, clean bathrooms, comfortable beds, and complimentary amenities. Budget-friendly option with easy access to transportation, dining, and shopping.",,,"All Rooms are comfortably furnished, have en-suite facilities and come with:Complimentary Cole & Lewis of London toiletriesWorld renowned “Hypnos” beds in every room15-22” Flat screen Digital TVTelephoneHairdryerHospitality Tray with tea and coffeeComplimentary Continental breakfastFree Wi-Fi24 hours ReceptionThe Hanover Hotel Victoria is a bed and breakfast in central London and has been offering quality hospitality, and cheap hotel accommodation in London, for over 15 years. Combining a personalized service with comfortable accommodation and a convenient location, we are one of the most reasonably priced budget hotels in London.The Hanover Hotel London is extremely well located, close to the Underground (tube), Bus, Railway and Coach Stations of Victoria making it quite easy for our guests to get to other parts of Central London as well as the rest of the UK. The 30 minute high speed train service to Gatwick Airport departs from Victoria Station. The Hanover Hotel London is also well located for some of London’s top tourist attractions such as the Buckingham Palace, London Eye and Big Ben, which are within walking distance of the hotel. At the Reception, we can arrange for tickets to these sites and most other attractions in London as well as for sightseeing tours."
london,64,1890,267979,Gresham Hotel,https://dynamic-media-cdn.tripadvisor.com/media/photo-o/08/1e/6d/71/gresham-hotel-london.jpg,https://www.tripadvisor.co.uk/Hotel_Review-g186338-d267979-Reviews-Gresham_Hotel-London_England.html,2.9,829.0,"#964 of 1,209 hotels in London",2015.0,3462,"116 Sussex Gardens, London W2 1UA England",+44 20 7402 2920,51.515938,-0.171869,London,,,108.0,245,Hotel,,Free Wifi,Breakfast included,否,,"Conveniently located near Paddington Station and Hyde Park, this hotel offers clean rooms, pleasant staff, and a traditional English breakfast. Surrounded by dining options, it provides good value for travelers.",,,"Finding an ideal budget friendly hotel in London does not have to be difficult. Welcome to The Gresham Hotel, a nice option for travellers like you.
While staying at The Gresham Hotel, visitors can check out Buckingham Palace (1.6 mi) and Piccadilly Circus (1.7 mi), some of London's top attractions.
The Gresham Hotel offers guests an array of room amenities including a flat screen TV, a refrigerator, and a dishwasher, and getting online is possible, as free wifi is available.
The hotel offers 24 hour front desk and baggage storage, to make your visit even more pleasant. The property also features breakfast buffet.
While in London be sure to experience local dim sum favourites at Hakkasan Mayfair, Novikov Restaurant & Bar, or Hakkasan Hanway Place Restaurant.
Looking to explore? Then look no further than Harrods (1.2 mi), Hyde Park (0.6 mi), and Abbey Road Studios (1.2 mi), which are some popular London attractions – all conveniently located within walking distance of the hotel.
The Gresham Hotel looks forward to welcoming you on your visit to London."
london,67,1980,251746,Hotel Edward Paddington,https://dynamic-media-cdn.tripadvisor.com/media/photo-o/22/02/ff/89/hotel-edward-paddington.jpg,https://www.tripadvisor.co.uk/Hotel_Review-g186338-d251746-Reviews-Hotel_Edward_Paddington-London_England.html,2.9,761.0,"#988 of 1,209 hotels in London",2162.0,3462,"1A Spring Street Paddington, London W2 3RA England",+44 20 7262 2671,51.514214,-0.175102,London,,,130.0,449,Hotel,,Air conditioning,,否,,"Convenient hotel near Paddington Station and Hyde Park. Clean rooms with comfortable beds. Close to transportation, bars, restaurants, and major attractions. Great value for a central London stay.",,,"Small budget hotel offering comfortable and affordable accommodations; situated near Paddington Station, Hyde Park and Oxford Street. Edward Hotel offers 24/7 Reception, daily housekeeping, chargeable private car park, air condition and en suite bedrooms."
london,39,1140,3440076,Rest Up Hostel,https://dynamic-media-cdn.tripadvisor.com/media/photo-o/0b/f2/fe/d6/rest-up-driscoll-house.jpg,https://www.tripadvisor.co.uk/Hotel_Review-g186338-d3440076-Reviews-Rest_Up_Hostel-London_England.html,2.9,742.0,"#820 of 1,516 Speciality lodging in London",2297.0,3462,"172 New Kent Road Driscoll House, London SE1 4YT England",+44 20 3642 4549,51.493923,-0.090605,London,,,41.0,162,Hostel,,Bar/Lounge,,否,,"Budget-friendly hostel in a convenient London location near shops, bars, and transportation. Offers clean, quirky decor, early check-in, continental breakfast, and affordable accommodations.",,,"REST UP hostel in London has been established within Driscoll House, a unique pre-WWI baroque style listed building, unlike any other in the surrounding suburb of Elephant & Castle. We have a century old history of being a hostel, a claim that we are very proud of, originally just for women and children however now open to all. With an original exterior, the interior has been brought up to date with modern common areas perfect for relaxing and zoning out of reality and into the cyber world with our FREE WIFI. Our TV room and terrace are both great places to enjoy some snacks and laze around in the brightly coloured chairs/ bean bags and soak up the sunlight (on the rare occasions when London’s weather decides to shine). English not your mother tongue? That’s not a problem! We have multi-lingual staff that are here to help you. A hostel unlike any other hostel; with the hustle and bustle of central London on our doorstep complimented by the great array of guests within (young and old from all around the world) as well as friendly staff and delicious meals available throughout the day it’s the perfect place to make new friends, relax and REST UP at Driscoll House Hostel."
london,168,5010,195153,Britannia International Hotel,https://dynamic-media-cdn.tripadvisor.com/media/photo-o/31/d9/9c/a0/caption.jpg,https://www.tripadvisor.co.uk/Hotel_Review-g186338-d195153-Reviews-Britannia_International_Hotel-London_England.html,2.8,5599.0,"#1,128 of 1,209 hotels in London",3134.0,3462,"163 Marsh Wall, London E14 9SJ England",+44 871 222 0042,51.50179,-0.02351,London,,,1322.0,1439,Hotel,,Restaurant|Bar/Lounge|Air conditioning,,否,,"Conveniently located near the Thames and Canary Wharf tube station, this budget-friendly hotel offers easy access to public transport, dining, and attractions like the O2 arena. Quiet atmosphere.",,,"Modern hotel situated in Canary Wharf, London's popular Docklands area. Canary Wharf, Jubilee line underground station is a 5 minute walk away. DLR stations South Quay and Heron Quay are within 5 minutes walking distance. Enjoy the shopping and lively atmosphere of Canary Wharf."
london,75,2220,199115,Berjaya Eden Park London Hotel,https://dynamic-media-cdn.tripadvisor.com/media/photo-o/0a/a0/a5/b5/hotel-lobby.jpg,https://www.tripadvisor.co.uk/Hotel_Review-g186338-d199115-Reviews-Berjaya_Eden_Park_London_Hotel-London_England.html,2.8,1185.0,"#1,057 of 1,209 hotels in London",2671.0,3462,"35-39 Inverness Terrace, London W2 3JS England",+44 20 7221 2220,51.512146,-0.186616,London,,,114.0,222,Hotel,,Restaurant|Free Wifi,,否,,"Conveniently located near Hyde Park and Queensway station, with easy access to tube lines, dining, and shops. Features newly refurbished rooms, helpful staff, and good value for tourists.",Room 230 Very creeky floors and maze like building.. Windows have huge gaps allowing in all the noice and the curtains let in all the light. I was woken up at 6am every morning! By light or noice For 4x nights...,Craig R,"In the heart of Bayswater, Berjaya Eden Park London Hotel offers a comfortable stay in an elegant 19th century architecture. The hotel is close to Kensington Gardens and Hyde Park. Location wise, both Bayswater Station and Queensway Station are conveniently within walking distance. Immerse yourself in our Bayswater hotel and experience an unforgettable sojourn with quintessential English charm."
london,30,870,1056130,Kings Cross Inn Hotel,https://dynamic-media-cdn.tripadvisor.com/media/photo-o/2c/21/be/dc/exterior.jpg,https://www.tripadvisor.co.uk/Hotel_Review-g186338-d1056130-Reviews-Kings_Cross_Inn_Hotel-London_England.html,2.8,1167.0,"#1,097 of 1,209 hotels in London",2965.0,3462,"9-11 Euston Road, London NW1 2SA England",+44 20 7833 9510,51.530262,-0.122779,London,,,105.0,280,Hotel,,Air conditioning,,否,,"Hotel near Kings Cross station with easy access to public transport, restaurants, and Euston Road. Features tea/coffee facilities, some modern amenities, helpful staff, and renovated bathrooms.",,,"Looking for a place to stay in London? Then look no further than Kings Cross Inn Hotel, a hotel that brings the best of London to your doorstep.
Paid internet access is offered to guests, and rooms at Kings Cross Inn Hotel offer a flat screen TV, air conditioning, and a refrigerator.
During your stay, take advantage of some of the amenities offered, including 24 hour front desk and baggage storage. Guests of Kings Cross Inn Hotel are also welcome to enjoy breakfast buffet, located on site.
Nearby landmarks such as Covent Garden (1.3 mi) and Coca-Cola London Eye (1.9 mi) make Kings Cross Inn Hotel a great place to stay when visiting London.
London has plenty of Greek restaurants. So when you’re here, be sure to check out popular spots like Daphne Restaurant, Andy's Greek Taverna, and Suvlaki Shoreditch, which are serving up some great dishes.
During your visit, be sure to check out The British Museum (0.8 mi), which is a popular attraction within walking distance of the hotel.
We’re sure you’ll enjoy your stay at Kings Cross Inn Hotel as you experience everything London has to offer."
london,67,1980,261737,Lancaster Court Hotel,https://dynamic-media-cdn.tripadvisor.com/media/photo-o/18/b2/c4/b3/hotel-nicely-lit-at-night.jpg,https://www.tripadvisor.co.uk/Hotel_Review-g186338-d261737-Reviews-Lancaster_Court_Hotel-London_England.html,2.8,154.0,"#1,013 of 1,209 hotels in London",2298.0,3462,"204 Sussex Gardens, London W2 3UA England",+44 20 7402 8438,51.513943,-0.175314,London,,,76.0,204,Hotel,,Free Wifi,Breakfast included,否,,"Budget hotel near Paddington Station and Hyde Park offering small, clean rooms and friendly service. Convenient location close to transportation, restaurants, shops, and bars. Ideal for exploring London.",,,"Overlooking central London's 630-acre Hyde Park, the family-run Lancaster Court is set along a tree-lined street in the heart of central London. With parking and WiFi, this listed Victorian building is just 2 minutes' walk from London Paddington Railway Station with its Heathrow Express Service. Individually designed, each room at Lancaster Court features a flat-screen Freeview TV and tea and coffee making facilities. All en-suite shower rooms have a hairdryer. In the mornings, guests can enjoy complimentary breakfast. For lunch and evening meals, there are numerous restaurants, bars, and cafes within a 5-minute stroll of the hotel. With a free luggage storage facility, Lancaster Court is also only 5 minutes' walk from Lancaster Gate Tube Station. Many of London's top tourist attractions are easily accessible after a 15-minute Tube journey, including iconic Westminster's London Eye, the Houses of Parliament, and historic Westminster Abbey. Westminster Borough is a great choice for travellers interested in parks, theatre and monuments. We speak your language! Hotel Rooms: 40"
london,55,1620,209138,The Tophams Hotel,https://dynamic-media-cdn.tripadvisor.com/media/photo-o/28/34/f0/4a/the-tophams-hotel-belgravia.jpg,https://www.tripadvisor.co.uk/Hotel_Review-g186338-d209138-Reviews-The_Tophams_Hotel-London_England.html,2.6,1829.0,"#903 of 1,209 hotels in London",1577.0,3462,"24-32 Ebury Street, London SW1W 0LU England",+44 20 7730 3313,51.49573,-0.147695,London,,,215.0,459,Hotel,,Restaurant|Bar/Lounge|Air conditioning|Free Wifi,,否,,"Charming boutique hotel near Victoria Station on a quiet street. Elegant, clean rooms with a cozy bar/lounge. Conveniently located near Buckingham Palace, restaurants, shops, and city attractions.",,,"Tophams Hotel opened in summer 2008 as a boutique hotel in the heart of the exclusive Belgravia area. In November 2018, Imperial Kensington took over the hotel. As the new owners, our aim is to re-establish Tophams as a luxury hotel, offering our guests comfort and traditional standards of service with lots of surprising individual touches that help maintain the original charm and, essentially, the English quirkiness.

We are currently undertaking the last stages of property refurbishment, working as discreetly as possible to ensure minimal disruption to you, our guests.

Our restaurant is open for breakfast, offering both a buffet and à la carte menu, and our bar provides a welcoming space to relax with a drink at the end of the day.

Located in one of London’s most desirable areas, Belgravia is a quiet residential neighbourhood within easy walking distance of Victoria British Rail and Coach Station. Ideally situated just 800 metres from Buckingham Palace, we're only steps away from"
london,56,1650,26565251,Maiden Oval Hotel,https://dynamic-media-cdn.tripadvisor.com/media/photo-o/30/7e/59/ec/caption.jpg,https://www.tripadvisor.co.uk/Hotel_Review-g186338-d26565251-Reviews-Maiden_Oval_Hotel-London_England.html,2.6,16.0,"#1,069 of 1,209 hotels in London",2739.0,3462,"9-13 Clapham Road, London SW9 0JD England",+44 20 7793 0142,51.48037,-0.11364,London,,,88.0,281,Hotel,,Free Wifi,,否,,"Conveniently located hotel near Vauxhall with easy access to public transport, shops, and restaurants. Basic accommodations with clean and spacious rooms for some. Suitable for short stays in the city.","A basic, but comfortable hotel close to The Oval cricket ground. My single room was small but had a good en-suite shower. £85 for the night was not great value, but It did the job.",Neil H,
london,66,1950,195394,Britannia Hampstead Hotel,https://dynamic-media-cdn.tripadvisor.com/media/photo-o/31/d9/9e/e7/caption.jpg,https://www.tripadvisor.co.uk/Hotel_Review-g186338-d195394-Reviews-Britannia_Hampstead_Hotel-London_England.html,2.4,1412.0,"#1,152 of 1,209 hotels in London",3240.0,3462,"Primrose Hill Road Hampstead, London NW3 3NA England",+44 20 7586 2233,51.544434,-0.162392,London,,,85.0,254,Hotel,,Restaurant|Bar/Lounge,,否,,"Budget-friendly hotel near Chalk Farm tube station with convenient access to local dining options. Features friendly staff and good value for money, ideal for exploring the area.",,,"Commercial Hotel on the north side of Regent's Park in residential Hampstead, 15 minutes from the West End & main line stations. In vicinity of Camden town- London Zoo and Lords cricket ground. Emirates stadium is less than 4 miles."
london,79,2340,243672,Wedgewood Hotel,https://dynamic-media-cdn.tripadvisor.com/media/photo-o/05/6e/12/0b/wedgewood-hotel.jpg,https://www.tripadvisor.co.uk/Hotel_Review-g186338-d243672-Reviews-Wedgewood_Hotel-London_England.html,2.4,895.0,"#1,138 of 1,209 hotels in London",3178.0,3462,"49-51 Leinster Square, London W2 4PU England",+44 20 7229 8990,51.513596,-0.192641,London,,,74.0,176,Hotel,,,Breakfast included,否,,"Located on a quiet street near Queensway Road and Hyde Park, this hotel offers easy access to restaurants, pubs, and shops. Cozy rooms ideal for short stays. Convenient location for exploring nearby attractions.",,,"Set in the heart of Bayswater, 15 miles to Heathrow Intl Airport; beautifully appointed guest rooms that are clean & comfortable."
london,31,900,192039,Cheshire Hotel,https://dynamic-media-cdn.tripadvisor.com/media/photo-o/2e/66/65/c6/caption.jpg,https://www.tripadvisor.co.uk/Hotel_Review-g186338-d192039-Reviews-Cheshire_Hotel-London_England.html,2.3,734.0,"#1,160 of 1,209 hotels in London",3279.0,3462,"110 Great Russell Street, London WC1B 3NA England",+44 20 7637 7777,51.517437,-0.129198,London,,,120.0,273,Hotel,,Free Wifi,,否,,"Centrally located budget hotel in London's West End near Tottenham Court Road station. Offers clean, comfortable rooms and easy access to attractions and the Underground. Great base for exploring the city.","This is a pretty ropey hotel. I just wish I had looked at trip advisor first before booking.
The location is great I have to say, some nice places to eat literally just outside the hotel, including a great coffee...",Stuart P,"Finding an ideal hotel in London does not have to be difficult. Welcome to Cheshire Hotel, a nice option for travellers like you.
Nearby landmarks such as Westminster Abbey (1.2 mi) and Harrods (1.9 mi) make Country Inn London a great place to stay when visiting London.
You’ll enjoy relaxing rooms that offer a flat screen TV, a desk, and a seating area, and you can stay connected during your stay as London Country Inn offers guests public wifi.
The hotel features 24 hour front desk, a coffee shop, and express check-in and check-out. Plus, London Country Inn offers breakfast, providing a pleasant respite from your busy day.
While visiting London, you may want to try some crab at one of the nearby restaurants, such as Coppa Club - Tower Bridge, Restaurant Gordon Ramsay, or Aqua Shard.
If you’re looking for something to do, Coca-Cola London Eye (1.1 mi), The British Museum (0.2 mi), and Churchill War Rooms (1.0 mi) are a nice way to spend some time, and they are all within walking distance of London Country Inn.
Cheshire Hotel looks forward to welcoming you on your visit to London."
london,86,2550,262119,Oxford Hotel London,https://dynamic-media-cdn.tripadvisor.com/media/photo-o/04/79/4d/a7/oxford-hotel-london.jpg,https://www.tripadvisor.co.uk/Hotel_Review-g186338-d262119-Reviews-Oxford_Hotel_London-London_England.html,2.3,21.0,"#1,144 of 1,209 hotels in London",3202.0,3462,"12-24 Penywern Road, London SW5 9SU England",+44 20 4513 2576,51.491165,-0.193437,London,,,102.0,275,Hotel,,Family Friendly,,否,,"Centrally located hotel near a tube station, offering convenient access to transportation. Some rooms are clean and tidy. Travelers appreciate its proximity to attractions and ease of getting around.","Well I have booked from Hotels.com seeing their 4.1 rating there, but I should have checked google reviews honestly.
Beware, they will charge you an upfront 100 pounds as a ""deposit"", and they may afterwards charge...",Safari15784148395,"Welcome to Oxford Hotel London, a lovely boutique hotel for travelers like you. Given the close proximity of popular landmarks, such as Harrods (1.4 mi) and Buckingham Palace (2.4 mi), guests of Oxford Hotel London can easily experience some of London's most well known attractions. Internet access is offered to guests, and rooms at Oxford Hotel London offer a flat screen TV, hairdryer , fridge, smart lighting, coffee and tea station and air conditioning. During your stay, take advantage of some of the amenities offered, including a 24 hour front desk, baggage storage, and express check-in and check-out. Looking to explore? Then look no further than Natural History Museum (0.8 mi), V&A - Victoria and Albert Museum (1.0 mi), and Science Museum (0.9 mi), which are some popular London attractions – all conveniently located within walking distance of the hotel. Oxford Hotel London looks forward to welcoming you on your visit to London."
london,58,1710,34036233,a&o London Docklands Riverside,https://dynamic-media-cdn.tripadvisor.com/media/photo-o/33/34/92/c3/caption.jpg,https://www.tripadvisor.co.uk/Hotel_Review-g186338-d34036233-Reviews-A_o_London_Docklands_Riverside-London_England.html,2.0,52.0,"#1,470 of 1,516 Speciality lodging in London",3347.0,3462,"265 Rotherhithe Street, London SE16 5HW England",+49 30 809475110,51.50445,-0.03381,London,,,37.0,180,Limited Service Property,,Family Friendly|Free Wifi,,否,,"Relaxing riverside hotel near Canary Wharf with convenient free ferry access. Offers basic accommodations, some with stunning river views. Affordable option with great value and peaceful location.",,,
paris,14,390,228837,Hôtel Grand Powers,https://dynamic-media-cdn.tripadvisor.com/media/photo-o/34/15/ff/ac/executive-room-with-balcony.jpg,https://www.tripadvisor.co.uk/Hotel_Review-g187147-d228837-Reviews-Hotel_Grand_Powers-Paris_Ile_de_France.html,5.0,1193.0,"#4 of 1,885 hotels in Paris",4.0,2446.0,"52, Rue Francois 1er, 75008 Paris France",+33 1 47 23 91 05,48.869175,2.303167,Paris,,,562.0,1152.0,Hotel,,Spa|Restaurant|Bar/Lounge|Fitness centre,,是,2026 Travelers' Choice Best of the Best,"Elegant boutique hotel in central Paris near Champs-Elysees, shops, and restaurants. Modern Parisian design, balconies with stunning views, and exceptional service. Ideal for couples and families.",,,"Among the Parisian buildings which hold the most extraordinary stories, there are hotel windows behind which are the loveliest dreams. Nobly established right in the heart of Paris’s Golden Triangle, the Grand Powers Hotel has shared in an adventure with connoisseurs of beauty and travellers from around the globe since 1920. After welcoming guests for almost 100 years, the hotel is being rejuvenated, a total transformation from the inside out. The haussmannien architecture, typical of the quartier is revisited with new decor inspired by the best elements in design: Italien sensuality, Parisian chic and old English cosiness, with the intention to provide new experiences for its guests who have come to revel in its elegance."
paris,22,630,10275665,Assia et Nathalie,https://dynamic-media-cdn.tripadvisor.com/media/photo-o/11/72/84/01/building-ponds-and-fountains.jpg,https://www.tripadvisor.co.uk/Hotel_Review-g187147-d10275665-Reviews-Assia_et_Nathalie-Paris_Ile_de_France.html,5.0,235.0,#1 of 144 B&Bs / Inns in Paris,34.0,2446.0,"16 rue du Parc Royal, 75003 Paris France",+33 6 19 61 09 69,48.85887,2.362507,Paris,,,336.0,375.0,Bed and Breakfast,,Free Wifi,Breakfast included,否,,"Charming B&B in Le Marais with a central location near metro stations and attractions. Features clean, comfortable rooms, personalized service, and daily fresh breakfasts in a welcoming atmosphere.",,,Luxury Sleep & Friendly Atmosphere in the Historic Marais : Experience Assia et Nathalie Luxury B&B surrounded by gardens in the heart of Paris ! Our 2 luxury bedrooms in Le Marais - with private bathrooms - are located in the garden of a beautiful 18th-century mansion house listed as a Historical Monument. Let yourself fall under the spell of this unique and special place.
paris,12,330,27123140,Hôtel Hana,https://dynamic-media-cdn.tripadvisor.com/media/photo-o/30/2a/5d/20/lobby.jpg,https://www.tripadvisor.co.uk/Hotel_Review-g187147-d27123140-Reviews-Hotel_Hana-Paris_Ile_de_France.html,5.0,103.0,"#57 of 1,885 hotels in Paris",60.0,2446.0,"17 Rue Du Quatre Septembre, 75002 Paris France",+33 1 87 89 61 98,48.86947,2.336549,Paris,,,436.0,1151.0,Hotel,,Pool|Spa|Restaurant|Bar/Lounge,,是,2026 Travelers' Choice,"Boutique hotel with Japanese-inspired decor, pool, spa, and on-site restaurant. Centrally located near the Louvre and Palais Garnier, with thoughtfully designed rooms and attentive service.",,,"Set in a decor inspired by Japanese influences, Hôtel Hana is a meeting place between two worlds, designed by architect Laura Gonzalez. This 5-star boutique hotel with 26 rooms is located in the very heart of the capital, between the majestic Opéra Garnier and Palais Brongniart."
paris,4,90,228694,Hôtel Malte - Astotel,https://dynamic-media-cdn.tripadvisor.com/media/photo-o/33/44/57/47/breakfast-room.jpg,https://www.tripadvisor.co.uk/Hotel_Review-g187147-d228694-Reviews-Hotel_Malte_Astotel-Paris_Ile_de_France.html,4.9,3918.0,"#1 of 1,885 hotels in Paris",1.0,2446.0,"63 Rue De Richelieu, 75002 Paris France",+33 1 44 58 94 94,48.867207,2.337543,Paris,$322,$322,246.0,610.0,Hotel,,Air conditioning|Family Friendly|Free Wifi,,是,2026 Travelers' Choice Best of the Best,"Centrally located Paris hotel with stylish, modern rooms, including spacious duplex options. Highlights include complimentary snacks, drinks, and a free minibar. Access to nearby Astotel locations and proximity to top attractions, shops, and highly rated restaurants make it a standout choice.",,,"Located in the 2nd district next to the Stock Exchange, the Louvre and Place des Victoires, Hotel Malta provides a superb location for a memorable stay. Whether you want to shop in the heart of the department store neighbourhood or visit one of the main business centres of Paris, Malta Hotel is the place to be. Elegantly concealed behind a facade dating from the seventeenth century, let yourself be seduced by our garden patio, a pleasurable experience on sunny days, our cozy breakfast room, and the relaxing atmosphere of our lobby. After the warm welcome by our professional team, always at your disposal, you will appreciate the comfort of our rooms decorated in an elegant and timeless design. A convenient location , caring personnel and warm atmosphere make Malta Hotel the perfect place for your stay in the capital, whether traveling with family or on your own."
paris,15,420,188729,Le Bristol Paris,https://dynamic-media-cdn.tripadvisor.com/media/photo-o/32/09/03/05/le-bristol-paris-facade.jpg,https://www.tripadvisor.co.uk/Hotel_Review-g187147-d188729-Reviews-Le_Bristol_Paris-Paris_Ile_de_France.html,4.9,2474.0,"#223 of 1,885 hotels in Paris",230.0,2446.0,"112 Rue du Faubourg Saint Honore 8th Arr., 75008 Paris France",+33 1 53 43 43 25,48.871685,2.3148,Paris,,,2004.0,3903.0,Hotel,,Pool|Spa|Restaurant|Bar/Lounge,,是,2026 Travelers' Choice,"Elegant historic 5-star hotel in Paris offering Michelin-star dining, a serene garden, and a rooftop pool. Known for exceptional concierge service and warm hospitality, creating a memorable stay.",,,"Le Bristol Paris is an icon of French elegance and art de vivre boasting 188 completely renovated rooms and suites in the heart of Paris. An exceptional setting best known for its outstanding dining tradition, the hotel holds between Epicure and 114 Faubourg. A lush, 13,000 square foot courtyard garden, Café Antonia, Spa Le Bristol by La Mer, an iconic rooftop swimming pool and Le Bar du Bristol each offer stolen moments of joie throughout the day."
paris,12,330,4340356,Hôtel Fabric Paris Oberkampf,https://dynamic-media-cdn.tripadvisor.com/media/photo-o/2a/03/f5/ed/breakfast.jpg,https://www.tripadvisor.co.uk/Hotel_Review-g187147-d4340356-Reviews-Hotel_Fabric_Paris_Oberkampf-Paris_Ile_de_France.html,4.9,2172.0,"#11 of 1,885 hotels in Paris",11.0,2446.0,"31 Rue de la Folie Méricourt, 75011 Paris France",+33 1 43 57 27 00,48.86309,2.372839,Paris,$186,$186,210.0,478.0,Hotel,,Bar/Lounge|Fitness centre|Air conditioning|Family Friendly,,是,2026 Travelers' Choice Best of the Best,"Industrial-chic hotel in a former textile factory near the Marais. Central location with a local vibe, modern rooms, small gym, steam room, honesty bar, and helpful staff. Surrounded by shops and restaurants.",,,"Hotel FABRIC Paris is located on rue de la Folie-Méricourt, between Place de la Republique and Place de la Bastille, in the 11th district of Paris. It draws decorative and ornamental inspiration from the industrial past of the Oberkampf district. The brick-built walls, plentiful space, unconcealed supporting structures and the immense windows admitting plenty of natural light effectively illustrate this approach.

Occupying 4 floors, the FABRIC hotel boasts 33 ultra-comfortable renovated rooms in a resolutely contemporary setting.
Enjoy the steam room, fitness center, buffet breakfast, room service and honesty bar during your Stay!

Hotel Fabric is in the GreenKey applying process for 2025."
paris,1,0,228757,Maison Mère,https://dynamic-media-cdn.tripadvisor.com/media/photo-o/21/b1/19/ec/hotel-maison-mere.jpg,https://www.tripadvisor.co.uk/Hotel_Review-g187147-d228757-Reviews-Hotel_Maison_Mere-Paris_Ile_de_France.html,4.9,1957.0,"#16 of 1,885 hotels in Paris",16.0,2446.0,"7 Rue Mayran, 75009 Paris France",+33 1 42 80 00 00,48.877193,2.345141,Paris,$153,$153,173.0,478.0,Hotel,,Restaurant|Bar/Lounge|Fitness centre|Air conditioning,,是,2026 Travelers' Choice Best of the Best,"Charming boutique hotel with a central location near metro stations, shops, and restaurants. Features stylish rooms, personalized touches like welcome gifts and handwritten notes, and exceptional service. Guests praise the warm atmosphere, thoughtful amenities, and outstanding dining.",,,"Welcome to Maison Mère, a hotel with a distinctive identity, nestling in the heart of Paris, in the Village Montholon, an authentic district of the 9th arrondissement. A home full of character, Parisian but against the grain, leaving nothing to chance. A cosy nest, the 51 rooms and 2 suites are equipped with state-of-the-art technology and comfort, decorated in a vintage style that we've come across time and time again, and become an extension of your home. 

Maison Mère is much more than a hotel: it's a festive home and a creative breeding ground, with an evolving art gallery and a designer pop-up store. Nectar, the restaurant and cocktail bar, offers a gastronomic experience. The coworking café is the ideal place for team building or business lunches. 

Maison Mère is centrally located in Paris, within a 10-minute walk of Grands Boulevards and Gare du Nord."
paris,10,270,10328342,Hotel Monge,https://dynamic-media-cdn.tripadvisor.com/media/photo-o/33/2c/3f/6a/caption.jpg,https://www.tripadvisor.co.uk/Hotel_Review-g187147-d10328342-Reviews-Hotel_Monge-Paris_Ile_de_France.html,4.9,1695.0,"#6 of 1,885 hotels in Paris",6.0,2446.0,"55 Rue Monge, 75005 Paris France",+33 1 43 54 55 55,48.8448,2.35245,Paris,$327,$327,245.0,436.0,Hotel,,Spa|Bar/Lounge|Air conditioning|Airport transportation,,是,2026 Travelers' Choice Best of the Best,"Boutique hotel in the Latin Quarter near Notre Dame and public transport. Features quiet, clean rooms, eucalyptus steam room, honesty bar, and helpful reception. Surrounded by restaurants and shops.",,,"Located in the heart of the fifth arrondissement of Paris, between the Jardin des Plantes and Notre Dame Cathedral, this charming 4-star 30-room hotel opens its doors in spring 2016, having been completely renovated."
paris,7,180,23396908,Hôtel Le Milie Rose,https://dynamic-media-cdn.tripadvisor.com/media/photo-o/2c/b1/f3/86/exterior-hotel.jpg,https://www.tripadvisor.co.uk/Hotel_Review-g187147-d23396908-Reviews-Hotel_Le_Milie_Rose-Paris_Ile_de_France.html,4.9,1327.0,"#35 of 1,885 hotels in Paris",36.0,2446.0,"22 Rue Des Petites Ecuries, 75010 Paris France",+33 1 84 25 72 32,48.87367,2.352075,Paris,$159,$159,150.0,415.0,Hotel,,Air conditioning|Pets Allowed|Free Wifi,,是,2026 Travelers' Choice,"Elegant boutique hotel in a central location near Gare du Nord, vibrant dining, and attractions. Features cozy, modern decor, L'Occitane toiletries, 24-hour reception, and helpful, friendly staff.",,,"The Milie Rose welcomes you in the heart of the 10th district of Paris in one of its 38 rooms! Our rooms are equipped with air conditioning, television, mini-fridge, work desk, hair dryer, and much more! Our team will recommend you all the nice places in the neighbourhood!"
paris,5,120,9566832,Hotel 34B - Astotel,https://dynamic-media-cdn.tripadvisor.com/media/photo-o/09/d5/bf/a5/room.jpg,https://www.tripadvisor.co.uk/Hotel_Review-g187147-d9566832-Reviews-Hotel_34B_Astotel-Paris_Ile_de_France.html,4.8,4072.0,"#69 of 1,885 hotels in Paris",72.0,2446.0,"34 Rue Bergère, 75009 Paris France",+33 1 47 70 34 34,48.872707,2.343608,Paris,$107,$107,122.0,395.0,Hotel,,Air conditioning|Family Friendly|Free Wifi,,是,2026 Travelers' Choice,"Stylish, centrally located Paris hotel near metro stations, dining, and shopping. Funky decor, free minibar, and complimentary snacks. Surrounded by bars, cafes, and restaurants. Great for exploring.",,,"You'll be amazed by the 100% French interiors at Hotel 34B. This 3-star hotel, ideal for a cultural holiday or shopping trip in Paris, is close to the Galeries Lafayette, Printemps Haussmann and Grand Boulevards. Culture fans will enjoy the hotel's closeness to the Folies Bergères, Opéra Garnier and Musée Grévin. Right next to a metro station on lines 8 and 9, you can travel all over Paris in a flash. A charming 3-star hotel in Paris' 9th arrondissement, with its delicate and detailed design, Hotel 34B stands out from the crowd. The interior decoration and French soul of the hotel ensure a purely Français experience! With its innovative and original design and 3-star service, you will be delighted by Hotel 34B. Stay in one of its 128 rooms, each decorated in an unusual style. Exceptional comfort with high quality, spacious 2-metre beds. Use the free WiFi to organise your days. Enjoy your breakfast with fresh and varied produce in the cosy lobby, then relax on the comfy sofas in the lounge. Travel guides and other books on France are at your disposal, to introduce you to the riches of the country and perhaps help you organise your trips. Soft drinks and snacks are available at the open bar in the afternoon. The attentive staff and warm atmosphere at Hotel 34B will make your stay in Paris truly memorable."
paris,7,180,4800782,Hôtel le 123 Sébastopol - Astotel,https://dynamic-media-cdn.tripadvisor.com/media/photo-o/0f/6f/c6/4e/standard-twin-room.jpg,https://www.tripadvisor.co.uk/Hotel_Review-g187147-d4800782-Reviews-Hotel_le_123_Sebastopol_Astotel-Paris_Ile_de_France.html,4.8,3683.0,"#10 of 1,885 hotels in Paris",10.0,2446.0,"123 Boulevard de Sebastopol, 75002 Paris France",+33 1 40 39 61 23,48.86773,2.352924,Paris,$197,$197,194.0,543.0,Hotel,,Fitness centre|Air conditioning|Family Friendly|Free Wifi,,是,2026 Travelers' Choice,"Film-themed hotel near the Louvre with a vintage moviehouse lobby, private cinema, and decor inspired by French cinema. Conveniently located near restaurants and attractions. Unique experience.",,,"Only 10 minutes walking distance from the Pompidou Centre, the Opera and the Marais areas, and facing the Gaite Lyrique Theatre, 123 Sebastopol is the perfect place for an out-of-this-world stay in the heart of Paris.You will be impressed by its top of the range comfort and services and by its unique, movie-inspired design, with each floor dedicated to a French movie celebrity: Jean-Paul Belmondo, Claude Lelouch, Daniele Thompson, Jaoui and Bacri , Elsa Zylberstein or the Italian film music star Ennio Morricone.On entering the lobby, you will enter the movie world and be greeted by our highly professional staff, attentive to your every need and on hand 24h/7.With its easy-to-find location, its direct links to all the major tourist attractions in the capital city, its unique decor and its services tailored to suit every visitor, 123 Sebastopol is THE go-to destination in Paris."
paris,15,420,2041918,"Mandarin Oriental, Paris",https://dynamic-media-cdn.tripadvisor.com/media/photo-o/33/82/be/a9/lobby.jpg,https://www.tripadvisor.co.uk/Hotel_Review-g187147-d2041918-Reviews-Mandarin_Oriental_Paris-Paris_Ile_de_France.html,4.8,2675.0,"#256 of 1,885 hotels in Paris",266.0,2446.0,"251 Rue Saint-honoré, 75001 Paris France",+33 1 70 98 78 88,48.867065,2.327223,Paris,,,1565.0,2712.0,Hotel,,Pool|Spa|Restaurant|Bar/Lounge,,是,2026 Travelers' Choice,"Luxury hotel near Place Vendôme with spacious rooms, modern amenities, and a beautiful spa. Prime location near boutiques and attractions. Renowned for exceptional, personalized service and fine dining.",,,"Our much sought-after address on rue Saint-Honoré lies close to some of the world's most exclusive fashion houses and the city's most famous attractions. Beautifully designed and luxuriously appointed, our 5-star hotel rooms and suites are among the most stylish and spacious in the city. Offering cutting-edge cuisine, deliciously light dishes and tantalizing cocktails in sophisticated surroundings, our bar and restaurants are among the best in Paris. An oasis of Oriental wellbeing, our tranquil spa offers expert treatments, world-class therapists and restorative facilities. With a central location, excellent facilities and unbeatable service, we provide the perfect base for business travellers."
paris,12,330,232552,La Maison Favart,https://dynamic-media-cdn.tripadvisor.com/media/photo-o/15/b8/55/e9/photo7jpg.jpg,https://www.tripadvisor.co.uk/Hotel_Review-g187147-d232552-Reviews-La_Maison_Favart-Paris_Ile_de_France.html,4.8,2642.0,"#20 of 1,885 hotels in Paris",20.0,2446.0,"5, Rue De Marivaux 2nd Arr., 75002 Paris France",+33 1 42 97 59 83,48.87081,2.337309,Paris,$218,$218,241.0,825.0,Hotel,,Pool|Spa|Bar/Lounge|Fitness centre,Breakfast included,是,2026 Travelers' Choice,"Boutique hotel near Opera Comique with stylish rooms blending modern and retro decor. Features a spa with pool, sauna, and water massage table, plus an ""honesty bar"" offering evening snacks and drinks.",,,"La Maison Favart opened on April, 13th 2012 after 1 year and a half of renovation. 31 Bedrooms, 5 suites, 1 Duplex and La Petite Maison are proposed to you. It is a 4 star hotel, serving a very nice buffet breakfast. A honesty bar, a sauna, a relaxing pool, a fitness room are at the disposal of our guests. In every room, you can find air conditionning, king size bed, minibar, safety box, TV with free moovies, coffee and tea facilities."
paris,8,210,197551,Hotel Augustin - Astotel,https://dynamic-media-cdn.tripadvisor.com/media/photo-o/08/a1/b2/80/hotel-saint-augustin.jpg,https://www.tripadvisor.co.uk/Hotel_Review-g187147-d197551-Reviews-Hotel_Augustin_Astotel-Paris_Ile_de_France.html,4.8,2520.0,"#22 of 1,885 hotels in Paris",22.0,2446.0,"9 rue Roy, 75008 Paris France",+33 1 42 93 32 17,48.875443,2.3183,Paris,$128,$128,121.0,395.0,Hotel,,,,是,2026 Travelers' Choice,"Charming hotel near metro stations and tourist spots. Offers free mini bar items, lobby snacks, and access to sister hotels' snack bars. Clean facilities, friendly staff, and generous breakfast options.",,,"Close to the Opera, the Champs Elysées and the Place de la Concorde, in a quiet street, the Augustin hotel will seduce shopping and art gallery lovers as well as business travelers. Indeed, the Saint-Augustin metro station, located 300 meters away, allows you to access all the major sites of Paris, including the Champs-Elysées and the Galeries Lafayette. Dressed in shimmering and elegant colors, our 57 rooms offer you optimal comfort. They are equipped with satellite television, air conditioning and a mini-bar. In addition, each room has a private bathroom with a hairdryer and free toiletries. All are serviced by elevator. Every afternoon, you can relax in the lounge with a complimentary snack and check your email with our free Wi-Fi connection. Our breakfast buffet is served every morning in the elegant dining room. You will enjoy a generous and complete buffet, including eggs, pastries, yogurt, hot drinks and juices. Many restaurants, cafes and entertainment venues are within walking distance of the hotel, and our reception team is available 24 hours a day to make your stay as pleasant as possible. Our establishment will seduce you with its hospitality and comfort. Decorated in a resolutely contemporary style, the Augustin hotel combines conviviality, modernity and chic."
paris,1,0,265476,Hotel de Londres Eiffel,https://dynamic-media-cdn.tripadvisor.com/media/photo-o/32/a9/e3/0c/caption.jpg,https://www.tripadvisor.co.uk/Hotel_Review-g187147-d265476-Reviews-Hotel_de_Londres_Eiffel-Paris_Ile_de_France.html,4.8,2492.0,"#7 of 1,885 hotels in Paris",7.0,2446.0,"1 Rue Augereau, 75007 Paris France",+33 1 45 51 63 02,48.857853,2.301749,Paris,$424,$424,251.0,515.0,Hotel,,Air conditioning|Pets Allowed|Family Friendly|Free Wifi,,是,2026 Travelers' Choice Best of the Best,"Boutique hotel near the Eiffel Tower and Rue Cler, surrounded by cafes, restaurants, and bakeries. Offers French breakfasts, Eiffel Tower views, helpful staff, and easy access to attractions and transit.",,,"Independent charming hotel, L'Hotel de Londres Eiffel offers you 30 rooms all equipped with air conditioning with bathroom wc, or shower wc. High speed (optic-fiber) free and secured Wifi.We are situated at 2 minutes by walk from the Eiffel tower, near rue Cler, near Invalides. Some of our rooms have a view on the Eiffel tower."
paris,8,210,1631156,Hotel Joyce - Astotel,https://dynamic-media-cdn.tripadvisor.com/media/photo-o/06/82/8a/02/hotel-joyce-astotel.jpg,https://www.tripadvisor.co.uk/Hotel_Review-g187147-d1631156-Reviews-Hotel_Joyce_Astotel-Paris_Ile_de_France.html,4.7,4075.0,"#37 of 1,885 hotels in Paris",38.0,2446.0,"29 rue la Bruyère 9th Arrondissement, 75009 Paris France",+33 1 55 07 00 01,48.879383,2.334177,Paris,,,130.0,375.0,Hotel,,Air conditioning|Family Friendly|Free Wifi,,是,2026 Travelers' Choice,"Boutique hotel in the 9th arrondissement, ideal for exploring Paris. Easy access to metro, Montmartre, Sacre Coeur, and Moulin Rouge. Complimentary snacks and drinks, nearby cafes, restaurants, and shops.",,,"Standing at an unconventional spot of the upper 9th district, the Joyce Hotel is ideally located at the crossroads of the theater district, Place St-Georges, and the ""hot-spots"" of the fashionable South-Pigalle neighborhood. Meticulously decorated by Philippe Maidenberg, with nods to inevitable Parisian monuments, our hotel will seduce you with its comfort and bold design. Luxury car furniture recycled as improvised seats, inverted Eiffel Tower, delicate tromple-l'oeil paintings around beds, breakfast with bio breads and cereals under a very Eiffel-like glass roof: Everything is ready to usher you into a fun and surprising world. Our 44 rooms are full of thoughtful and delicate touches that add to the cosiness of the place. All rooms feature a quiet atmosphere, strengthened in some cases with a terrace or an enchanting view over the rooftops. Our team, available 24/24, will welcome you into a chic and relaxing atmosphere"
paris,1,0,229602,Hotel Relais Bosquet By Malone,https://dynamic-media-cdn.tripadvisor.com/media/photo-o/1c/6d/8c/51/hotel-relais-bosquet.jpg,https://www.tripadvisor.co.uk/Hotel_Review-g187147-d229602-Reviews-Hotel_Relais_Bosquet_By_Malone-Paris_Ile_de_France.html,4.7,3923.0,"#166 of 1,885 hotels in Paris",171.0,2446.0,"19 Rue du Champ de Mars, 75007 Paris France",+33 1 47 05 25 45,48.856224,2.305177,Paris,$167,$167,170.0,548.0,Hotel,,Air conditioning|Airport transportation|Free Wifi,,是,2026 Travelers' Choice,"Prime location near Eiffel Tower and Rue Cler, surrounded by cafes, restaurants, and shops. Offers quiet, well-decorated rooms, some with Eiffel Tower views. Easy access to tourist sites and transit.",,,
paris,17,480,250928,Park Hyatt Paris - Vendôme,https://dynamic-media-cdn.tripadvisor.com/media/photo-o/2d/e6/49/a2/room-view.jpg,https://www.tripadvisor.co.uk/Hotel_Review-g187147-d250928-Reviews-Park_Hyatt_Paris_Vendome-Paris_Ile_de_France.html,4.7,3609.0,"#172 of 1,885 hotels in Paris",177.0,2446.0,"5 Rue De La Paix, 75002 Paris France",+33 1 587 1234,48.868713,2.330486,Paris,,,1585.0,3274.0,Hotel,,Spa|Restaurant|Bar/Lounge|Fitness centre,,是,2026 Travelers' Choice,"Luxury hotel in central Paris near Rue de la Paix and Place Vendome. Features Michelin restaurant, renowned bar, elegant decor, and attentive service. Ideal for shopping, dining, and exploring key attractions.",,,"Park Hyatt Paris-Vendôme allows you to take a break from the city’s frenzy, all while giving you access to its most vibrant addresses. Ideally located at 5 rue de la Paix, our Parisian Palace is just steps away from Place Vendôme and Opera Garnier, and a few minutes' walk from Rue du Faubourg Saint Honoré’s exclusive shops, Louvre Museum, Tuileries gardens, the department stores, and much more. Its discreet entrance makes it the perfect place to stay in the central, yet calm area, of the prestigious 2nd arrondissement."
paris,16,450,188975,"Four Seasons Hotel George V, Paris",https://dynamic-media-cdn.tripadvisor.com/media/photo-o/33/36/38/e0/four-seasons-hotel-george.jpg,https://www.tripadvisor.co.uk/Hotel_Review-g187147-d188975-Reviews-Four_Seasons_Hotel_George_V_Paris-Paris_Ile_de_France.html,4.7,3356.0,"#270 of 1,885 hotels in Paris",280.0,2446.0,"31 Avenue George V, 75008 Paris France",+33 1 49 52 70 00,48.868793,2.300854,Paris,"$3,427","$3,427",2301.0,3739.0,Hotel,,Pool|Spa|Restaurant|Bar/Lounge,,是,2026 Travelers' Choice,"Luxury Paris hotel in the ""Golden Triangle"" with refined rooms, Michelin-starred dining, a serene courtyard, and stunning floral designs. Features a spa, prime location, and exceptional attention to detail.",,,
paris,3,60,230431,Hotel Astoria - Astotel,https://dynamic-media-cdn.tripadvisor.com/media/photo-o/06/35/4d/cc/hotel-astoria-opera-astotel.jpg,https://www.tripadvisor.co.uk/Hotel_Review-g187147-d230431-Reviews-Hotel_Astoria_Astotel-Paris_Ile_de_France.html,4.7,3296.0,"#83 of 1,885 hotels in Paris",88.0,2446.0,"42 Rue de Moscou, 75008 Paris France",+33 1 42 93 63 53,48.881645,2.322939,Paris,$107,$107,116.0,360.0,Hotel,,Air conditioning|Family Friendly|Free Wifi,,是,2026 Travelers' Choice,"Centrally located hotel with old-world charm and modern amenities. Highlights include a large, cheery breakfast area with exceptional service, complimentary in-room mini-bar, and an open snack bar. Clean, well-lit rooms and easy access to metro, restaurants, and shops.",,,"At the heart of a quiet street between Opera and major department stores , a short walk from the Gare Saint Lazare, close to Rome station, the Astoria Opera Hotel sits in a central location with direct access to the Champs Elysees - within 10 minutes via Metro, or to the picturesque neighborhood of Montmartre. Our professional and caring staff will welcome you in our cozy lobby, fitted with comfortable leather sofas. Our 86 rooms are decorated with warm colours and contemporary furnishings. They are all carpeted, equipped with satellite TV and feature a private bathroom with hairdryer. This welcoming and cozy atmosphere is intended to make your stay as relaxing and comfortable as possible."
paris,14,390,197666,Hotel Ares Paris,https://dynamic-media-cdn.tripadvisor.com/media/photo-o/2c/09/7a/74/exterieur.jpg,https://www.tripadvisor.co.uk/Hotel_Review-g187147-d197666-Reviews-Hotel_Ares_Paris-Paris_Ile_de_France.html,4.7,2961.0,"#190 of 1,885 hotels in Paris",196.0,2446.0,"7, Rue du Général de Larminat, 75015 Paris France",+33 1 47 34 74 04,48.850376,2.298215,Paris,,,181.0,475.0,Hotel,,Bar/Lounge|Air conditioning|Pets Allowed|Family Friendly,,是,2026 Travelers' Choice,"Boutique hotel with a cozy atmosphere and prime location near the Eiffel Tower. Quiet street close to shops, restaurants, and metro. Features include air conditioning, remodeled showers, and partial Eiffel Tower views.",,,"This sophisticated hotel is a 3-minute walk from both La Motte-Picquet - Grenelle metro station and the Swiss Village - Antique and Art Galleries. It's also a 12-minute walk from the Eiffel Tower. The richly decorated, traditional rooms feature plush furnishings and bathrooms with designer tiles, plus free Wi-Fi, mini-bars, and flat-screen TVs. Upgraded rooms add living areas; junior suites offer Eiffel Tower views. Breakfast comes free, and the hotel can arrange moped/bike rentals. Other amenities include 2 refined, individually styled lounges."
paris,2,30,506900,Hotel des Arts - Montmartre,https://dynamic-media-cdn.tripadvisor.com/media/photo-o/1a/23/19/ce/hotel-des-arts-montmartre.jpg,https://www.tripadvisor.co.uk/Hotel_Review-g187147-d506900-Reviews-Hotel_des_Arts_Montmartre-Paris_Ile_de_France.html,4.6,4234.0,"#5 of 1,885 hotels in Paris",5.0,2446.0,"5 rue Tholoze, 75018 Paris France",+33 1 46 06 30 52,48.88622,2.335245,Paris,$158,$158,177.0,430.0,Hotel,,Air conditioning|Airport transportation|Free Wifi,,是,2026 Travelers' Choice,"Boutique hotel in Montmartre near cafes, shops, and restaurants. Modern, stylish design with a quaint atmosphere. Close to Sacré-Cœur, Moulin Rouge, and metro stations. Ideal for work or leisure stays.",,,"Looking for a place to stay in Paris? Then look no further than Hotel des Arts - Montmartre, a romantic hotel that brings the best of Paris to your doorstep. Hotel des Arts Paris, Montmartre, offers guests an array of room amenities including a flat screen TV, a desk, and blackout curtains, and getting online is possible, as free wifi is available and Air Conditioning in all the room with personal command. The hotel offers a 24 hour front desk, a concierge, and baggage storage, to make your visit even more pleasant. The property also features breakfast. Guests arriving by vehicle have access to parking. Close to some of Paris' most popular landmarks, such as Champs-Elysees (1.7 mi) and Louvre Museum (1.7 mi), Hotel Des Arts is a great destination for tourists. Paris has plenty of French restaurants. So when you’re here, be sure to check out popular spots like 58 Tour Eiffel, Le Bouillon Chartier, and L'Avenue, which are serving up some great dishes. Paris is also known for some great castles, including Luxembourg Palace, Castel Beranger, and Chateau de la Reine Blanche, which are not too far from Hotel des Arts - Montmartre. We’re sure you’ll enjoy your stay at Hotel des Arts - Montmartre as you experience everything Paris has to offer."
paris,11,300,234633,Hotel Residence Foch,https://dynamic-media-cdn.tripadvisor.com/media/photo-o/02/7e/fd/fd/hotel-entrace.jpg,https://www.tripadvisor.co.uk/Hotel_Review-g187147-d234633-Reviews-Hotel_Residence_Foch-Paris_Ile_de_France.html,4.6,3020.0,"#515 of 1,885 hotels in Paris",531.0,2446.0,"10 rue Marbeau, 75116 Paris France",+33 1 45 00 46 50,48.874252,2.281149,Paris,,,134.0,468.0,Hotel,,Bar/Lounge|Free Wifi,,是,2026 Travelers' Choice,"Chic boutique hotel with classic Parisian charm and modern rooms. Quiet location near metro, Arc de Triomphe, and other landmarks. No on-site dining but walking distance to restaurants and attractions.",,,"Finding an ideal romantic hotel in Paris does not have to be difficult. Welcome to Hotel Residence Foch, a nice option for travellers like you.
Residence Foch is a romantic hotel offering a flat screen TV in the rooms, and it is easy to stay connected during your stay as free wifi is offered to guests.
The hotel features 24 hour front desk, a concierge, and baggage storage. Plus, guests can enjoy a lounge, which has made this a popular choice among travellers visiting Paris.
Nearby landmarks such as Eiffel Tower (1.3 mi) and Champs-Elysees (1.3 mi) make Residence Foch a great place to stay when visiting Paris.
If you like wine bars, Residence Foch is conveniently located near L'Avant Comptoir, Freddy's, and Gegeor.
Plus, during your trip, don’t forget to check out some of the popular architectural buildings, such as Cathédrale Notre-Dame de Paris, Louvre Museum, and Arc de Triomphe.
Hotel Residence Foch puts the best of Paris at your fingertips, making your stay both relaxing and enjoyable."
paris,8,210,197447,Grand Hotel Francais,https://dynamic-media-cdn.tripadvisor.com/media/photo-o/03/c9/bb/7a/grand-hotel-francais.jpg,https://www.tripadvisor.co.uk/Hotel_Review-g187147-d197447-Reviews-Grand_Hotel_Francais-Paris_Ile_de_France.html,4.6,2667.0,"#120 of 1,885 hotels in Paris",125.0,2446.0,"223 Boulevard Voltaire 11th Arr., 75011 Paris France",+33 1 43 71 27 57,48.851654,2.390827,Paris,$94,$94,101.0,318.0,Hotel,,Bar/Lounge|Air conditioning|Free Wifi,,是,2026 Travelers' Choice,"Charming hotel in a vibrant, traditional Parisian neighborhood near Place de la Nation. Close to metro, shops, bakeries, and dining. Clean, cozy rooms with thoughtful amenities and exceptional hospitality.",,,"Its individually decorated and personalized guestrooms and suites are soundproofed and offer elegant accommodation. Each room has air-conditioning, flat-screen TV and free Wi-Fi internet access. The well-equipped rooms feature contemporary decor and warm colours. The bathrooms include a massaging shower or bath. The Grand Hotel Français is situated in Place de la Nation, near Place de la Bastille, the fashionable Marais district and the lovely district near the Canal Saint Martin."
paris,5,120,271839,Hotel Muguet,https://dynamic-media-cdn.tripadvisor.com/media/photo-o/1f/c8/86/a6/exterior-view.jpg,https://www.tripadvisor.co.uk/Hotel_Review-g187147-d271839-Reviews-Hotel_Muguet-Paris_Ile_de_France.html,4.6,2489.0,"#180 of 1,885 hotels in Paris",185.0,2446.0,"11 Rue Chevert, 75007 Paris France",+33 1 47 05 05 93,48.85571,2.30892,Paris,,,192.0,557.0,Hotel,,Air conditioning|Free Wifi,,是,2026 Travelers' Choice,"Charming hotel with cozy decor near the Eiffel Tower and Rue Cler. Offers clean, spacious rooms, some with landmark views. Conveniently located near shops, restaurants, and public transportation.",,,"Hôtel Muguet takes its name from the French for lily-of-the-valley, a theme reflected in the hotel's yet refined decoration. Located between the Eiffel Tower and the Invalides, our hotel is very charming and parisian."
paris,4,90,219988,Hotel des Grands Hommes,https://dynamic-media-cdn.tripadvisor.com/media/photo-o/30/2d/59/4a/facade.jpg,https://www.tripadvisor.co.uk/Hotel_Review-g187147-d219988-Reviews-Hotel_des_Grands_Hommes-Paris_Ile_de_France.html,4.6,2394.0,"#76 of 1,885 hotels in Paris",80.0,2446.0,"17 Place du Pantheon, 75005 Paris France",+33 1 46 34 19 60,48.845722,2.345028,Paris,$205,$205,204.0,408.0,Hotel,,Bar/Lounge|Air conditioning|Airport transportation|Free Wifi,Breakfast included,是,2026 Travelers' Choice,"Charming boutique hotel in Paris' Latin Quarter near the Pantheon, Luxembourg Gardens, and cafes. Historical decor, cozy atmosphere, balcony rooms with stunning views. Convenient access to public transport.",,,"If you are looking for a boutique hotel in Paris, with both a neat, elegant and warm decoration, the Hôtel des Grands Hommes is the ideal choice. Located in the heart of the Latin Quarter in Paris, a few steps from the Luxembourg Gardens and facing the Pantheon, the Hotel des Grands Hommes wiith an empire style offers a personalized and professional welcome in an exceptional place, full of history and charm. Our rooms offer exceptional and unique assets with stunning views of the Pantheon and Paris, with balconies and private terraces for some of them. Our high-end bathrooms, renovated in 2019, will only enhance your stay. Hotel Des Grands Hommes offers all modern amenities including a flat-screen TV, minibar, safe and air conditioning. Our internet network is equipped with fiber and offers to our guest a complete satisfaction. Reception and concierge service are available 24 hours a day. The hotel also offers a rich and full breakfast, served in our room or in your room. There is a public car park nearby which is available to guests. The staff of the Hotel des Grands Hommes will be pleased to welcome you during your future visit to Paris and will offer you a unique experience in Paris."
paris,2,30,233593,Hôtel Bel Ami,https://dynamic-media-cdn.tripadvisor.com/media/photo-o/2d/29/b4/ce/terrasse-apartment.jpg,https://www.tripadvisor.co.uk/Hotel_Review-g187147-d233593-Reviews-Hotel_Bel_Ami-Paris_Ile_de_France.html,4.6,2356.0,"#62 of 1,885 hotels in Paris",65.0,2446.0,"7 Rue Saint-Benoît, 75006 Paris France",+33 1 42 61 53 53,48.854923,2.333126,Paris,$710,$710,456.0,1271.0,Hotel,,Spa|Restaurant|Bar/Lounge|Fitness centre,,是,2026 Travelers' Choice Best of the Best,"Boutique hotel in St. Germain with modern decor and clean, comfortable rooms. Prime location near top attractions, cafes, and shopping. Features excellent concierge service and local expertise.",,,"The Bel-Ami, member of Groupe B SIGNATURE HOTELS & RESORTS, ideally located between the Café de Flore and Deux Magots. Its heart beats in rhythm with Saint Germain des Prés. Rooms,Suites, Apartments casual chic, Spa CALMA and trendy bar. You will recognize the spirit of a large parisian apartment that belong to a design and art lover."
paris,2,30,250927,Hotel Europe Saint Severin,https://dynamic-media-cdn.tripadvisor.com/media/photo-o/2c/28/6a/56/exterior.jpg,https://www.tripadvisor.co.uk/Hotel_Review-g187147-d250927-Reviews-Hotel_Europe_Saint_Severin-Paris_Ile_de_France.html,4.5,3264.0,"#409 of 1,885 hotels in Paris",424.0,2446.0,"38-40 Rue Saint Severin, 75005 Paris France",+33 1 46 34 05 70,48.852753,2.344314,Paris,$209,$209,133.0,574.0,Hotel,,Restaurant|Air conditioning|Free Wifi,,是,2026 Travelers' Choice,"Charming hotel in the Latin Quarter near Notre Dame and the Seine. Features cozy, clean rooms, some with balconies and great views. Surrounded by restaurants, cafes, and easy access to public transport.",,,"Friendly and comfortable property located in the heart of the Latin quarter on a pedestrian street. The hotel is within easy walking distance of many of the city's touristic sights, including Notre Dame, Saint Germain des Pres, the Luxembourg Garden, the Louvre and the Orsay Museum. Very easy to reach from both airports and railway stations, the establishment is the perfect place for a cultural or professional stay in Paris."
paris,2,30,197563,Hôtel La Manufacture,https://dynamic-media-cdn.tripadvisor.com/media/photo-o/34/1e/c5/91/bar.jpg,https://www.tripadvisor.co.uk/Hotel_Review-g187147-d197563-Reviews-Hotel_La_Manufacture-Paris_Ile_de_France.html,4.5,3131.0,"#211 of 1,885 hotels in Paris",217.0,2446.0,"8 rue Philippe de Champagne, 75013 Paris France",+33 1 45 35 45 25,48.83297,2.355336,Paris,$84,$84,95.0,343.0,Hotel,,Air conditioning|Free Wifi,,是,2026 Travelers' Choice,"Charming Paris hotel near Latin Quarter with stylish decor, cozy lounge, and easy access to metro and buses. Surrounded by vibrant cafes, restaurants, and shops in a lively yet quiet neighborhood.",,,"Housed in a charming 19th century building, La Manufacture is an elegant establishment, decorated with taste and style and blending the past with the present. The use of soft, natural colors and the careful attention to detail reflects perfectly the inviting atmosphere to be found. Oak floorboards, wicker chairs, cotton rugs, wooden furniture make this charming Boutique Hotel a real feast for the eyes."
paris,5,120,233725,Hôtel Brighton Paris,https://dynamic-media-cdn.tripadvisor.com/media/photo-o/33/cc/8e/76/hotel-brighton-paris.jpg,https://www.tripadvisor.co.uk/Hotel_Review-g187147-d233725-Reviews-Hotel_Brighton_Paris-Paris_Ile_de_France.html,4.5,2682.0,"#446 of 1,885 hotels in Paris",461.0,2446.0,"218 Rue de Rivoli, 75001 Paris France",+33 1 47 03 61 61,48.86484,2.329054,Paris,$325,$325,324.0,816.0,Hotel,,Bar/Lounge|Air conditioning|Airport transportation|Pets Allowed,,是,2026 Travelers' Choice,"Centrally located near Paris landmarks like the Eiffel Tower and Louvre, featuring spacious, well-appointed rooms, some with balconies and stunning views. Offers a quintessential Parisian ambiance.",,,"""An unique view in the heart of Paris"" The Hôtel Brighton, built on Rue de Rivoli by Lord Egerton at the beginning of the 19th century, became one of the capital’s leading hotels, attracting many British customers. This district of Paris, which is now the 1st arrondissement, was very popular with British clients on The Grand Tour, an initiatory trip across Europe and sometimes as far as Asia with the aim of completing the artistic and cultural education of the young middle classes. The hotel has preserved a large number of antique elements down the years, beginning with the period mosaic with the words ""Hôtel Brighton"" on the ground beneath the arcades of Rue de Rivoli in front of the hotel. Inside, the marble columns in the hall, the sculpted high reliefs in the bar, the set of antique mirrors and the many French windows, the tall ceilings on the ""noble floors"" and the exposed beams in the rooms on the upper storeys all bear witness to the history of the site and the people who gave it its charm. But what makes the Hôtel Brighton a truly exceptional place is the breathtaking 180° panorama. To the left, the Louvre, once a royal palace, today a museum, the Tuileries Gardens opposite and the Place de la Concorde to the right with the Eiffel Tower in the background. One of your best memories of Paris will be this unique view."
paris,5,120,228848,Hotel Lorette - Astotel,https://dynamic-media-cdn.tripadvisor.com/media/photo-o/06/82/87/3b/hotel-lorette-opera-astotel.jpg,https://www.tripadvisor.co.uk/Hotel_Review-g187147-d228848-Reviews-Hotel_Lorette_Astotel-Paris_Ile_de_France.html,4.5,2636.0,"#89 of 1,885 hotels in Paris",94.0,2446.0,"36 rue Notre Dame de Lorette 9th Arr., 75009 Paris France",+33 1 42 85 18 81,48.878887,2.33722,Paris,$107,$107,126.0,373.0,Hotel,,Air conditioning|Family Friendly|Free Wifi,,是,2026 Travelers' Choice,"Conveniently located near metro stations and Montmartre, with easy access to attractions, dining, and cafes. Complimentary snacks, drinks, and helpful amenities. Friendly staff and lively surroundings.",,,"Centrally located, our beautiful establishment in Haussmann-style embodies the perfect combination of original Parisian charm and modernity, thanks to its recent renovation in 2012. Its outstanding location allows guests to explore Paris on foot. Sacre Coeur, Montmartre, the Opera and major department Stores are withing a 10-minute walk from the hotel; the nearby st Georges (line 12) Metro station provides direct access to Champs Elysees in under 15 minutes. Upon arrival, you will be delighted by our charming reception area, as well as by the efficient and attentive welcome of our team. Our 84 rooms, to which our staff devotes special attention, have been tastefully redesigned to provide you with comfort and modernity. Enjoy free WiFi in the room and in public areas. Take your hearty breakfast in buffet style in an unusual setting, as you discover the original vaulted cellar, a beautiful and airy structure. Needless to say, you may also order your a-la-carte breakfast to be served directly in your room. Thus, the warm and modern furnishings of the hotel , its outstanding central location and our caring staff are the perfect ingredients for a successful business or leisure trip!"
paris,6,150,233514,Hotel Mademoiselle,https://dynamic-media-cdn.tripadvisor.com/media/photo-o/0d/48/ff/28/hotel-mademoiselle.jpg,https://www.tripadvisor.co.uk/Hotel_Review-g187147-d233514-Reviews-Hotel_Mademoiselle-Paris_Ile_de_France.html,4.5,2249.0,"#265 of 1,885 hotels in Paris",275.0,2446.0,"7 Rue des Petits Hôtels, 75010 Paris France",+33 1 42 46 33 00,48.877293,2.354391,Paris,$141,$141,149.0,381.0,Hotel,,Spa|Bar/Lounge|Fitness centre|Air conditioning,,是,2026 Travelers' Choice,"Boutique hotel near Gare du Nord and Gare de l'Est with cozy rooms, spa amenities, sauna, and steam room. Convenient for Eurostar travelers, close to landmarks, dining, and public transportation.",,,"Elegant and warm Boutique Hotel, a few steps away from The North and the East station. Located between the canal St Martin, The opera House and The Sacré Coeur. The Hotel Mademoiselle suggest you to enjoy private sessions for free in our wellness area including a Steam room, Sauna, ice fountain, gym, relaxation room and our massage room equipped with a ""Medyjet"" water massage bed You can also relax in our pretty Mademoiselle's Lounge or in the Patio for the sunny days's return, to have a drink or enjoy a breakfast to start properly your day in Paris"
paris,69,2040,228809,Hotel Magda Champs Élysée,https://dynamic-media-cdn.tripadvisor.com/media/photo-o/0a/03/b0/f7/front-hotel.jpg,https://www.tripadvisor.co.uk/Hotel_Review-g187147-d228809-Reviews-Hotel_Magda_Champs_Elysee-Paris_Ile_de_France.html,4.5,2221.0,"#392 of 1,885 hotels in Paris",406.0,2446.0,"7 rue Troyon, 75017 Paris France",+33 1 47 64 10 19,48.87596,2.295318,Paris,,,133.0,420.0,Hotel,,Bar/Lounge|Air conditioning|Airport transportation|Pets Allowed,,否,,"Boutique hotel near Arc de Triomphe and Champs-Élysées with comfortable beds, helpful staff, and good amenities. Surrounded by restaurants, cafes, and sights. Convenient for metro and city exploration.",,,"The Hotel Magda Champs Elysées *** is just 150m from the Arc de Triomphe and Champs Elysées. Ideally located for visiting Paris and its monuments. Very lively area, close to many shops and restaurants. 37 rooms (Solo, Classic, Superior, Junior Suite and Suite) warm and luxurious cocoons that combine technological conveniences with a functional design. We offer 10 Junior Suites and Suites with mini-kitchenette: Sink, microwave, refrigerator, freezer, courtesy tray (coffee, tea), plates, flatware. Ideal for families and long stays. New decoration with refined design and noble materials like wood, high quality bedding and equipment, functional layout, all has been thought to create a relaxing and cosy atmosphere to make your stay delightful. Our rooms are like warm and luxurious cocoons and combine all modern conveniences. We also invite you to take advantage of our many services (free Wi-Fi, air conditioning, breakfast, concierge service, luggage room, etc.). Paying public car park nearby."
paris,10,270,207838,Pullman Paris Centre - Bercy,https://dynamic-media-cdn.tripadvisor.com/media/photo-o/34/37/27/4b/exterior.jpg,https://www.tripadvisor.co.uk/Hotel_Review-g187147-d207838-Reviews-Pullman_Paris_Centre_Bercy-Paris_Ile_de_France.html,4.4,4065.0,"#547 of 1,885 hotels in Paris",564.0,2446.0,"1 Rue De Libourne Cour Saint-Emilion, 75012 Paris France",+33 1 44 67 34 00,48.831375,2.38718,Paris,,,205.0,472.0,Hotel,,Pool|Spa|Restaurant|Bar/Lounge,,是,2026 Travelers' Choice,"Modern hotel located near Bercy Village with diverse dining and shopping options. Convenient access to the metro, taxis, and parks. Features a vast breakfast selection and proximity to the Seine River.",,,
paris,1,0,572984,Hotel Eiffel Seine,https://dynamic-media-cdn.tripadvisor.com/media/photo-o/08/86/64/a5/hotel-eiffel-seine.jpg,https://www.tripadvisor.co.uk/Hotel_Review-g187147-d572984-Reviews-Hotel_Eiffel_Seine-Paris_Ile_de_France.html,4.4,3027.0,"#486 of 1,885 hotels in Paris",501.0,2446.0,"3 Boulevard De Grenelle, 75015 Paris France",+33 1 45 78 14 81,48.85437,2.28929,Paris,$161,$161,182.0,477.0,Hotel,,Bar/Lounge|Air conditioning|Free Wifi,Sponsored,是,Travelers' Choice,"Charming boutique hotel with a prime location near the Eiffel Tower, metro, and dining options. Clean, well-decorated rooms, helpful staff, and a cozy atmosphere enhanced by a friendly resident cat.",,,"Everyone needs a place to lay their weary head. For travellers visiting Paris, Hotel Eiffel Seine is an excellent choice for rest and rejuvenation. Well-known for its quaint environment and proximity to great restaurants and attractions, Hotel Eiffel Seine makes it easy to enjoy the best of Paris.
Hotel Eiffel Seine offers guests an array of room amenities including a flat screen TV, a minibar, and air conditioning, and getting online is possible, as free wifi is available.
The hotel offers 24 hour front desk, express check-in and check-out, and baggage storage, to make your visit even more pleasant. The property also features breakfast. Guests arriving by vehicle have access to paid public parking available nearby.
Nearby landmarks such as Champs-Elysees (1.4 mi) and Arc de Triomphe (1.4 mi) make Eiffel Seine a great place to stay when visiting Paris.
While visiting Paris, you may want to try some crab at one of the nearby restaurants, such as L'Avenue, Les Ombres, or L'Avant Comptoir.
If you’re looking for things to do, you can check out Eiffel Tower (0.4 mi) or Trocadero (0.5 mi), which are popular attractions amongst tourists, and they are all within walking distance.
Whether you’re travelling for business, pleasure or both, Hotel Eiffel Seine is sure to make your visit to Paris one worth remembering."
paris,12,330,6534774,Molitor Hotel & Spa Paris MGallery Collection,https://dynamic-media-cdn.tripadvisor.com/media/photo-o/05/f0/b8/67/mgallery-molitor.jpg,https://www.tripadvisor.co.uk/Hotel_Review-g187147-d6534774-Reviews-Molitor_Hotel_Spa_Paris_MGallery_Collection-Paris_Ile_de_France.html,4.4,2385.0,"#225 of 1,885 hotels in Paris",232.0,2446.0,"16 Avenue De La Porte Molitor, 75016 Paris France",+33 1 56 07 08 50,48.844982,2.252643,Paris,$469,$469,374.0,719.0,Hotel,,Pool|Spa|Restaurant|Bar/Lounge,,是,2026 Travelers' Choice,"Historic hotel in central Paris blending art and modern comfort. Features two pools, spa, rooftop dining with city views, and proximity to Roland Garros. Offers personalized rooms and delicious breakfast.",,,
paris,9,240,228833,Hotel Saint-Petersbourg Opera & SPA,https://dynamic-media-cdn.tripadvisor.com/media/photo-o/16/56/26/15/hotel-saint-petersbourg.jpg,https://www.tripadvisor.co.uk/Hotel_Review-g187147-d228833-Reviews-Hotel_Saint_Petersbourg_Opera_SPA-Paris_Ile_de_France.html,4.4,2384.0,"#221 of 1,885 hotels in Paris",228.0,2446.0,"35 Rue de Caumartin, 75009 Paris France",+33 1 42 66 60 38,48.872143,2.328126,Paris,$243,$243,192.0,615.0,Hotel,,Pool|Spa|Bar/Lounge|Fitness centre,,是,2026 Travelers' Choice,"Elegant hotel near Place de la Concorde, offering air-conditioned rooms, modern bathrooms, and some with balconies. Central location near landmarks, dining, and shopping. Friendly, helpful staff.",,,"Ideally located in the heart of one of the most beautiful areas of Paris, the Saint Petersburg hotel enjoys a prestigious environment, close to Galeries Lafayette, the Opéra Garnier, the Louvre, the Madeleine and Rue Saint-Honoré. With more than 100 years of history, the hotel was completely renovated in 2016 to combine historical charm and contemporary comfort. The hotel offers triple and quadruple rooms suitable for families, as well as Junior Suites with terrace. A professional team is available 24 hours a day with concierge, luggage storage and very high-speed Wi-Fi. Secure parking at 20 meters, buffet breakfast served in room or in room. Modern and equipped conference rooms are also available."
paris,40,1170,235575,Lenox Montparnasse,https://dynamic-media-cdn.tripadvisor.com/media/photo-o/17/cd/f8/71/lenox-montparnasse.jpg,https://www.tripadvisor.co.uk/Hotel_Review-g187147-d235575-Reviews-Lenox_Montparnasse-Paris_Ile_de_France.html,4.4,2199.0,"#377 of 1,885 hotels in Paris",390.0,2446.0,"15 rue Delambre, 75014 Paris France",+33 1 43 35 34 50,48.84157,2.32779,Paris,,,184.0,413.0,Hotel,,Bar/Lounge|Air conditioning|Free Wifi,,否,,"Stylish hotel in a lively area near metro lines, restaurants, and attractions. Features modern, comfortable rooms, some with balconies, a self-serve bar, and friendly staff. Convenient for exploring Paris.",,,"Discover Hôtel Lenox Montparnasse, a charming and peaceful boutique haven in the heart of artistic Paris (14th arrondissement). Nicked on a quiet street in the legendary Montparnasse district, our Right Bank style hotel offers a warm and highly secure environment, making it a favorite for solo female travelers and business trips alike. Why choose Hôtel Lenox? Seamless Logistics: Steps from Gare Montparnasse and direct metro lines (4, 6, 12, 13) to quickly reach all major Parisian landmarks. Gourmet Highlights: A complete hot & cold breakfast buffet featuring scrambled eggs, crispy bacon, organic products, and fresh pastries delivered daily by our local baker. Vibrant Neighborhood: Surrounded by historic brasseries (La Coupole, Le Dôme), famous theaters, and boutiques. Your ideal Parisian pied-à-terre for an authentic local experience."
paris,11,300,188743,Hyatt Paris Madeleine,https://dynamic-media-cdn.tripadvisor.com/media/photo-o/10/02/b9/a5/suite-eiffel.jpg,https://www.tripadvisor.co.uk/Hotel_Review-g187147-d188743-Reviews-Hyatt_Paris_Madeleine-Paris_Ile_de_France.html,4.4,2089.0,"#218 of 1,885 hotels in Paris",224.0,2446.0,"24 boulevard Malesherbes, 75008 Paris France",+33 1 55 27 12 34,48.872837,2.321582,Paris,,,573.0,973.0,Hotel,,Spa|Restaurant|Bar/Lounge|Fitness centre,,是,2026 Travelers' Choice,"Elegant hotel in a central yet tranquil location near shops, dining, and popular attractions. Features stunning Eiffel Tower views, charming decor, and professional staff offering local recommendations.",,,"Experience Paris at Hyatt Paris Madeleine, where you can dive into the essence of Parisian art de vivre, in a place that blends elegance with modernity. Located in historic Paris, our hotel is the perfect starting point to explore the city's cultural and gastronomic treasures.

Culinary delights await you with creations by Chef Julien Rousseau, whether at the Café M restaurant or in the intimate setting of our Lounge La Chinoiserie. Every meal is a celebration of Parisian tradition.

Our suites, true havens of peace, offer a calming atmosphere. Extend this sense of well-being with an in-room massage and an exceptional dinner. Hyatt Paris Madeleine is elegance dedicated to an unforgettable Parisian experience."
paris,4,90,197424,Novotel Paris Les Halles,https://dynamic-media-cdn.tripadvisor.com/media/photo-o/2b/31/e2/f0/autour-de-l-hotel.jpg,https://www.tripadvisor.co.uk/Hotel_Review-g187147-d197424-Reviews-Novotel_Paris_Les_Halles-Paris_Ile_de_France.html,4.3,7486.0,"#219 of 1,885 hotels in Paris",225.0,2446.0,"8 Place Marguerite de Navarre, 75001 Paris France",+33 1 42 21 31 31,48.861023,2.346508,Paris,$328,$328,344.0,939.0,Hotel,,Restaurant|Bar/Lounge|Fitness centre|Air conditioning,,是,2026 Travelers' Choice,"Centrally located hotel near major metro, iconic landmarks like Notre Dame and the Louvre, lively restaurants, shops, and bars. Parisian charm with convenient access to attractions and public transport.",,,
paris,1,0,207742,Intercontinental Paris - Le Grand By IHG,https://dynamic-media-cdn.tripadvisor.com/media/photo-o/2f/f5/c4/ae/intercontinental-paris.jpg,https://www.tripadvisor.co.uk/Hotel_Review-g187147-d207742-Reviews-Intercontinental_Paris_Le_Grand_By_IHG-Paris_Ile_de_France.html,4.3,3812.0,"#567 of 1,885 hotels in Paris",588.0,2446.0,"2 Rue Scribe, 75009 Paris France",+33 1 40 07 32 32,48.871,2.330407,Paris,$586,$586,584.0,1175.0,Hotel,,Spa|Restaurant|Bar/Lounge|Fitness centre,Sponsored,是,2026 Travelers' Choice,"Luxury hotel with historic charm near Palais Garnier and top attractions. Elegant public spaces, spacious rooms with balcony views, Club Lounge access, and a renowned French dining experience.",,,
paris,4,90,282205,Hotel Terminus Lyon,https://dynamic-media-cdn.tripadvisor.com/media/photo-o/2c/00/52/6b/bathroom3.jpg,https://www.tripadvisor.co.uk/Hotel_Review-g187147-d282205-Reviews-Hotel_Terminus_Lyon-Paris_Ile_de_France.html,4.3,3451.0,"#237 of 1,885 hotels in Paris",245.0,2446.0,"19 boulevard Diderot, 75012 Paris France",+33 1 56 95 00 00,48.845806,2.371727,Paris,$111,$111,113.0,407.0,Hotel,,Air conditioning|Free Wifi,,是,2026 Travelers' Choice,"Conveniently located near Gare de Lyon with easy access to transportation, dining, and the Seine. Clean, comfortable rooms, traditional Parisian charm, helpful staff, and an attached restaurant.",,,"Business, fashion, gastronomy, entertainment… Located in front of the Gare de Lyon in Paris, between the Palais Omnisports of Bercy and the Place de la Bastille, the Hotel Terminus Lyon receives you for trips, week-ends and stays in Paris.Central location, comfortable and air-conditioned rooms, cozy atmosphere … The Hotel Terminus offers you high quality services : - conciergerie, dry cleaning …- 24 hours room service, breakfast- car rental, shows booking- free Wifi ...Practical information :The proximity of the very animated area of the Bastille, the Opéra Bastille, the area Bercy Village as well as the easy access to the Eiffel Tower, the Louvre, the Champs-Elysées, ..."
paris,4,90,242960,Hotel Jardins d'Eiffel,https://dynamic-media-cdn.tripadvisor.com/media/photo-o/30/a3/d5/e4/hotel-front.jpg,https://www.tripadvisor.co.uk/Hotel_Review-g187147-d242960-Reviews-Hotel_Jardins_d_Eiffel-Paris_Ile_de_France.html,4.3,1863.0,"#348 of 1,885 hotels in Paris",361.0,2446.0,"8 Rue Amelie, 75007 Paris France",+33 1 47 05 46 21,48.859165,2.307354,Paris,$194,$194,189.0,440.0,Hotel,,Air conditioning|Airport transportation|Free Wifi,Breakfast included,是,2026 Travelers' Choice,"Quiet hotel near the Eiffel Tower and Rue Cler, with easy access to shops, restaurants, Metro, and RER stations. Some rooms and the terrace offer iconic tower views. Peaceful and convenient location.",,,"The Jardins d’Eiffel Hotel enjoys one of the best locations in Paris, in the Invalides district, left bank, a few steps from the Eiffel Tower, the Champ-de-Mars, the river Seine and the Champs-Élysées. We offer 81 nicely decorated rooms, with a contemporary spirit. Each room is air conditioned with TV, mini-bar, safety box, free Wi-Fi and en suite bathrooms (with shower or bath and hairdryer). Some rooms feature a balcony or terrace and 60 rooms overlook our charming interior garden. Some Premium rooms have a view on the Eiffel Tower, from the windows or from the balcony."
paris,2,30,302989,Hotel Design Sorbonne,https://dynamic-media-cdn.tripadvisor.com/media/photo-o/2c/20/29/94/exterior.jpg,https://www.tripadvisor.co.uk/Hotel_Review-g187147-d302989-Reviews-Hotel_Design_Sorbonne-Paris_Ile_de_France.html,4.3,1811.0,"#357 of 1,885 hotels in Paris",370.0,2446.0,"6 rue Victor Cousin, 75005 Paris France",+33 1 43 54 58 08,48.848137,2.342528,Paris,$161,$161,145.0,396.0,Hotel,,Air conditioning|Airport transportation|Pets Allowed|Free Wifi,,是,2026 Travelers' Choice,"Centrally located in Paris’s Latin Quarter near Jardin du Luxembourg, Notre Dame, and the Pantheon. Cozy atmosphere, art deco decor, clean rooms, and easy access to dining, shops, and public transit.",,,"Welcome to Hotel Design Sorbonne, a secret adress for travelers like you. Closeby near emblematic places such as the Place de la Sorbonne, and the Luxembourg Gardens; the Hotel Design Sorbonne is ideally located to discover the various attractions of Paris, city also known for its famous monuments, including the Pantheon, Notre Dame Cathedral, Sainte Chapelle or the Hôtel des Invalides, which are very close to the Hotel Sorbonne design. Hotel De La Sorbonne offers a bunch of amenities, including a SmartTV or an iMac in every room and air conditioning. It is also possible to stay connected via free Wi-Fi (fiber optic). The hotel has a 24-hour front desk and concierge service. The establishment also propose breakfasts and you can admire photo exhibition on each floor. The Sorbonne district has a multitude of restaurants, in order to satisfy all your desires and all taste buds, the reception of the Hotel will be able to guide you. Hotel Design Sorbonne looks forward to welcoming you on your business or leisure trip to Paris."
paris,9,240,649965,First Hotel,https://dynamic-media-cdn.tripadvisor.com/media/photo-o/34/0d/57/3f/facade.jpg,https://www.tripadvisor.co.uk/Hotel_Review-g187147-d649965-Reviews-First_Hotel-Paris_Ile_de_France.html,4.3,1801.0,"#519 of 1,885 hotels in Paris",535.0,2446.0,"2 Boulevard Garibaldi, 75015 Paris France",+33 1 43 06 93 26,48.8475,2.302314,Paris,,,163.0,419.0,Hotel,,Restaurant|Bar/Lounge|Air conditioning|Airport transportation,,是,2026 Travelers' Choice,"Modern hotel near the Eiffel Tower with metro access across the street. Spacious rooms with some offering Eiffel Tower views. Surrounded by shops and restaurants, ideal for exploring Paris.",,,"ideally located in the middle of the business and the pleasure districts close to eiffel-tower many rooms with exceptionnal view, invalides, unesco.Hotel completly renovated one years for the renovation openning first september 2010 HIGH STANDING HOTEL UNLIMITED WIFI CONNECTION Near to the porte de versailles exhibition hall A warm welcome and quality know-how are the trump cards that will help make your stay in the capital a successful one"
paris,5,120,12455412,citizenM Paris Gare de Lyon,https://dynamic-media-cdn.tripadvisor.com/media/photo-o/32/0c/18/2e/lobby.jpg,https://www.tripadvisor.co.uk/Hotel_Review-g187147-d12455412-Reviews-CitizenM_Paris_Gare_de_Lyon-Paris_Ile_de_France.html,4.2,3280.0,"#788 of 1,885 hotels in Paris",819.0,2446.0,"8 Rue Van Gogh, 75012 Paris France",+33 1 86 65 07 40,48.84383,2.372847,Paris,$119,$119,137.0,336.0,Hotel,,,,是,2026 Travelers' Choice,"Modern hotel with high-tech rooms near bars, restaurants, and public transport. Features a rooftop bar with Eiffel Tower views, excellent food, multilingual staff, and cozy spaces for business travelers.",,,"In Paris for business, pleasure or both? Find your perfect room at citizenM Gare de Lyon - just two minutes from the train/metro/RER station, connected to all of Paris and the airports. Admire the old-time grandeur of Paris while sleeping in modern affordable luxury in our smart, stylish bedrooms with wall-to-wall windows, XL king-size beds, power showers and smart TVs with free movies. Control the room ambiance with our free app (part of our unique contactless stay experience), or the bedside MoodPad tablet. All rooms get a world-class deep-clean after every single stay. When not sleeping or relaxing, feel right at home in the living room filled with designer furniture, books and intriguing art. There's spaces to relax or to work while surfing our superfast free Wi-Fi. canteenM kitchen is open 24/7 for drinks, food and snacks, as well as cocktails, breakfast and hot meals throughout the day. Pay a visit to our 16th floor cloudM rooftop bar for sensational Seine-side views."
paris,11,300,595754,Hyatt Regency Paris Étoile,https://dynamic-media-cdn.tripadvisor.com/media/photo-o/2c/6c/62/81/caption.jpg,https://www.tripadvisor.co.uk/Hotel_Review-g187147-d595754-Reviews-Hyatt_Regency_Paris_Etoile-Paris_Ile_de_France.html,4.2,2849.0,"#461 of 1,885 hotels in Paris",476.0,2446.0,"3 Place du General Koenig, 75017 Paris France",+33 1 40 68 12 34,48.880524,2.284563,Paris,$178,$178,212.0,608.0,Hotel,,Restaurant|Bar/Lounge|Fitness centre|Air conditioning,,是,2026 Travelers' Choice,"Modern hotel near Porte Maillot with stunning Eiffel Tower and Arc de Triomphe views. Features a rooftop bar, fitness center, spacious rooms, and club level with snacks, drinks, and panoramic views. Walking distance to Champs Elysees, metro, and iconic landmarks.",,,"Standing 34 stories high, Hyatt Regency Paris Étoile offers breathtaking views of Paris and its iconic monuments. Ideally located between the business district of La Défense and the Champs-Élysées, this hotel is one of the largest in Europe, featuring 995 modern rooms and suites, all with stunning panoramic views. The hotel provides flexible event spaces, including 35 meeting rooms and one of the largest kitchens in Europe, ensuring tailored experiences for every guest. Guests have 24/7 access to a fitness center and Clés d’Or Concierges. The hotel also boasts Windo Skybar, the highest panoramic bar in the French capital, and Restaurant Mayo, which highlights local produce with a menu designed for sharing."
paris,20,570,208096,Citadines Saint-Germain-des-Prés Paris,https://dynamic-media-cdn.tripadvisor.com/media/photo-o/33/e7/2d/e6/citadines-saint-germain.jpg,https://www.tripadvisor.co.uk/Hotel_Review-g187147-d208096-Reviews-Citadines_Saint_Germain_des_Pres_Paris-Paris_Ile_de_France.html,4.2,2644.0,"#858 of 1,885 hotels in Paris",891.0,2446.0,"53 ter Quai des Grands Augustins, 75006 Paris France",+33 1 44 07 70 00,48.85552,2.340859,Paris,,,225.0,538.0,Hotel,,Fitness centre|Pets Allowed|Family Friendly|Free Wifi,,否,,"Centrally located Paris hotel with apartment-style accommodations, compact kitchens, and spacious rooms. Features vending machines, laundry facilities, free coffee in the lobby, and Seine views from select apartments.",,,
paris,80,2370,228728,Renaissance Paris Vendome Hotel,https://dynamic-media-cdn.tripadvisor.com/media/photo-o/2f/d2/68/c6/king-parisian-corner.jpg,https://www.tripadvisor.co.uk/Hotel_Review-g187147-d228728-Reviews-Renaissance_Paris_Vendome_Hotel-Paris_Ile_de_France.html,4.2,1699.0,"#769 of 1,885 hotels in Paris",799.0,2446.0,"4 Rue du Mont Thabor, 75001 Paris France",+33 1 40 20 20 00,48.86549,2.329529,Paris,,,,,Hotel,,Air conditioning|Airport transportation,,否,,"Centrally located hotel near top Paris attractions like the Louvre and Tuileries Garden. Known for its excellent service, stylish public spaces, on-site dining, and easy access to shops and restaurants.",,,"The Renaissance Paris Vendôme has temporarily closed its doors on October 11 as we embark on a remarkable transformation. We are reimagining every detail to offer an experience that celebrates sophistication, comfort, and the art of exceptional hospitality. We cannot wait to share this next chapter with you and unveil the next level of luxury that awaits."
paris,17,480,2292234,Le VIP Paris Yacht Hotel,https://dynamic-media-cdn.tripadvisor.com/media/photo-o/2a/83/d3/73/le-vip-paris-yacht-hotel.jpg,https://www.tripadvisor.co.uk/Hotel_Review-g187147-d2292234-Reviews-Le_VIP_Paris_Yacht_Hotel-Paris_Ile_de_France.html,4.2,1552.0,#8 of 417 Speciality lodging in Paris,506.0,2446.0,"Port de la Rapee, 75012 Paris France",+33 1 44 68 06 38,48.840714,2.372878,Paris,,,167.0,594.0,Speciality Hotel,,Restaurant|Bar/Lounge|Air conditioning,,是,2026 Travelers' Choice,Unique floating hotel near the Seine with small but comfortable rooms and beautiful night views of Paris. Convenient to Bercy Arena and Gare de Lyon. Features dinner cruises with live music.,Great location for our purposes (concert at Accor Stadium) and right between two main stations G de Lyon and G d’Austerlitz. Room was tiny but comfy. Shower was great and air con worked really well which was a...,Lesley J,"The VIP Paris is the only Navigator Yacht-Hotel in the capital. It offers lovers the opportunity to live a unique romantic experience in Paris: sailing, dining and sleeping on the Seine. An aperitif cruise from the roof with a breathtaking view of Paris, a refined dinner in our Thalattata restaurant or an overnight stay on board in our 17 double cabins including 7 Suites with private Jacuzzi and Sauna, create the stay of your dreams."
paris,3,60,236586,Select Hôtel Rive Gauche,https://dynamic-media-cdn.tripadvisor.com/media/photo-o/07/29/7b/89/select-hotel.jpg,https://www.tripadvisor.co.uk/Hotel_Review-g187147-d236586-Reviews-Select_Hotel_Rive_Gauche-Paris_Ile_de_France.html,4.2,1414.0,"#535 of 1,885 hotels in Paris",552.0,2446.0,"1 Place De La Sorbonne, 75005 Paris France",+33 1 46 34 14 80,48.848415,2.342548,Paris,$222,$222,198.0,544.0,Hotel,,Bar/Lounge|Air conditioning|Free Wifi,,是,2026 Travelers' Choice,"Charming hotel in the Latin Quarter near Luxembourg Gardens, Notre Dame, and Sorbonne University. Historical ambiance, quiet surroundings, cozy rooms, and easy access to attractions, dining, and transport.",,,"Welcome to Select Hotel, your Paris “home away from home.” Select Hotel aims to make your visit as relaxing and enjoyable as possible, which is why so many guests continue to come back year after year.
Nearby landmarks such as Palais Garnier - Opéra National de Paris (1.7 mi) and Eiffel Tower (2.3 mi) make Select Hotel Paris a great place to stay when visiting Paris.
The rooms offer a flat screen TV and air conditioning, and getting online is possible, as free wifi is available, allowing you to rest and refresh with ease.
Select Hotel Paris features 24 hour front desk, express check-in and check-out, and a coffee shop. In addition, as a valued Select Hotel Paris guest, you can enjoy a lounge that is available on-site.
Paris has plenty of seafood restaurants. So when you’re here, be sure to check out popular spots like Le Jules Verne, Le Grand Colbert, and Pedra Alta, which are serving up some great dishes.
Plus, during your trip, don’t forget to check out some of the popular military museums, such as Musée de l’Armée des Invalides, Museum of the Legion of Honor, and Musée des Plans-Reliefs.
Select Hotel puts the best of Paris at your fingertips, making your stay both relaxing and enjoyable."
paris,54,1590,597573,Novotel Paris Centre Gare Montparnasse,https://dynamic-media-cdn.tripadvisor.com/media/photo-o/0e/e0/34/98/novotel-paris-centre.jpg,https://www.tripadvisor.co.uk/Hotel_Review-g187147-d597573-Reviews-Novotel_Paris_Centre_Gare_Montparnasse-Paris_Ile_de_France.html,4.1,2769.0,"#747 of 1,885 hotels in Paris",777.0,2446.0,"17 Rue du Cotentin, 75015 Paris France",+33 1 53 91 23 75,48.838432,2.314968,Paris,,,187.0,353.0,Hotel,,Restaurant|Bar/Lounge|Fitness centre|Air conditioning,,否,,"Centrally located hotel near Gare Montparnasse and Pasteur metro, with easy access to shops, restaurants, and public transport. Features clean, comfortable rooms, on-site restaurant, and bar.",,,
paris,5,120,264550,Hotel Paris Louis Blanc,https://dynamic-media-cdn.tripadvisor.com/media/photo-o/22/02/09/c4/hotel-paris-louis-blanc.jpg,https://www.tripadvisor.co.uk/Hotel_Review-g187147-d264550-Reviews-Hotel_Paris_Louis_Blanc-Paris_Ile_de_France.html,4.1,1663.0,"#303 of 1,885 hotels in Paris",313.0,2446.0,"232 Rue du Faubourg Saint-Martin, 75010 Paris France",+33 1 40 34 38 38,48.88109,2.365392,Paris,$98,$98,108.0,278.0,Hotel,,Restaurant|Air conditioning|Pets Allowed|Free Wifi,,是,2026 Travelers' Choice,"Well-kept hotel with daily room cleaning, charming common areas, and outdoor breakfast space. Convenient location near Gare du Nord, metro stations, vibrant dining options, shops, and the canal.",,,"Looking for a place to stay in Paris? Then look no further than Hotel Paris Louis Blanc, a quiet hotel that brings the best of Paris to your doorstep.
The rooms offer a flat screen TV, air conditioning, and a desk, and getting online is possible, as free wifi is available, allowing you to rest and refresh with ease.
Hotel Paris Louis Blanc features 24 hour front desk, outdoor furniture, and baggage storage. In addition, as a valued Hotel Paris Louis Blanc guest, you can enjoy breakfast buffet that is available on-site. Guests arriving by vehicle have access to parking.
Close to some of Paris' most popular landmarks, such as Montmartre (1.3 mi) and Le Marais (1.6 mi), Hotel Paris Louis Blanc is a great destination for tourists.
If you like steakhouses, Hotel Paris Louis Blanc is conveniently located near La Poule au Pot, Sacrée fleur, and Chez Robert et Louise.
Looking to explore? Then look no further than Basilique du Sacre-Coeur de Montmartre (1.1 mi), Canal Saint-Martin (0.7 mi), and Parc des Buttes Chaumont (0.8 mi), which are some popular Paris attractions – all conveniently located within walking distance of the hotel.
We’re sure you’ll enjoy your stay at Hotel Paris Louis Blanc as you experience everything Paris has to offer."
paris,68,2010,229535,Hotel Elysees Union,https://dynamic-media-cdn.tripadvisor.com/media/photo-o/1c/dc/32/71/hotel-elysees-union.jpg,https://www.tripadvisor.co.uk/Hotel_Review-g187147-d229535-Reviews-Hotel_Elysees_Union-Paris_Ile_de_France.html,4.1,1593.0,"#646 of 1,885 hotels in Paris",672.0,2446.0,"44, Rue de l'Amiral Hamelin, 75016 Paris France",+33 1 44 34 14 00,48.868343,2.291845,Paris,,,178.0,628.0,Hotel,,Bar/Lounge|Air conditioning|Airport transportation|Pets Allowed,,否,,"Cozy hotel in the 16th arrondissement near the Eiffel Tower and Arc de Triomphe. Offers rooms with Eiffel Tower views, some with balconies. Walking distance to metro, restaurants, and major attractions.",,,"Located on a quiet street just off Avenue Kleber, this elegant hotel offers you a peaceful and refined environment within walking distance of the world famous Champs-Elysées, high-end Avenue Montaigne or the Trocadero. The Arc de Triomphe stands proud at the top end of the Champ-Elysées and offers an amazing perspective on the modern Defense business district to the west and the Place de la Concorde to the east. Located about 10 minutes walk from our hotel, this elegant monument is a great place to start your visit of the Champs-Elysées. The most beautiful avenue in the world is home to high-end brands, award winning restaurants and prestigious entertainment venues such as the Lido or Queen."
paris,1,0,207683,Holiday Inn Paris - Gare de Lyon Bastille by IHG,https://dynamic-media-cdn.tripadvisor.com/media/photo-o/30/2d/52/a3/best-hotel-to-stay-only.jpg,https://www.tripadvisor.co.uk/Hotel_Review-g187147-d207683-Reviews-Holiday_Inn_Paris_Gare_de_Lyon_Bastille_by_IHG-Paris_Ile_de_France.html,4.1,1517.0,"#614 of 1,885 hotels in Paris",640.0,2446.0,"11 Rue De Lyon, 75012 Paris France",+33 1 53 02 20 00,48.846905,2.371683,Paris,$133,$133,150.0,438.0,Hotel,,Restaurant|Bar/Lounge|Air conditioning|Pets Allowed,Sponsored,是,2026 Travelers' Choice,"Modern hotel with comfortable rooms and small balconies located near Gare de Lyon. Convenient access to public transport, dining, and shopping options. Notable breakfast and helpful staff.",,,"Press on this following link to discover our hotel video de l'Holiday Inn Paris Bastille. The Holiday Inn Paris Bastille hotel is ideally located in the historical heart of Paris with its famous Place de la Bastille and only a 5 minute walk from the Gare de Lyon train station with its direct access to Disneyland Resort Paris and convenient metro access to Paris Expo Porte of Versailles Exhibition Center. Only walking distances away and easy metro accesses ( metro Bastille ) from the most famous Paris leisure attractions like the Louvre Museum, Notre Dame of Paris, and George Pompidou Center. Stroll along the Seine, or go for a nice shopping spree and enjoy the exclusive Shopping District Rivoli where you can enjoy the latest Paris fashion and visit various well known Department Stores.Only a short distance away from Orly and Charles de Gaulle airports, the Stade de France, and La Defense business district, this 3 star hotel is the place to be for both leisure as well as business travellers."
paris,6,150,940178,Holiday Inn Express Paris - Canal De La Villette By IHG,https://dynamic-media-cdn.tripadvisor.com/media/photo-o/31/9b/af/b3/hotel-exterior.jpg,https://www.tripadvisor.co.uk/Hotel_Review-g187147-d940178-Reviews-Holiday_Inn_Express_Paris_Canal_De_La_Villette_By_IHG-Paris_Ile_de_France.html,4.1,1515.0,"#706 of 1,885 hotels in Paris",733.0,2446.0,"68 Quai de la Seine, 75019 Paris France",+33 1 44 65 01 01,48.888233,2.378554,Paris,$121,$121,131.0,303.0,Hotel,,Bar/Lounge|Air conditioning|Pets Allowed|Family Friendly,Breakfast included,是,2026 Travelers' Choice,"Modern hotel in a vibrant area near metro stations and dining options, including an Indian restaurant. Features clean rooms, stunning canal views, large balconies, and helpful staff. Above average value.",,,
paris,21,600,222897,Hotel Abbatial Saint Germain,https://dynamic-media-cdn.tripadvisor.com/media/photo-o/30/61/ee/6b/exterior-view.jpg,https://www.tripadvisor.co.uk/Hotel_Review-g187147-d222897-Reviews-Hotel_Abbatial_Saint_Germain-Paris_Ile_de_France.html,4.1,1342.0,"#666 of 1,885 hotels in Paris",692.0,2446.0,"46 Boulevard, 75005 Paris France",+33 1 46 34 02 12,48.849632,2.350599,Paris,,,173.0,429.0,Hotel,,Air conditioning|Free Wifi,,否,,"Charming hotel in the Latin Quarter with balconies, air-conditioning, and beautiful views. Conveniently located near major attractions, restaurants, public transit, and a grocery store.",,,
paris,65,1920,197985,Pullman Paris Tour Eiffel,https://dynamic-media-cdn.tripadvisor.com/media/photo-o/14/bd/64/1f/pullman-paris-tour-eiffel.jpg,https://www.tripadvisor.co.uk/Hotel_Review-g187147-d197985-Reviews-Pullman_Paris_Tour_Eiffel-Paris_Ile_de_France.html,4.0,4263.0,"#859 of 1,885 hotels in Paris",892.0,2446.0,"18 Avenue de Suffren 22 Rue Jean Rey Entrée Au, 75015 Paris France",+33 1 44 38 56 00,48.855743,2.292935,Paris,,,382.0,698.0,Hotel,,Restaurant|Bar/Lounge|Fitness centre|Air conditioning,,否,,"Modern 4-star hotel near the Eiffel Tower with stunning balcony and rooftop views. Features a breakfast buffet, restaurant, and room service. Business-modern design, excellent staff, and nearby dining options.",,,
paris,40,1170,197486,Novotel Paris Gare de Lyon,https://dynamic-media-cdn.tripadvisor.com/media/photo-o/06/12/37/23/novotel-paris-gare-de.jpg,https://www.tripadvisor.co.uk/Hotel_Review-g187147-d197486-Reviews-Novotel_Paris_Gare_de_Lyon-Paris_Ile_de_France.html,4.0,3913.0,"#826 of 1,885 hotels in Paris",858.0,2446.0,"2 Rue Hector Malot, 75012 Paris France",+33 1 44 67 60 00,48.845394,2.375591,Paris,,,208.0,457.0,Hotel,,Pool|Restaurant|Bar/Lounge|Fitness centre,,否,,"Modern hotel near Gare de Lyon with renovated rooms, complimentary minibar, indoor pool, and gym. Convenient location near metro stations, restaurants, and shops. Executive rooms include added amenities.",,,"Need a place to stay in the heart of Paris and right by Gare de Lyon train station ? The NGDL teams welcome you! Relax in our swimming pool and its urban jungle atmosphere in the heart of Paris, and enjoy a pure moment of indulgence in our brand new restaurant! Novotel Paris Gare de Lyon is ideally situated by Gare de Lyon. For family weekends or business trips, you'll enjoy a great stay in Paris! Discover our new living spaces combining relaxation and conviviality, and let our baristas help you choose cocktails and mezzes to share. Need an office for a few hours? Take a seat in our new co-working space, and share a moment of conviviality. Need to get together? Meet in one of our 6 meeting rooms with daylight! Thanks to our ideal location near Gare de Lyon, you can visit the monuments of Paris by metro/bus. Shopping or leisure, 15 minutes The Louvre, the Opéra and the department stores are 15 minutes by metro. This 4-star midscale hotel offers an indoor swimming pool and fitness room. A paying car park is also available. For a stay in the heart of the capital, choose the Novotel Paris Gare de Lyon hotel! Whether visiting with family or friends, enjoy a day of discovery at Vincennes Zoo or Disneyland® Paris (direct access via public transport), or a concert at Bercy Arena."
paris,56,1650,197567,Mercure Paris Montmartre Sacre Coeur,https://dynamic-media-cdn.tripadvisor.com/media/photo-o/13/ea/90/fe/mercure-paris-montmartre.jpg,https://www.tripadvisor.co.uk/Hotel_Review-g187147-d197567-Reviews-Mercure_Paris_Montmartre_Sacre_Coeur-Paris_Ile_de_France.html,4.0,3497.0,"#970 of 1,885 hotels in Paris",1014.0,2446.0,"3 rue Caulaincourt, 75018 Paris France",+33 1 44 69 70 70,48.885338,2.330244,Paris,,,155.0,370.0,Hotel,,Bar/Lounge|Air conditioning|Pets Allowed|Family Friendly,,否,,"Charming Montmartre hotel near Sacré Coeur, Moulin Rouge, and dining options. Some rooms offer Eiffel Tower views. Friendly reception, convenient location for exploring Parisian landmarks and culture.",,,"Located at the foot of Sacré Coeur, close to the Moulin Rouge and the Haussmann-Opéra district's stores, the Mercure Paris Montmartre Sacré Coeur hotel offers spacious and modern rooms. Perfect for business travel or romantic weekends in Paris, the hotel is within easy reach of the Gare du Nord station, St Lazare train station, the metro and the main tourist attractions such as the Eiffel Tower, Champs Elysées, the La Défense business district, Carrefour Pleyel and the Stade de France"
paris,12,330,197578,Paris Marriott Opera Ambassador Hotel,https://dynamic-media-cdn.tripadvisor.com/media/photo-o/25/6d/2b/57/paris-marriott-opera.jpg,https://www.tripadvisor.co.uk/Hotel_Review-g187147-d197578-Reviews-Paris_Marriott_Opera_Ambassador_Hotel-Paris_Ile_de_France.html,4.0,2573.0,"#210 of 1,885 hotels in Paris",216.0,2446.0,"16 Boulevard Haussmann, 75009 Paris France",+33 1 44 83 40 40,48.87261,2.336603,Paris,$354,$354,344.0,818.0,Hotel,,Restaurant|Bar/Lounge|Fitness centre|Air conditioning,,是,2026 Travelers' Choice,"Elegant Parisian-style hotel with spacious, modern rooms and stunning Eiffel Tower views. Exceptional Executive Lounge with premium food and attentive service. Prime location on Boulevard Haussmann near shops, dining, and landmarks. Helpful concierge and great sightseeing tips.",,,"Discover Paris and luxury like never before at Paris Marriott Opera Ambassador Hotel. Our perfectly located hotel in Paris, France sits nestled in the heart of the Opera District, the Galeries Lafayette and Palais Garnier are just steps away. Enjoy 4-star accommodations and amenities here, along with elegant French cuisine at Brasserie Sixtine and a state-of-the-art fitness center all within our doors."
paris,1,0,233767,Campanile Prime Paris 19 - La Villette,https://dynamic-media-cdn.tripadvisor.com/media/photo-o/30/83/97/a7/campanile-prime-paris.jpg,https://www.tripadvisor.co.uk/Hotel_Review-g187147-d233767-Reviews-Campanile_Prime_Paris_19_La_Villette-Paris_Ile_de_France.html,4.0,2140.0,"#396 of 1,885 hotels in Paris",410.0,2446.0,"147-151 Avenue de Flandre, 75019 Paris France",+33144724644,48.893482,2.379969,Paris,$80,$80,92.0,234.0,Hotel,,Restaurant|Bar/Lounge|Air conditioning|Pets Allowed,Breakfast included,是,2026 Travelers' Choice,"Cozy hotel with modern amenities near metro stations, shops, and restaurants. Convenient access to Paris attractions like the Eiffel Tower. Clean rooms, attentive staff, and good food for a comfortable stay.",,,
paris,33,960,587294,The Westin Paris - Vendôme,https://dynamic-media-cdn.tripadvisor.com/media/photo-o/0d/54/6d/53/the-westin-paris-vendome.jpg,https://www.tripadvisor.co.uk/Hotel_Review-g187147-d587294-Reviews-The_Westin_Paris_Vendome-Paris_Ile_de_France.html,3.9,4670.0,"#1,072 of 1,885 hotels in Paris",1126.0,2446.0,"3 Rue De Castiglione, 75001 Paris France",+33 1 44 77 11 11,48.865612,2.32785,Paris,,,,,Hotel,,Restaurant|Bar/Lounge|Fitness centre|Air conditioning,Breakfast included,否,,"Centrally located near Place Vendome, the Louvre, and Tuileries Garden with stunning views of Paris landmarks. Features historic charm, spacious rooms, a popular bar, and friendly front desk staff.",,,"Discover Paris in style at The Westin Paris - Vendôme, ideally located in the heart of the city and just steps away from iconic attractions like the Louvre, Tuileries Garden, and Place Vendôme. Our iconic 4-star hotel is the perfect base for your City of Lights adventure. Relax in our beautifully designed rooms and suites, complete with stunning views of Paris' famous landmarks right from your window. Make the most of your summer by indulging in our outdoor patio, situated in our historical courtyard. This is the perfect opportunity to unwind in style and soak up the Parisian atmosphere. Looking for the perfect venue for your special event? Our spectacular ballrooms and venues are ideal for unforgettable wedding celebrations, corporate events, and fashion galas. Our expert team will provide excellent service and custom catering to ensure that your event is a resounding success. Don't miss out on the opportunity to experience the magic of Paris from the unparalleled setting of The Westin Paris - Vendôme."
paris,30,870,229597,Hotel Paris Opera Affiliated by Melia,https://dynamic-media-cdn.tripadvisor.com/media/photo-o/21/d5/f8/35/hotel-paris-opera-affiliated.jpg,https://www.tripadvisor.co.uk/Hotel_Review-g187147-d229597-Reviews-Hotel_Paris_Opera_Affiliated_by_Melia-Paris_Ile_de_France.html,3.9,1941.0,"#502 of 1,885 hotels in Paris",518.0,2446.0,"3 Boulevard Montmartre, 75002 Paris France",+33 1 42 33 51 53,48.87139,2.342661,Paris,,,194.0,508.0,Hotel,,Free Wifi,,否,,"Centrally located hotel on Bd Montmartre near dining, bars, shops, and attractions. Spacious family rooms with privacy doors, helpful staff, and easy metro access. Ideal for city breaks and families.",,,"Hotel Paris Opera Affiliated by Melia is an excellent choice for travelers visiting Paris, offering a family-friendly environment alongside many helpful amenities designed to enhance your stay. For those interested in checking out popular landmarks while visiting Paris, Hotel Paris Opera Affiliated by Melia is located a short distance from Cathédrale Notre-Dame de Paris (1.3 mi) and Champs-Elysees (1.6 mi). The rooms offer a flat screen TV, a minibar, and air conditioning, and getting online is possible, as free wifi is available, allowing you to rest and refresh with ease. Hotel Paris Opera Affiliated by Melia features a 24 hour front desk, a concierge, and room service. In addition, as a valued Hotel Paris Opera Affiliated by Melia guest, you can enjoy a lounge that is available on-site. While in Paris, you may want to check out some of the restaurants that are a short walk away from Hotel Paris Opera Affiliated by Melia, including Le Bouillon Chartier (0.0 mi), Pink Mamma (0.8 mi), and L'As du Fallafel (1.2 mi). If you are interested in exploring Paris, check out one of the history museums, such as Musee de Montmartre, Memorial de la Shoah, and Musée d'Art et d'Histoire du Judaïsme. Enjoy your stay in Paris!"
paris,45,1320,269058,Hôtel Mercure Paris Centre Gare Montparnasse,https://dynamic-media-cdn.tripadvisor.com/media/photo-o/0e/8b/20/28/chambre-double-mansardee.jpg,https://www.tripadvisor.co.uk/Hotel_Review-g187147-d269058-Reviews-Hotel_Mercure_Paris_Centre_Gare_Montparnasse-Paris_Ile_de_France.html,3.9,1929.0,"#947 of 1,885 hotels in Paris",987.0,2446.0,"20 Rue de la Gaité, 75014 Paris France",+33 1 87 21 29 54,48.83996,2.323721,Paris,,,186.0,385.0,Hotel,,Restaurant|Bar/Lounge|Air conditioning|Pets Allowed,Breakfast included,否,,"Centrally located in Montparnasse near metro stations, dining, and landmarks. Features an open-plan bar, garden views, and proximity to Gare Montparnasse, Luxembourg Gardens, and the Eiffel Tower.",,,
paris,24,690,228737,Hôtel Trianon Rive Gauche,https://dynamic-media-cdn.tripadvisor.com/media/photo-o/1c/b1/b8/43/some-superior-rooms-have.jpg,https://www.tripadvisor.co.uk/Hotel_Review-g187147-d228737-Reviews-Hotel_Trianon_Rive_Gauche-Paris_Ile_de_France.html,3.9,1764.0,"#780 of 1,885 hotels in Paris",811.0,2446.0,"1B Rue de Vaugirard, 75006 Paris France",+33 1 43 29 88 10,48.848766,2.340972,Paris,,,188.0,954.0,Hotel,,Air conditioning|Free Wifi,,否,,"Elegant Parisian hotel near Luxembourg Gardens and the Latin Quarter. Convenient access to metro, Notre Dame, and dining options. Peaceful retreat with proximity to attractions and public transit.",,,"The Trianon Rive Gauche is a charming hotel decorated in a traditional style with antique furniture, centrally located in Paris Saint Germain des Pres. Just minutes away from the Luxembourg Gardens, the Odeon Theater, the Musee d'Orsay and the Louvre, the hotel enjoys a prestigious location in the heart of the Latin Quarter, an area renowned for its enchanting historical streets and lively restaurants and bars. Our attentive, multilingual staff will be delighted to welcome you in one of our 110 comfortable rooms, fully equipped. You'll also enjoy a generous buffet breakfast in our cosy lounge. Direct access to Charles de Gaulle airport as well as most train stations."
paris,30,870,264890,Hotel Aida Marais,https://dynamic-media-cdn.tripadvisor.com/media/photo-o/2c/fb/60/29/caption.jpg,https://www.tripadvisor.co.uk/Hotel_Review-g187147-d264890-Reviews-Hotel_Aida_Marais-Paris_Ile_de_France.html,3.9,1563.0,"#825 of 1,885 hotels in Paris",857.0,2446.0,"19 rue du Chateau D Eau, 75010 Paris France",+33 1 42 01 84 20,48.870075,2.360248,Paris,,,135.0,420.0,Hotel,,Air conditioning|Family Friendly|Free Wifi,,否,,"Budget-friendly hotel near metro stations and Gare du Nord. Convenient for exploring Paris, with comfortable rooms, sound insulation, and helpful staff. Surrounded by unique shops and restaurants.",,,"The Hotel Aida Marais is located just two steps from Place de la Republique, with plenty of shopping and entertainment possibilities, and direct access to Thalys and Eurostar. This location is suitable for both leisure and business trips. Its 51 rooms offer you a perfect place to discover Paris, Le Marais, Place des Vosges and the Canal Saint Martin.Our hotel has been recently renovated: all rooms with wooden floors, flat screen satellite TV, wifi access and air conditionned."
paris,97,2880,197571,Ibis Paris Montmartre Sacré-Coeur,https://dynamic-media-cdn.tripadvisor.com/media/photo-o/04/0e/b0/b2/ibis-paris-montmartre.jpg,https://www.tripadvisor.co.uk/Hotel_Review-g187147-d197571-Reviews-Ibis_Paris_Montmartre_Sacre_Coeur-Paris_Ile_de_France.html,3.8,4395.0,"#1,161 of 1,885 hotels in Paris",1224.0,2446.0,"5 Rue Caulaincourt, 75018 Paris France",+33 1 55 30 18 18,48.88548,2.330233,Paris,,,202.0,403.0,Hotel,,Bar/Lounge|Air conditioning|Free Wifi,,否,,"Conveniently located near the Sacre Coeur, Moulin Rouge, and metro, this budget-friendly hotel offers clean, comfortable rooms, friendly staff, and easy access to restaurants, bars, and key Paris attractions.",,,"The ibis Paris Montmartre hotel is located in the heart of Paris, at the foot of the Sacré Coeur and 219 yards (200 m) from the Moulin Rouge. A 10-minute direct metro ride will take you from the hotel to the Champs-Elysées, the Gare du Nord/Est/Saint Lazare train stations and the main department stores. The Eiffel Tower and the Stade de France are a 15-minute metro ride away. The hotel offers 326 air-conditioned rooms with free WIFI, a bar lounge, 24-hour snack service and public car park (paying)."
paris,27,780,197438,Les Jardins Du Marais,https://dynamic-media-cdn.tripadvisor.com/media/photo-o/19/5f/e7/aa/hotel-les-jardins-du.jpg,https://www.tripadvisor.co.uk/Hotel_Review-g187147-d197438-Reviews-Les_Jardins_Du_Marais-Paris_Ile_de_France.html,3.8,3371.0,"#1,097 of 1,885 hotels in Paris",1154.0,2446.0,"74 Rue Amelot, 75011 Paris France",+33 1 40 21 20 00,48.86053,2.368055,Paris,$181,$181,170.0,523.0,Hotel,,Restaurant|Bar/Lounge|Fitness centre|Air conditioning,Sponsored,否,,"Elegant hotel in the Marais with a serene courtyard, spacious rooms, and views of the surrounding area. Conveniently located near metro stations, shops, cafes, and restaurants, ideal for exploring Paris.",,,"Located in the heart of Le Marais, historical and trendy district, near Place des Vosges and Bastille Opera, Les Jardins du Marais present 263 elegant rooms and suites and a beautiful private garden terrace. A real oasis of charm and tranquility in the heart of Paris. The restaurant and its beautiful terrace offer a French inspired contemporary cuisine. With its 10800 sqft of conference facilities, the hotel, with its five modular room located around the private gardens and a glass canopy, can accommodate up to 450 people."
paris,34,990,258369,Pavillon Opera Grands Boulevards,https://dynamic-media-cdn.tripadvisor.com/media/photo-o/2c/28/29/7b/exterior.jpg,https://www.tripadvisor.co.uk/Hotel_Review-g187147-d258369-Reviews-Pavillon_Opera_Grands_Boulevards-Paris_Ile_de_France.html,3.8,1201.0,"#821 of 1,885 hotels in Paris",852.0,2446.0,"15 Rue Geoffroy Marie, 75009 Paris France",+33 1 53 34 12 12,48.87393,2.344576,Paris,,,106.0,361.0,Hotel,,Bar/Lounge|Airport transportation|Pets Allowed|Free Wifi,,否,,"Budget-friendly boutique hotel near central Paris with metro access and walkable to Gare du Nord. Unique layout, triple rooms for families, and close to attractions, dining, and shopping passages.",The area was perfect for sightseeing which is what we were there for. We walked everywhere (our choice) and the Eiffel Tower was a 45 minute walk which was fine. Good Metro service which we only used once. The room...,Amanda J,"Finding an ideal charming hotel in Paris does not have to be difficult. Welcome to Pavillon Opera Grands Boulevards, a nice option for travellers like you.
Given the close proximity of popular landmarks, such as Cathédrale Notre-Dame de Paris (1.5 mi) and Champs-Elysees (1.7 mi), guests of Pavillon Opera Grands Boulevards can easily experience some of Paris' most well known attractions.
As your “home away from home,” the hotel rooms offer a flat screen TV, a minibar, and a desk, and getting online is easy, with free wifi available.
Guests have access to 24 hour front desk, a concierge, and baggage storage while staying at Pavillon Opera Grands Boulevards. In addition, Pavillon Opera Grands Boulevards offers breakfast buffet, which will help make your Paris trip additionally gratifying. And, as an added convenience, there is parking available to guests.
If you’re looking for a cafe, consider a visit to The Hardware Societe, Holybelly5, or Cafe Les Deux Magots, which are all conveniently located a short distance from Pavillon Opera Grands Boulevards Hotel.
During your visit, be sure to check out popular attractions like Louvre Museum (1.0 mi), Musée d'Orsay (1.2 mi), and Montmartre (0.9 mi), which are all within walking distance of the hotel.
Pavillon Opera Grands Boulevards looks forward to welcoming you on your visit to Paris."
paris,41,1200,2187907,Ibis Styles Paris Cadet Lafayette,https://dynamic-media-cdn.tripadvisor.com/media/photo-o/31/29/b2/d2/exterior.jpg,https://www.tripadvisor.co.uk/Hotel_Review-g187147-d2187907-Reviews-Ibis_Styles_Paris_Cadet_Lafayette-Paris_Ile_de_France.html,3.8,1151.0,"#921 of 1,885 hotels in Paris",961.0,2446.0,"11 Bis Rue Pierre Semard, 75009 Paris France",+33 1 48 78 28 94,48.87829,2.347637,Paris,,,147.0,326.0,Hotel,,Bar/Lounge|Air conditioning|Free Wifi,,否,,"Conveniently located near metro stations, train terminals, and restaurants. Features clean, comfortable rooms, friendly staff, complimentary snacks, a coffee machine, and a fresh breakfast with variety.",,,"Ibis Styles Paris Cadet Lafayette is an excellent choice for travellers visiting Paris, offering a quiet environment alongside many helpful amenities designed to enhance your stay.
Close to some of Paris' most popular landmarks, such as Louvre Museum (1.3 mi) and Le Marais (1.4 mi), Ibis Styles Paris Cadet Lafayette is a great destination for tourists.
Ibis Styles Paris Cadet Lafayette offers guests an array of room amenities including a flat screen TV and air conditioning, and getting online is possible, as free wifi is available.
The hotel offers 24 hour front desk and baggage storage, to make your visit even more pleasant. The property also features a lounge.
While in Paris be sure to experience local crab favourites at L'Avenue, Les Ombres, or L'Avant Comptoir.
Should time allow, Montmartre, Basilique du Sacre-Coeur de Montmartre, and Palais Garnier - Opéra National de Paris are some popular attractions that are within walking distance.
Enjoy your stay in Paris!"
paris,57,1680,274979,55 Montparnasse,https://dynamic-media-cdn.tripadvisor.com/media/photo-o/2f/db/57/6f/caption.jpg,https://www.tripadvisor.co.uk/Hotel_Review-g187147-d274979-Reviews-55_Montparnasse-Paris_Ile_de_France.html,3.8,876.0,"#974 of 1,885 hotels in Paris",1018.0,2446.0,"55 rue de Plaisance, 75014 Paris France",+33 1 45 42 81 43,48.8336,2.317765,Paris,,,88.0,297.0,Hotel,,Air conditioning|Family Friendly|Free Wifi,,否,,"Charming hotel in a lively neighborhood near metro and train stations, surrounded by restaurants, cafes, and shops. Clean, boutique-style rooms with helpful staff offering local recommendations.",,,"Finding an ideal hotel in Paris does not have to be difficult. Welcome to Le 55 Montparnasse Hotel, a nice option for travelers like you. Located in South West part of Paris and right in front of the metro station Pernety (line 13), visitors can check out Latin Quarter (1.7 mi) and Cathédrale Notre-Dame de Paris (2.0 mi), some of Paris' top attractions. Le 55 Montparnasse Hotel offers guests an array of room amenities including a flat screen TV, air conditioning, and a desk, and getting online is possible, as free wifi is available. The hotel offers a 24 hour front desk, to make your visit more confortable. The property also features breakfast buffet (11€ per guests). Guests arriving by vehicle have access to parking (20€ per day). If you like steakhouses, Le 55 Montparnasse Hotel is conveniently located near Le Relais de l'Entrecote, Il Etait Un Square, and La Poule au Pot. If you’re looking for things to do, you can check out The Catacombs of Paris (0.7 mi), Observatoire Panoramique de la Tour Montparnasse (0.6 mi), or Montparnasse (0.6 mi), which are popular attractions amongst tourists, and they are all within walking distance. Le 55 Montparnasse Hotel looks forward to welcoming you on your visit to Paris."
paris,62,1830,197658,Novotel Paris Vaugirard Montparnasse,https://dynamic-media-cdn.tripadvisor.com/media/photo-o/1e/6f/8f/d9/lobby.jpg,https://www.tripadvisor.co.uk/Hotel_Review-g187147-d197658-Reviews-Novotel_Paris_Vaugirard_Montparnasse-Paris_Ile_de_France.html,3.7,2495.0,"#1,026 of 1,885 hotels in Paris",1075.0,2446.0,"257 rue de Vaugirard, 75015 Paris France",+33 1 40 45 10 00,48.839993,2.303121,Paris,,,189.0,491.0,Hotel,,Restaurant|Bar/Lounge|Air conditioning|Pets Allowed,,否,,"Conveniently located near a metro station and main attractions, this hotel features a rooftop bar with stunning Eiffel Tower views, spacious rooms, excellent service, nearby dining, and amenities.",,,"The Novotel Paris Vaugirard Montparnasse hotel is located in the center of Paris near the Montparnasse train station, between the Eiffel Tower and the Porte de Versailles. The Novotel Paris Vaugirard Montparnasse is easily accessible by metro and has 187 air-conditioned rooms."
paris,30,870,263657,Hotel André Latin,https://dynamic-media-cdn.tripadvisor.com/media/photo-o/34/1e/d8/2d/exterior.jpg,https://www.tripadvisor.co.uk/Hotel_Review-g187147-d263657-Reviews-Hotel_Andre_Latin-Paris_Ile_de_France.html,3.7,854.0,"#850 of 1,885 hotels in Paris",883.0,2446.0,"50 Rue Gay-Lussac, 75005 Paris France",+33 1 43 54 76 60,48.842873,2.342608,Paris,,,134.0,334.0,Hotel,,Air conditioning|Pets Allowed|Free Wifi,,否,,"Charming hotel in the Latin Quarter near the RER B line, Notre Dame, the Pantheon, and Luxembourg Gardens. Surrounded by cafes and restaurants. Convenient for exploring Paris with reasonable prices.",,,"Dandy spirit in the heart of Paris§ Between the Jardin du Luxembourg and the Place du Panthéon, the Hôtel André Latin cultivates a chic and relaxed atmosphere, faithful to the dandy spirit that inspires it. Nestled in the heart of the 5th arrondissement, between cobbled streets, literary cafés and prestigious schools, the hotel immerses you in a Parisian atmosphere that is both timeless and full of life. The André Latin reveals a décor designed to be an elegant interlude: clean lines, noble materials, retro touches and meticulous details. A modern tribute to ‘André’, the owners' grandfather and a 19th-century dandy, symbolising a French art de vivre where style and lightness meet. Our 69 rooms combine contemporary comfort with old-world charm, perfect for recharging your batteries after a day in the capital. Whether you are travelling alone, as a couple or with a group, our rooms can accommodate up to four people and offer an intimate, warm and elegant atmosphere."
paris,51,1500,197996,Hôtel Derby Eiffel,https://dynamic-media-cdn.tripadvisor.com/media/photo-o/2c/31/2b/5f/renovated-in-2024.jpg,https://www.tripadvisor.co.uk/Hotel_Review-g187147-d197996-Reviews-Hotel_Derby_Eiffel-Paris_Ile_de_France.html,3.7,713.0,"#1,002 of 1,885 hotels in Paris",1047.0,2446.0,"5 Avenue Duquesne, 75007 Paris France",+33 1 47 05 12 05,48.85368,2.307489,Paris,,,170.0,457.0,Hotel,,Bar/Lounge|Air conditioning,,否,,"Paris hotel near the Eiffel Tower and metro stations. Cozy rooms with comfortable beds and modern bathrooms. Surrounded by shops, restaurants, and grocery options. Some rooms offer Eiffel Tower views.",,,"Pleasant Hotel occupying a small, traditional building dating from the turn of the century."
paris,25,720,229626,Timhotel Palais Royal,https://dynamic-media-cdn.tripadvisor.com/media/photo-o/04/92/5e/d9/timhotel-palais-royal.jpg,https://www.tripadvisor.co.uk/Hotel_Review-g187147-d229626-Reviews-Timhotel_Palais_Royal-Paris_Ile_de_France.html,3.7,640.0,"#855 of 1,885 hotels in Paris",888.0,2446.0,"3 rue de la Banque, 75002 Paris France",+33 1 42 61 53 90,48.86638,2.340161,Paris,,,146.0,366.0,Hotel,,Air conditioning|Free Wifi,,否,,"Conveniently located near attractions, restaurants, and shops, this hotel offers clean rooms, air conditioning, an elevator, and balcony views. Ideal for solo trips or short stays with nearby transit access.",,,"Small, charming hotel with traditional design located in the center of the shopping district; walking distance to the Louvre."
paris,55,1620,559692,Eiffel Villa Garibaldi,https://dynamic-media-cdn.tripadvisor.com/media/photo-o/2c/20/32/dd/exterior.jpg,https://www.tripadvisor.co.uk/Hotel_Review-g187147-d559692-Reviews-Eiffel_Villa_Garibaldi-Paris_Ile_de_France.html,3.7,528.0,"#913 of 1,885 hotels in Paris",953.0,2446.0,"48 boulevard Garibaldi, 75015 Paris France",+33 1 56 58 56 58,48.84645,2.306048,Paris,,,107.0,339.0,Hotel,,Bar/Lounge|Free Wifi,,否,,"Conveniently located near the Eiffel Tower and metro stations. Offers a genuine Parisian experience with nearby markets and brasseries. Clean, comfortable rooms, friendly staff, and personalized recommendations.",,,"See why so many travellers make Eiffel Villa Garibaldi their hotel of choice when visiting Paris. Providing an ideal mix of value, comfort and convenience, it offers an array of amenities designed for travellers like you.
Eiffel Villa Garibaldi Hotel is a hotel offering a flat screen TV in the rooms, and it is easy to stay connected during your stay as free wifi is offered to guests.
Plus, guests can enjoy a lounge, which has made this a popular choice among travellers visiting Paris.
For those interested in checking out popular landmarks while visiting Paris, Eiffel Villa Garibaldi is located a short distance from The Catacombs of Paris (1.5 mi) and Champs-Elysees (1.6 mi).
While in Paris, you may want to check out some of the restaurants that are a short walk away from Eiffel Villa Garibaldi, including 58 Tour Eiffel (1.0 mi), Le Jules Verne (1.0 mi), and Le Relais de l'Entrecote (1.1 mi).
During your visit, be sure to check out popular attractions like Eiffel Tower (1.0 mi), Observatoire Panoramique de la Tour Montparnasse (0.8 mi), and Musée de l’Armée des Invalides (0.8 mi), which are all within walking distance of the hotel.
We’re sure you’ll enjoy your stay at Eiffel Villa Garibaldi as you experience all of the things Paris has to offer."
paris,72,2130,233528,Novotel Paris Centre Tour Eiffel,https://dynamic-media-cdn.tripadvisor.com/media/photo-o/16/f1/9a/0c/chambre-standard.jpg,https://www.tripadvisor.co.uk/Hotel_Review-g187147-d233528-Reviews-Novotel_Paris_Centre_Tour_Eiffel-Paris_Ile_de_France.html,3.6,6485.0,"#1,338 of 1,885 hotels in Paris",1431.0,2446.0,"61 Quai de Grenelle, 75015 Paris France",+33 1 40 58 20 00,48.849884,2.283243,Paris,,,212.0,508.0,Hotel,,Pool|Restaurant|Bar/Lounge|Fitness centre,,否,,"Conveniently located near the Eiffel Tower and metro stations, offering stunning views, family-friendly rooms, on-site dining, and a small shop. Close to shops, restaurants, and transportation options.",,,
paris,51,1500,197493,Ibis Styles Paris Bercy,https://dynamic-media-cdn.tripadvisor.com/media/photo-o/33/98/cb/7b/exterior.jpg,https://www.tripadvisor.co.uk/Hotel_Review-g187147-d197493-Reviews-Ibis_Styles_Paris_Bercy-Paris_Ile_de_France.html,3.6,3645.0,"#1,425 of 1,885 hotels in Paris",1536.0,2446.0,"77 rue de Bercy, 75012 Paris France",+33 1 53 46 50 50,48.838463,2.380986,Paris,,,114.0,303.0,Hotel,,Bar/Lounge|Air conditioning|Pets Allowed|Family Friendly,Breakfast included,否,,"Conveniently located near the metro and Accor Arena, ideal for event-goers and city exploration. Offers budget-friendly stays with nearby dining options and a well-received breakfast selection.",,,"A few steps away from the Bercy Arena, of the metro and the station of Bercy, this design  hotel is ideal both for your business travels and your stays in family or for two. The ibis styles Bercy has 361 soundproof and air-conditioned rooms.For your comfort and the good(property) to be, the ibis styles Bercy proposes you the breakfast and the free and unlimited WiFi, a lounge bar, a restaurant and a terrace in the peace in front of Park of Bercy.Endowed with 5 meeting rooms for the organization of your seminars and meetings.Most hotel: exceptional location in the heart of the lively district of Bercy.The ibis styles hotel is situated just a step from the Bercy arena, and faced park and at the station of Bercy. In two minutes of the subway, 5 ' of the animated(lively) district of Bercy village and in 8 ' of the station of Lyon."
paris,31,900,197446,Ibis Paris Bastille Opera 11th Hotel,https://dynamic-media-cdn.tripadvisor.com/media/photo-o/28/e9/43/41/caption.jpg,https://www.tripadvisor.co.uk/Hotel_Review-g187147-d197446-Reviews-Ibis_Paris_Bastille_Opera_11th_Hotel-Paris_Ile_de_France.html,3.6,3392.0,"#1,171 of 1,885 hotels in Paris",1235.0,2446.0,"15 Rue Breguet, 75011 Paris France",+33 1 49 29 20 20,48.857475,2.372853,Paris,,,130.0,331.0,Hotel,,Restaurant|Bar/Lounge|Air conditioning|Pets Allowed,,否,,"Conveniently located near Bastille with easy metro access, this clean, budget-friendly hotel offers comfortable rooms, a bar, and nearby dining options. Ideal for short stays and exploring Paris.",,,"The ibis Paris Bastille Opera hotel is located in the historic center of Paris, near the banks of the Seine. Notre Dame Cathedral, the Louvre museum, the Champs Elysees, department stores and the Gare de Lyon/Gare du Nord train stations can be reached bymetro and the hotel is near the Bercy and La Defense business districts. Our hotel offers 305 air-conditioned rooms with free Wi-Fi. Book safe! Our hotel has obtained ALLSAFE cleanliness and prevention label, verified by Bureau Veritas. This label ensures that our hygiene and prevention measures meet the highest standards."
paris,51,1500,483116,Hotel Mercure Paris Gare Montparnasse TGV,https://dynamic-media-cdn.tripadvisor.com/media/photo-o/26/c7/06/e9/mercure-paris-gare-montparnass.jpg,https://www.tripadvisor.co.uk/Hotel_Review-g187147-d483116-Reviews-Hotel_Mercure_Paris_Gare_Montparnasse_TGV-Paris_Ile_de_France.html,3.6,2768.0,"#1,422 of 1,885 hotels in Paris",1532.0,2446.0,"40 Rue Cdt René Mouchotte Place de Catalogne, 75014 Paris France",+33 1-56-54-84-00,48.83801,2.318538,Paris,,,164.0,388.0,Hotel,,Restaurant|Bar/Lounge|Air conditioning|Pets Allowed,,否,,"Conveniently located near Gare Montparnasse station, this hotel offers easy access to the Eiffel Tower, shopping, and cinemas. Features professional staff, comfortable rooms, and great city views.",,,
paris,38,1110,197647,Ibis Paris Gare de l'Est TGV Hotel,https://dynamic-media-cdn.tripadvisor.com/media/photo-o/09/81/b9/cf/ibis-paris-gare-de-l.jpg,https://www.tripadvisor.co.uk/Hotel_Review-g187147-d197647-Reviews-Ibis_Paris_Gare_de_l_Est_TGV_Hotel-Paris_Ile_de_France.html,3.6,1211.0,"#1,031 of 1,885 hotels in Paris",1080.0,2446.0,"6 rue Saint Laurent, 75010 Paris France",+33 1 40 38 05 05,48.875614,2.358543,Paris,$130,$130,130.0,300.0,Hotel,,Bar/Lounge|Air conditioning|Free Wifi,Sponsored,否,,"Centrally located Paris hotel near train stations, metro, and dining options. Quiet at night with warm showers, comfortable beds, spacious rooms, and good breakfast. Friendly staff and great for short stays.",,,"L'hôtel est situé face à la Gare de l'Est, à 5 mn de la Gare du Nord. Directement avec le RER rejoignez l'aéroport Charles de Gaulle en 30 mn, le parc des expositions de Villepinte ou le stade de France. Sa localisation permet un accès facile pour la Tour Eiffel, Montmartre, Grands Magasins, l'Opéra, le Louvre, les Champs Elysées. L'hôtel propose 68 chambres climatisées, équipées du Wifi Gratuit, ainsi qu'un bar et encas 24h/24, 3 salles de réunion (capacité 13 personnes chacune)."
paris,60,1770,197674,ibis Paris Tour Eiffel Cambronne 15ème,https://dynamic-media-cdn.tripadvisor.com/media/photo-o/1d/52/2f/e2/chambre-double-standard.jpg,https://www.tripadvisor.co.uk/Hotel_Review-g187147-d197674-Reviews-Ibis_Paris_Tour_Eiffel_Cambronne_15eme-Paris_Ile_de_France.html,3.5,6916.0,"#1,455 of 1,885 hotels in Paris",1583.0,2446.0,"2, Rue Cambronne 15th Arr., 75015 Paris France",+33 1 40 61 21 21,48.847054,2.30134,Paris,,,155.0,294.0,Hotel,,Restaurant|Bar/Lounge|Air conditioning|Free Wifi,,否,,"Conveniently located hotel near dining, shopping, and metro stations, with easy access to city sights and the Eiffel Tower. Features cozy rooms, quirky reception, and pleasant staff. Tower views available.",,,"Our Ibis Paris Eiffel Tower Cambronne 15th hotel is located in the center of Paris, near the Eiffel Tower. You can easily access the hotel by car (hotel parking lot) and by train. At the hotel, you will appreciate modern comfort. We propose a continental buffet breakfast. Our restaurant ""La Brasserie Centrale"" is a French bistro serving typical and generous dishes. From April to October, you can take advantage of our terrace for a drink or a meal. We hope to see you soon!"
paris,59,1740,300729,ibis Budget Paris La Villette 19Eme,https://dynamic-media-cdn.tripadvisor.com/media/photo-o/07/5d/9c/e5/ibis-budget-paris-la.jpg,https://www.tripadvisor.co.uk/Hotel_Review-g187147-d300729-Reviews-Ibis_Budget_Paris_La_Villette_19Eme-Paris_Ile_de_France.html,3.5,1790.0,"#1,300 of 1,885 hotels in Paris",1386.0,2446.0,"57-63 Avenue Jean Jaurès, 75019 Paris France",+33 892 68 08 91,48.884525,2.375976,Paris,,,87.0,229.0,Hotel,,Air conditioning|Pets Allowed|Family Friendly|Free Wifi,,否,,"Budget-friendly hotel near Adidas Arena with easy metro access, supermarket, and dining options. Basic breakfast available. Vibrant area with shops and cafes. Suitable for short stays and younger travelers.",,,"Welcome to the ibis budget Paris la Villette, our entire team is delighted to welcome you and is happy to assist you as much as possible to ensure you experience unforgettable moments in the capital. Patrice DELBOURG, Hotel Manager Close to the Est and Nord train stations, the ibis budget Paris La Villette hotel offers quick access to the capital's best tourist attractions. The Cité des Sciences and Zénith arena are a 10-minute walk away. Sacré-Coeur and the Champs-Elysées are 15 and 25 minutes away by metro. Rooms in this economy hotel have free WIFI and can accommodate up to three people. From here, you can stroll along the Villette canal basin or enjoy a walk in the Buttes Chaumont park. Paying undercover car park."
paris,74,2190,228818,Le Méridien Paris Arc De Triomphe,https://dynamic-media-cdn.tripadvisor.com/media/photo-o/34/2b/85/5b/exterior.jpg,https://www.tripadvisor.co.uk/Hotel_Review-g187147-d228818-Reviews-Le_Meridien_Paris_Arc_De_Triomphe-Paris_Ile_de_France.html,3.5,1622.0,"#1,371 of 1,885 hotels in Paris",1471.0,2446.0,"81 Boulevard Gouvion Saint-Cyr, 75017 Paris France",+33 1 40 68 34 34,48.879196,2.284536,Paris,,,183.0,841.0,Hotel,,Restaurant|Bar/Lounge|Fitness centre|Air conditioning,,否,,"Modern hotel in a residential area near the Arc de Triomphe and metro stations. Features a jazz club, large lobby, and dining options nearby. Popular for tourists, business travelers, and romantic stays.",,,"Le Méridien Paris Arc de Triomphe welcomes you to the City of Lights with effortless elegance and an exceptional service. Our hotel's location facilitates discovery of Paris's luminous attractions; in addition to being across from the Palais des Congrès, we're a short walk from the Champs Élysées and the Arc de Triomphe. Equally suitable for corporate travelers, leisure guests and families, we bear the proud distinction of being the flagship Le Méridien hotel in Paris, France, with captivating modern design and boutique amenities. Artfully appointed accommodation includes modern technology, luxurious bath products and the Le Méridien Signature Bed. Start your day with a meal at the light-filled Espace Latitude and return in the evening to savor dinner in our restaurant. . Host a memorable event in one of our flexible spaces, which can accommodate groups of any size."
paris,72,2130,233807,Novotel Suites Paris Montreuil Vincennes Hotel,https://dynamic-media-cdn.tripadvisor.com/media/photo-o/11/da/b0/a0/novotel-suites-paris.jpg,https://www.tripadvisor.co.uk/Hotel_Review-g187147-d233807-Reviews-Novotel_Suites_Paris_Montreuil_Vincennes_Hotel-Paris_Ile_de_France.html,3.5,1570.0,"#1,238 of 1,885 hotels in Paris",1311.0,2446.0,"22 Av. du Professeur André Lemierre, 75020 Paris France",+33 1 49 93 88 88,48.85604,2.415255,Paris,,,108.0,269.0,Hotel,,Bar/Lounge|Fitness centre|Pets Allowed|Family Friendly,,否,,"Conveniently located near the metro for exploring Paris. Spacious rooms with separate toilet, kitchenette, and microwave. Family suites available. Clean hotel with friendly staff and varied breakfast.","If able to, I’d probably rate it a 3 and a half. As others have commented, the hotel location isn’t the most aesthetically pleasing, the streets are dirty and some of the characters outside are less than desirable...",Alvin A,"The Novotel Suites Paris Montreuil Vincennes hotel is located in eastern Paris on the edge of the 20th arrondissement close to Montreuil and Vincennes. The hotel has 166 modular suites measuring 323 sq. ft. (30m²) with free high-speed WIFI. Our suites are ideal for families or business travelers. The hotel offers a multitude of services: fitness center, bar, Comptoir Gourmand available 24 hours a day, ironing room. Make the most of the green area on our terrace and private paying car park. Discover our fully renovated hotel. Make the most of a spacious 323 sq. ft. (30m²) Suite and appreciate the new ""Live N Dream"" bedding, Nespresso machine, bathroom fitted with a shower and tub, and Comptoir Gourmand available 24 hours a day."
paris,47,1380,197650,Ibis Paris Gare du Nord Chateau Landon 10th Hotel,https://dynamic-media-cdn.tripadvisor.com/media/photo-o/0c/11/90/30/entree-de-l-hotel.jpg,https://www.tripadvisor.co.uk/Hotel_Review-g187147-d197650-Reviews-Ibis_Paris_Gare_du_Nord_Chateau_Landon_10th_Hotel-Paris_Ile_de_France.html,3.5,1570.0,"#975 of 1,885 hotels in Paris",1019.0,2446.0,"197-199, rue LaFayette, 75010 Paris France",+33 1 44 65 70 00,48.880985,2.362667,Paris,,,110.0,314.0,Hotel,,Bar/Lounge|Air conditioning|Free Wifi,,否,,"Conveniently located near Gare du Nord and metro stations, this modern hotel offers clean, quiet rooms with comfortable beds and good showers. Ideal for budget travelers exploring Paris.",,,"The Ibis Paris North Station Château-Landon is located in northern Paris, 400 meters from the North and Gare de l'Est, and 2.5 km from the city of science or department stores the Opera district. RER B provides direct access to Charles de Gaulle airport and the Stade de France, but also in the center of Paris: Chatelet Les Halles, Saint-Michel, Notre Dame Direct access to Villepinte Exhibition Park by RER B . The hotel offers 165 rooms with Wi-Fi,a private garage, a bar and snacks 24h / 24h."
paris,71,2100,197664,Aparthotel Adagio Paris Centre Tour Eiffel,https://dynamic-media-cdn.tripadvisor.com/media/photo-o/28/98/7b/c6/aparthotel-adagio-paris.jpg,https://www.tripadvisor.co.uk/Hotel_Review-g187147-d197664-Reviews-Aparthotel_Adagio_Paris_Centre_Tour_Eiffel-Paris_Ile_de_France.html,3.4,3014.0,"#1,377 of 1,885 hotels in Paris",1477.0,2446.0,"14 Rue Du Théatre, 75015 Paris France",+33 1-45-71-88-88,48.84989,2.285344,Paris,,,176.0,421.0,Hotel,,Pool|Fitness centre|Air conditioning|Pets Allowed,,否,,"Conveniently located near the Eiffel Tower, metro, dining, and shopping. Offers rooms with kitchenettes and some with landmark views. Nearby supermarket adds convenience for short stays.",,,
paris,45,1320,264709,Avalon Hotel Paris,https://dynamic-media-cdn.tripadvisor.com/media/photo-o/2c/7a/83/d2/caption.jpg,https://www.tripadvisor.co.uk/Hotel_Review-g187147-d264709-Reviews-Avalon_Hotel_Paris-Paris_Ile_de_France.html,3.4,1248.0,"#1,327 of 1,885 hotels in Paris",1417.0,2446.0,"131 Boulevard de Magenta, 75010 Paris France",+33 1 42 85 50 00,48.88104,2.35178,Paris,,,109.0,306.0,Hotel,,Bar/Lounge|Airport transportation|Family Friendly|Free Wifi,,否,,"Conveniently located near Gare du Nord, ideal for sightseeing and transport access. Offers continental breakfast with variety. Close to dining options, suitable for budget-conscious and short stays.",,,"The Hotel Avalon is the favorite of guest who believes that confort, a quality service and a central location are the key to an enjoyable stay in the City of Light. Located three minutes walking from Gare du Nord, this is the perfect location if you need a direct access to Charles de Gaules Airport, the Thalys or the Eurostar. The Sacré-Coeur and the Canal Saint Martin are only ten minutes walking distance, and the Galeries Lafayette, République, Pigalle and the famous Moulin Rouge, only twenty minutes. In a typical Parisian building, The Hotel*** Avalon offers a large choice of accommodation. Chose between our confortable, modern and tastefully decorated single, double or triple rooms. Every morning you will enjoy a french breakfast. The wifi is available for free in the entire hotel. We offer daily housecleaning of every room. Notice that one room is accessible for people with disabilities."
paris,22,630,207844,Timhotel Le Louvre,https://dynamic-media-cdn.tripadvisor.com/media/photo-o/14/9d/dd/e9/timhotel-le-louvre.jpg,https://www.tripadvisor.co.uk/Hotel_Review-g187147-d207844-Reviews-Timhotel_Le_Louvre-Paris_Ile_de_France.html,3.4,1027.0,"#1,138 of 1,885 hotels in Paris",1198.0,2446.0,"4 rue Croix des Petits Champs, 75001 Paris France",+33 1 42 60 34 86,48.862465,2.33945,Paris,,,143.0,363.0,Hotel,,Air conditioning|Free Wifi,,否,,"Centrally located near the Louvre, Notre Dame, and public transit. Surrounded by restaurants and shops. Budget-friendly option with clean rooms, basic amenities, and easy access to Paris attractions.",,,"The two stars hotel Timhotel Le Louvre is pleased to welcome you to the historical and cultural heart of Paris. A stones throw from Notre-Dame, Palais Royal, Champs Elysées, Musée d’Orsay. Underground station at 100 m. Charming & very central hotel with a flowery patio. 56 bedrooms in total, but 49 rooms with air conditioning. Free wifi access. Tea and coffee making facilities, Flat LCD TV with 35 international channels. Buffet Breakfast"
paris,34,990,236564,Timhotel Paris Gare De Lyon,https://dynamic-media-cdn.tripadvisor.com/media/photo-o/12/11/c9/c2/timhotel-paris-gare-de.jpg,https://www.tripadvisor.co.uk/Hotel_Review-g187147-d236564-Reviews-Timhotel_Paris_Gare_De_Lyon-Paris_Ile_de_France.html,3.4,762.0,"#1,073 of 1,885 hotels in Paris",1127.0,2446.0,"3 Rue D Austerlitz, 75012 Paris France",+33 1 43 44 13 47,48.84673,2.370072,Paris,,,875.0,1168.0,Hotel,,Air conditioning|Free Wifi,,否,,"Conveniently located near Gare de Lyon with easy access to public transport, restaurants, and bars. Cozy, clean rooms with comfortable beds and low noise levels. Inner courtyard. Great for short stays.",,,The Timhotel Paris Gare de Lyon is a very nice hotel located just 400 meters away from the Gare de Lyon Train stop. The staff is friendly and helpfull. Daily luggage storage available for early arrivals or late departures. From the hotel guests can reach any famous place of Paris within a few minutes of public transport.
paris,62,1830,197627,ibis Paris Alesia Montparnasse 14th,https://dynamic-media-cdn.tripadvisor.com/media/photo-o/05/d3/04/72/ibis-paris-alesia-montparnasse.jpg,https://www.tripadvisor.co.uk/Hotel_Review-g187147-d197627-Reviews-Ibis_Paris_Alesia_Montparnasse_14th-Paris_Ile_de_France.html,3.3,2000.0,"#1,432 of 1,885 hotels in Paris",1546.0,2446.0,"49, Rue Des Plantes, 75014 Paris France",+33 1 53 90 40 00,48.82738,2.321064,Paris,,,110.0,301.0,Hotel,,Restaurant|Bar/Lounge|Air conditioning|Pets Allowed,,否,,"Located in a pleasant residential area near attractions and public transport. Features a lobby bar, in-room hot drink facilities, and friendly staff. Convenient access to restaurants and the Louvre.",We stayed here for 4 nights. When we arrived we were told the air conditioning was broken and they had no idea qhen it would be fixed. We went up to our room on 6th floor. The heat was awful. Our room was tiny but...,Jane H,
paris,72,2130,228024,Hotel Mercure Paris 19 Philharmonie La Villette,https://dynamic-media-cdn.tripadvisor.com/media/photo-o/06/d8/ee/54/chambre-2-grands-lits.jpg,https://www.tripadvisor.co.uk/Hotel_Review-g187147-d228024-Reviews-Hotel_Mercure_Paris_19_Philharmonie_La_Villette-Paris_Ile_de_France.html,3.3,1192.0,"#1,671 of 1,885 hotels in Paris",2025.0,2446.0,"216 Avenue Jean Jaures, 75019 Paris France",+33 1 44 84 18 18,48.888855,2.394257,Paris,,,104.0,204.0,Hotel,,Restaurant|Bar/Lounge|Air conditioning|Pets Allowed,,否,,"Conveniently located near Philharmonie de Paris and a metro station, offering easy access to events and central attractions. Helpful staff, nearby amenities, and well-priced for the area.",,,"Mercure Paris La Villette, in Paris, is located nearby the Philharmonie, Parc de la Villette, next to the Zenith, Cite des Sciences et de l'Industrie. Large rooms with TV, minibar, kettle, safety box, tea and coffee facilities and large bathrooms . Enjoy our restaurant with two terrasses, our bar. For leisure, minigym & with sauna are available Very easy to travel in Paris, metro and tramway stations are nearby and a private garage is also available. Idealistic area to travel easily in Paris. Reception: 24 hours. Access: subway line 5 porte de pantin,tramway line 3, exit Porte de pantin from the ring."
paris,76,2250,197465,City Kamp Paris,https://dynamic-media-cdn.tripadvisor.com/media/photo-o/2a/60/ef/96/camping-de-paris.jpg,https://www.tripadvisor.co.uk/Hotel_Review-g187147-d197465-Reviews-City_Kamp_Paris-Paris_Ile_de_France.html,3.3,797.0,"#1,435 of 1,885 hotels in Paris",1551.0,2446.0,"2 Allée du Bord de l'Eau, 75016 Paris France",,48.86848,2.23448,Paris,,,130.0,248.0,Hotel,,Free parking|Restaurant|Bar/Lounge|Pets Allowed,,否,,"Family-friendly campsite near Paris with spacious chalets, a shuttle to public transport, and a ""center parc"" atmosphere. Features good food, entertainment screens, and a relaxed environment.","The site itself is reasonaubly quiet away from the road, convenient for the centre of Paris and the sanitary blocks are clean and well maintained. 

However, the receptionist initially gave us a small, awkward pitch...",Ann,"Camping de Paris welcomes you all year in a natural park of 7 hectares on the Seine's edge. Set out to explore the capital to discover the unique heritage and unmissable sights. Taste the pleasure of walks in the different districts, each with their own unique atmospheres and think of a stop at Disneyland Paris, located 45 minutes by car from the campsite. Treat yourself to a comfortable stay in one of our accommodation and enjoy the many services."
paris,40,1170,253115,Hotel Antin Trinite,https://dynamic-media-cdn.tripadvisor.com/media/photo-o/2c/20/34/20/reception.jpg,https://www.tripadvisor.co.uk/Hotel_Review-g187147-d253115-Reviews-Hotel_Antin_Trinite-Paris_Ile_de_France.html,3.3,654.0,"#1,341 of 1,885 hotels in Paris",1435.0,2446.0,"74 rue de Provence 09 Arr., 75009 Paris France",+33 1 48 74 29 07,48.874325,2.332097,Paris,,,106.0,288.0,Hotel,,Free Wifi,,否,,"Centrally located hotel in Paris' Opera District near main attractions. Small rooms, no air conditioning. Staff praised for helpfulness. Some guests experienced last-minute room changes.",,,"See why so many travellers make Hotel Antin Trinite their hotel of choice when visiting Paris. Providing an ideal mix of value, comfort and convenience, it offers a quiet setting with an array of amenities designed for travellers like you.
Given the close proximity of popular landmarks, such as Le Marais (1.6 mi) and Eiffel Tower (2.0 mi), guests of Antin Trinite can easily experience some of Paris' most well known attractions.
Free wifi is offered to guests, and rooms at Antin Trinite offer a flat screen TV and a desk.
During your stay, take advantage of some of the amenities offered, including 24 hour front desk, a concierge, and 24 hour check-in. Guests of Antin Trinite are also welcome to enjoy breakfast buffet, located on site. For travellers arriving by car, parking is available.
During your visit, be sure to check out one of Paris' popular oyster restaurants such as Septime, Epicure, and Le Train Bleu, all a short distance from Hotel Antin Trinite.
During your visit, be sure to check out popular attractions like Louvre Museum (0.9 mi), Musée d'Orsay (1.0 mi), and Montmartre (0.9 mi), which are all within walking distance of the hotel.
At Hotel Antin Trinite, your comfort and satisfaction come first, and they look forward to welcoming you to Paris."
paris,19,540,599123,Hotel du Mont Blanc,https://dynamic-media-cdn.tripadvisor.com/media/photo-o/30/8c/b5/3f/suite-lit-king-size-hotel.jpg,https://www.tripadvisor.co.uk/Hotel_Review-g187147-d599123-Reviews-Hotel_du_Mont_Blanc-Paris_Ile_de_France.html,3.3,583.0,"#1,421 of 1,885 hotels in Paris",1531.0,2446.0,"28 Rue de la Huchette, 75005 Paris France",+33 1 43 54 49 44,48.853207,2.345063,Paris,,,168.0,440.0,Hotel,,Restaurant|Air conditioning|Free Wifi,,否,,"Centrally located in the Latin Quarter near Notre Dame and public transit. Surrounded by dining and historic sites. Budget-friendly option with air conditioning, luggage storage, and late checkout.",,,"Finding an ideal hotel in Paris does not have to be difficult. Welcome to Hotel du Mont Blanc, a nice option for travellers like you.
Free wifi is offered to guests, and rooms at Hotel du Mont Blanc offer a flat screen TV and air conditioning.
During your stay, take advantage of some of the amenities offered, including 24 hour front desk and baggage storage. Guests of Hotel du Mont Blanc are also welcome to enjoy an on-site restaurant. For travellers arriving by car, there is paid public parking available nearby.
While staying at Hotel du Mont Blanc, visitors can check out Palais Garnier - Opéra National de Paris (1.4 mi) and The Catacombs of Paris (1.4 mi), some of Paris' top attractions.
While in Paris, you may want to check out some of the restaurants that are a short walk away from Hotel du Mont Blanc, including L'As du Fallafel (0.7 mi), Angelina (1.1 mi), and Le Comptoir (0.3 mi).
If you’re looking for something to do, Cathédrale Notre-Dame de Paris (0.2 mi), Louvre Museum (0.7 mi), and Musée d'Orsay (1.0 mi) are a nice way to spend some time, and they are all within walking distance of Hotel du Mont Blanc.
Hotel du Mont Blanc puts the best of Paris at your fingertips, making your stay both relaxing and enjoyable."
paris,50,1470,231059,Hôtel Claret Bercy,https://dynamic-media-cdn.tripadvisor.com/media/photo-o/17/e8/98/7a/claret-hotel.jpg,https://www.tripadvisor.co.uk/Hotel_Review-g187147-d231059-Reviews-Hotel_Claret_Bercy-Paris_Ile_de_France.html,3.1,851.0,"#1,586 of 1,885 hotels in Paris",1824.0,2446.0,"44 Boulevard de Bercy 12th ARR, 75012 Paris France",+33 1 46 28 41 31,48.839893,2.381631,Paris,,,78.0,300.0,Hotel,,Restaurant|Bar/Lounge|Free Wifi,,否,,"Conveniently located near Bercy train station, metro, and Bercy Stadium. Easy access to restaurants, museums, and attractions. Features friendly staff and a continental breakfast with hot options.","This hotel is fairly basic, but clean. Staff were friendly and check-in was straightforward. One of the rooms had the heating on full blast but once that was off it became a more bearable temperature. Conveniently...",AnnaCM,"Small 4-story hotel housed in an Inn dating from 1850, facing Omnisport Park, near the Ministry of Finance."
paris,50,1470,291543,Sure Hotel By Best Western Paris Gare Du Nord,https://dynamic-media-cdn.tripadvisor.com/media/photo-o/0d/b4/14/e4/l-hotel-et-la-facade.jpg,https://www.tripadvisor.co.uk/Hotel_Review-g187147-d291543-Reviews-Sure_Hotel_By_Best_Western_Paris_Gare_Du_Nord-Paris_Ile_de_France.html,3.1,316.0,"#1,676 of 1,885 hotels in Paris",2033.0,2446.0,"224 Rue Du Faubourg Saint Denis, 75010 Paris France",+33 1 46 07 99 56,48.883636,2.359408,Paris,,,97.0,229.0,Hotel,,Air conditioning|Free Wifi,,否,,"Budget-friendly hotel near Gare du Nord station with clean, simple rooms and daily room service. Convenient access to Indian restaurants, supermarkets, and public transport. Small elevator available.",,,"A hotel in the centre of Paris at the departure for the main European destinations. Our 3 star hotel is located in the 10th arrondissement of Paris, a few minutes from the Gare du Nord and the Gare de l’Est as well as from the touristic and animated areas. The Sure Hotel Paris Gare du Nord has 92 single, double, twin, triple or family rooms, with all the modern comfort and the multimedia equipment you could desire. To date, the property does not have rooms with easy access for disabled persons. The multilingual staff of the Faubourg will be pleased to welcome you 24 hours during your business, tourism trips or weekends in Paris. Our breakfast room welcomes you for breakfast buffet. A free luggage room is at your disposal at any time. 15 minutes from the Champs Elysées, the department stores and the European train stations."
paris,57,1680,518469,Hôtel Eiffel Kensington,https://dynamic-media-cdn.tripadvisor.com/media/photo-o/12/fb/69/c2/hotel-kensington.jpg,https://www.tripadvisor.co.uk/Hotel_Review-g187147-d518469-Reviews-Hotel_Eiffel_Kensington-Paris_Ile_de_France.html,3.0,306.0,"#1,686 of 1,885 hotels in Paris",2056.0,2446.0,"79 avenue de la Bourdonnais, 75007 Paris France",+33 1 47 05 74 00,48.856483,2.302121,Paris,,,149.0,272.0,Hotel,,Free Wifi,,否,,"Conveniently located near the Eiffel Tower, metro, and top attractions. Offers clean rooms, some with landmark views. Close to restaurants, supermarkets, and pharmacies for added convenience.",,,"Finding an ideal budget friendly hotel in Paris does not have to be difficult. Welcome to Hotel Eiffel Kensington, a nice option for travellers like you.
Given the close proximity of popular landmarks, such as Louvre Museum (1.6 mi) and The Catacombs of Paris (2.1 mi), guests of Hotel Eiffel Kensington can easily experience some of Paris' most well known attractions.
Rooms at Hotel Eiffel Kensington offer a flat screen TV providing exceptional comfort and convenience, and guests can go online with free wifi.
24 hour front desk and baggage storage are some of the conveniences offered at this hotel. A snack bar will also help to make your stay even more special.
If you’re looking for a seafood restaurant, consider a visit to Le Jules Verne, Le Grand Colbert, or Pedra Alta, which are all conveniently located a short distance from Hotel Eiffel Kensington.
There is no shortage of things to do in the area: explore popular art galleries such as Passage Verdeau, Laurence Esnol Gallery, and Cartier Foundation (Fondation Cartier Pour L'art Contemporain).
Hotel Eiffel Kensington looks forward to welcoming you on your visit to Paris."
paris,50,1470,1234715,Hotel Nation Montmartre,https://dynamic-media-cdn.tripadvisor.com/media/photo-o/0a/79/aa/dd/20160226-190359-largejpg.jpg,https://www.tripadvisor.co.uk/Hotel_Review-g187147-d1234715-Reviews-Hotel_Nation_Montmartre-Paris_Ile_de_France.html,2.4,325.0,"#1,812 of 1,885 hotels in Paris",2326.0,2446.0,"4 Rue Boissieu, 75018 Paris France",+33 1 46 06 39 71,48.884396,2.349066,Paris,,,111.0,245.0,Hotel,,Free Wifi,,否,,"Convenient location with friendly staff and French-inspired features. Offers a breakfast with baguettes, pastries, yogurt, and more. Includes amenities like extra pillows and hangers for added comfort.","Room was clean and good, I had a shower, toilet and AC. I would recommend to the hotel, that they would inform guests about the 100 euro deposit in advance, when you are booking the room. And it should be put in the...",Eve H,"The Nation Montmartre hotel is one of the oldest hotels in the historic district of Montmartre. Created in 1968, our hotel has been managed by the same family for over 55 years. We are committed to offering you a warm and local service so that you can enjoy the atypical charm of our hotel. Our 26 rooms, without elevator, welcome you in the greatest comfort since in 2022 we have completely renovated our rooms in an art-deco style. Additionally this year, we obtained our 3rd star, a guarantee of the quality of our services and equipment. The HNM team is delighted to welcome you to our beautiful, typically Parisian hotel!"
rome,332,9930,1084840,QuodLibet,https://dynamic-media-cdn.tripadvisor.com/media/photo-o/11/7b/d9/9c/quodlibet.jpg,https://www.tripadvisor.co.uk/Hotel_Review-g187791-d1084840-Reviews-QuodLibet-Rome_Lazio.html,5.0,1728.0,"#21 of 4,280 B&Bs / Inns in Rome",40.0,7168.0,"Via Barletta 29, 00192 Rome Italy",+39 347 335 5160,41.910572,12.457716,Rome,,,144.0,432.0,Bed and Breakfast,,Air conditioning|Airport transportation|Family Friendly|Free Wifi,Breakfast included,否,,"Cozy B&B near the Vatican and Ottaviano Metro stop. Features a rooftop terrace for breakfast and evening lounging. Personalized service with helpful recommendations. Close to shops, restaurants, and gelato.",,,"Perfectly located in the centre of Rome, equipped with all mod cons, with luminous and ample rooms furnished with taste, QuodLibet is a small and charming accommodation offering bed and breakfast service just a stone throw away from St. Peter's Basilica and the Vatican. Four finely furnished rooms equipped with ample en-suite bathrooms, air-conditioning, safe, 32' flat screen TV, free WI-FI connection. From the strategic position of QuodLibet you will be able to reach easily each site of interest in Rome, both walking or using the Metro system (taking advantage of the ""Ottaviano-San Pietro"" stop located just one block away). A nice rooftop terrace always at guests disposal, where to enjoy breakfasts or sip a glass of wine in the evenings."
rome,316,9450,1821265,Rome Armony Suites,https://dynamic-media-cdn.tripadvisor.com/media/photo-o/05/e0/02/cb/street--v2090927.jpg,https://www.tripadvisor.co.uk/Hotel_Review-g187791-d1821265-Reviews-Rome_Armony_Suites-Rome_Lazio.html,5.0,1410.0,"#9 of 4,280 B&Bs / Inns in Rome",22.0,7168.0,"Via Orazio 3, 00193 Rome Italy",+39 348 884 3565,41.90799,12.466042,Rome,,,126.0,290.0,Bed and Breakfast,,Air conditioning|Airport transportation|Free Wifi,Breakfast included,否,,"Charming guest house in Prati, near the Vatican and top attractions. Offers shuttle service, personalized dining/activity tips, and walkable access to shops, restaurants, and public transport.",,,"Rome Armony Suites is an elegant Guest House in the famous Vatican district, one of the most famous and beautiful shopping areas. We offer elegant rooms for rent in the very heart of Rome. Rome Armony Suites lies a few steps from Saint Peter's Basilica ,Vatican Museums, Navona Square, The Pantheon , Trevi Fountain Rome Armony Suites is the ideal solution for any kind of holiday, both leisure and business trips. Our rooms are comfortable, warm and cosy and thanks to the reasonable prices, the price /quality ratio is one of the best you'll find in Rome. 5 moderns rooms that offer all the comforts: private bathroom with shower, Air Conditioning, LCD TV, Wi-Fi, Safe, complimentary smartphone and minibar. No pets and no smoking. the owners will frequently be present at the B&B through out the day, 7 days a week, to help with any needs and to discuss sites to visit , tours to take and the best places to eat and drink the owners can be contacted 24/7 for any emergency The metro A stations Ottaviano and Lepanto are a few minutes' walk away. You can easily get about the city without long walks or problems of time. The metro A provides a very efficient service with trains every 3 minutes. the Fiumicino Airport's Shuttle Bus stop (Sit Bus Shuttle) is located at the end of the street, 3 minutes walk away"
rome,1,0,19907141,Dharma Boutique Hotel & Spa,https://dynamic-media-cdn.tripadvisor.com/media/photo-o/1b/11/b3/c5/junior-suite.jpg,https://www.tripadvisor.co.uk/Hotel_Review-g187791-d19907141-Reviews-Dharma_Boutique_Hotel_Spa-Rome_Lazio.html,5.0,898.0,"#2 of 1,168 hotels in Rome",2.0,7168.0,"Via Urbana, 93, 00184 Rome Italy",+39 06 296000,41.895824,12.49349,Rome,$110,$110,373.0,905.0,Hotel,,Spa|Bar/Lounge|Fitness centre|Air conditioning,Breakfast included,是,2026 Travelers' Choice Best of the Best,"Boutique hotel in Monti district with a central yet quiet location near top attractions. Features cozy rooms, rooftop terrace with city views, complimentary happy hour, and exceptional service.",,,
rome,6,150,1721909,Campanella3,https://dynamic-media-cdn.tripadvisor.com/media/photo-o/1f/98/86/7d/antonella-ivan.jpg,https://www.tripadvisor.co.uk/Hotel_Review-g187791-d1721909-Reviews-Campanella3-Rome_Lazio.html,5.0,646.0,"#2 of 4,280 B&Bs / Inns in Rome",10.0,7168.0,"Via Tommaso Campanella, 3, 00195 Rome Italy",+39 335 842 0824,41.91098,12.45377,Rome,,,123.0,340.0,Bed and Breakfast,,Air conditioning|Airport transportation|Family Friendly|Free Wifi,Breakfast included,是,2026 Travelers' Choice,"Cozy B&B near the Vatican and metro. Features clean, comfortable rooms, a shared kitchen, and helpful hosts offering city guidance. Close to restaurants, shops, Trionfale Market, and public transportation.",,,"***Special DISCOUNTS and MORE ROOMS available with a customized offer through the ""E-mail hotel"" button***
 >>> ANTONELLA & IVAN welcome you in their lovely property in the heart of Rome, at walking distance (3 minutes) from the Metro (Subway ""A"" - ""Ottaviano/San Pietro/MuseiVaticani"" stop), and at a few steps from the Vatican Museums, the Michelangelo's Sistine Chapel, Saint Peter's Basilica and Saint Angelo Castle. By subway it is very easy to reach the Colosseum, the Trevi Fountain, the Spanish Steps and all the other touristic sights of the town! 
 >>> THE SERVICE INCLUDES: self service breakfast (without time limits), kitchen use (and 24 hours free coffee and tea), free Internet WiFi with a computer available, air conditioning-heating, hairdryer, bed sheets, towels, cleanings, city map of Rome.... and all our kindness and hospitality!  :)  ;) 
 See you, CIAO!
ANTONELLA & IVAN"
rome,5,120,12795477,My Bed Vatican Museum,https://dynamic-media-cdn.tripadvisor.com/media/photo-o/10/38/80/9d/getlstd-property-photo.jpg,https://www.tripadvisor.co.uk/Hotel_Review-g187791-d12795477-Reviews-My_Bed_Vatican_Museum-Rome_Lazio.html,5.0,470.0,"#5 of 4,280 B&Bs / Inns in Rome",16.0,7168.0,"Via Sebastiano Veniero 37, 00192 Rome Italy",+39 347 962 1296,41.90713,12.452536,Rome,,,237.0,432.0,Inn,,Air conditioning|Airport transportation|Family Friendly|Free Wifi,Breakfast included,是,2026 Travelers' Choice,"Charming B&B near the Vatican offering clean, comfortable rooms, personalized dining and activity recommendations, plentiful breakfasts, and a warm, welcoming atmosphere. Convenient for exploring Rome's top attractions.",,,"My Bed Vatican Museum is an excellent choice for travellers visiting Rome, offering a romantic environment alongside many helpful amenities designed to enhance your stay.
While staying at My Bed Vatican Museum, visitors can check out Campo de' Fiori (1.3 mi) and Pantheon (1.4 mi), some of Rome's top attractions.
Rooms at My Bed Vatican Museum offer a kitchenette, a minibar, and a refrigerator providing exceptional comfort and convenience, and guests can go online with free wifi.
A fitness center and free breakfast will also help to make your stay even more special.
When you’re feeling hungry, be sure to check out Kilo Restaurant, Il Belli, and Il Belli al Trionfale, which are some steakhouses that are popular with locals and out-of-towners alike.
If you’re looking for something to do, Museo Nazionale di Castel Sant'Angelo (0.8 mi) and Piazza Navona (1.2 mi) are a nice way to spend some time, and they are all within walking distance of My Bed Vatican Museum.
Enjoy your stay in Rome!"
rome,286,8550,15289835,Residenza Venti Settembre,https://dynamic-media-cdn.tripadvisor.com/media/photo-o/16/11/0c/db/residenza-venti-settembre.jpg,https://www.tripadvisor.co.uk/Hotel_Review-g187791-d15289835-Reviews-Residenza_Venti_Settembre-Rome_Lazio.html,5.0,316.0,"#1 of 1,720 Speciality lodging in Rome",11.0,7168.0,"Via XX Settembre, 58a, 00187 Rome Italy",+39 06 9211 4362,41.907574,12.49861,Rome,,,149.0,668.0,Limited Service Property,,Bar/Lounge|Air conditioning|Airport transportation|Family Friendly,,否,,"Elegant hotel with thoughtfully designed rooms and central location near attractions and dining. Exceptional hospitality with personal touches, complimentary treats, and personalized recommendations.",,,"Residenza Venti Settembre is a new guest house in Rome, features free WiFi and rooms with air conditioning.The property is around an 8-minute walk from Piazza Barberini,1 km from Villa Borghese and 1,3 km from Trevi Fountain. 
All guest rooms in the guest house are equipped with a smart flat-screen TV, safe box and air conditioning. Featuring a private bathroom with shower or jacuzy bath."
rome,2,30,7619756,The Fifteen Keys Hotel,https://dynamic-media-cdn.tripadvisor.com/media/photo-o/2c/9f/e7/14/master-grey-room-bedroom.jpg,https://www.tripadvisor.co.uk/Hotel_Review-g187791-d7619756-Reviews-The_Fifteen_Keys_Hotel-Rome_Lazio.html,4.9,1044.0,"#18 of 1,168 hotels in Rome",37.0,7168.0,"Via Urbana 6/7, 00184 Rome Italy",+39 06 4891 3446,41.89771,12.495477,Rome,$509,$509,359.0,870.0,Hotel,,Bar/Lounge|Air conditioning|Airport transportation|Pets Allowed,Breakfast included,是,2026 Travelers' Choice Best of the Best,"Charming boutique hotel in Rome’s Monti neighborhood with peaceful ambiance, stylish decor, and comfortable rooms. Guests praise the outstanding staff, delicious breakfast, and curated local recommendations.",,,"The Fifteen Keys Hotel has 15 individually designed bedrooms and it is situated in an intimate street, in the heart of lively and cosmopolitan Monti neighbourhood, in central Rome. The building, originally a five-storey townhouse, has been converted at the beginning of 2015 into this charming 4-star hotel with a contemporary and unique style."
rome,6,150,1192390,Suites Trastevere,https://dynamic-media-cdn.tripadvisor.com/media/photo-o/0d/49/30/1f/colosseo-triple-room.jpg,https://www.tripadvisor.co.uk/Hotel_Review-g187791-d1192390-Reviews-Suites_Trastevere-Rome_Lazio.html,4.9,975.0,"#33 of 4,280 B&Bs / Inns in Rome",63.0,7168.0,"Viale Di Trastevere, 248, 00153 Rome Italy",+39 347 074 4086,41.875626,12.465368,Rome,,,98.0,211.0,Bed and Breakfast,,Air conditioning|Airport transportation|Free Wifi,,是,2026 Travelers' Choice,"Cozy B&B in Trastevere's vibrant, bohemian district with easy access to Rome's attractions via nearby tram and train stations. Well-appointed rooms, walking distance to dining, and convenient transportation options.",,,
rome,1,0,19888868,Room Mate Filippo,https://dynamic-media-cdn.tripadvisor.com/media/photo-o/1d/67/a8/01/room-mate-filippo.jpg,https://www.tripadvisor.co.uk/Hotel_Review-g187791-d19888868-Reviews-Room_Mate_Filippo-Rome_Lazio.html,4.9,739.0,"#8 of 1,168 hotels in Rome",9.0,7168.0,"Via della Purificazione 31, 00187 Rome Italy",+39 06 8983 0411,41.904766,12.487116,Rome,,,239.0,657.0,Hotel,,Bar/Lounge|Fitness centre|Air conditioning|Airport transportation,Breakfast included,是,2026 Travelers' Choice,"Modern hotel in a central yet quiet location near the Spanish Steps and Trevi Fountain. Features a roof terrace, honesty bar, lounge, and delicious breakfast. Close to metro, shops, and restaurants.",,,
rome,4,90,3929140,J.K. Place Roma,https://dynamic-media-cdn.tripadvisor.com/media/photo-o/34/2b/a7/d0/jk-place-roma.jpg,https://www.tripadvisor.co.uk/Hotel_Review-g187791-d3929140-Reviews-J_K_Place_Roma-Rome_Lazio.html,4.9,722.0,"#26 of 1,168 hotels in Rome",56.0,7168.0,"Via di Monte d'Oro, 30, 00186 Rome Italy",+39 06 982634,41.904427,12.47696,Rome,,,855.0,2073.0,Hotel,,Restaurant|Bar/Lounge|Airport transportation|Family Friendly,Breakfast included,是,2026 Travelers' Choice,"Boutique hotel near the Spanish Steps offering luxurious rooms, tranquil atmosphere, and bold design. Features include a library, cafe, curated local guide, and personalized concierge service.",,,"Iconic Boutique Hotel with 27 rooms and suites in the heart of Rome near the Spanish Steps and main attractions. Sophistication, elegance, stylish look and feel create the unique atmosphere in this private townhouse. Each room has been designed by award-winning Architect Michele Bonan with signature handmade furniture by Italian artisans. Spacious bedrooms with beautiful decorative touches and pieces of fine art, bathrooms are all neatly made with Italian marbles from Carrara, wooden teak floors, large showers, separate toilet area. All the rooms are provided with the most modern comforts such as individual temperature control, HD LED TV with cable sports and movie channels, Free WI-FI, electronic safe, Ipod/Ipad Docking Stations, personalized J.K. Courtesy amenities, and much more. At our valued guests disposal the J.K. Cafe serves Italian specialties throughout the day. Signature cocktails and international classics can be enjoyed at our cozy bar and lounge. **Hotel is a non-smoking property**"
rome,1,0,6353278,Piazza Di Spagna 9,https://dynamic-media-cdn.tripadvisor.com/media/photo-o/29/3f/e3/25/piazza-di-spagna-9.jpg,https://www.tripadvisor.co.uk/Hotel_Review-g187791-d6353278-Reviews-Piazza_Di_Spagna_9-Rome_Lazio.html,4.9,719.0,"#1 of 4,280 B&Bs / Inns in Rome",4.0,7168.0,"Piazza di Spagna 9, 00187 Rome Italy",+39 06 6992 1458,41.906727,12.481773,Rome,$489,$489,359.0,1976.0,Bed and Breakfast,,Spa|Air conditioning|Airport transportation|Family Friendly,,是,2026 Travelers' Choice Best of the Best,"Boutique hotel in central Rome near Spanish Steps, offering spacious, art-filled suites with luxurious en-suite bathrooms. Personalized service, local recommendations, and access to dining, shopping, and tours.",,,"PiazzadiSpagna9 is a small family owned and operated boutique concept that provides top hospitality and attention to your every need during your Roman stay! We value our guests and will always go above and beyond to ensure an unforgettable experience. 

Overlooking Piazza Di Spagna and the famous Spanish steps, PiazzadiSpagna9 is THE unique luxury location in Rome! All the luxurious rooms and suites have different styles, individually decorated and enriched by modern works of Art.

In fact, PiazzadiSpagna9 is a Global Art Gallery, constantly evolving and surprising, bringing to life the contemporary discovery of the landscape between art, design and crafts. All the cutting-edge furniture and the art displayed on the walls can be purchased and shipped to your home.

 PiazzadiSpagna9 is the perfect base for exploring the Eternal City! Are you ready to experience your luxury dream vacation?"
rome,3,60,10061919,Martis Palace Hotel Rome,https://dynamic-media-cdn.tripadvisor.com/media/photo-o/1b/53/51/25/martis-palace-hotel-rome.jpg,https://www.tripadvisor.co.uk/Hotel_Review-g187791-d10061919-Reviews-Martis_Palace_Hotel_Rome-Rome_Lazio.html,4.9,630.0,"#37 of 1,168 hotels in Rome",92.0,7168.0,"Via San Giuseppe Calasanzio 1, 00186 Rome Italy",+39 06 6830 1228,41.897186,12.474037,Rome,$635,$635,334.0,1367.0,Hotel,,Restaurant|Bar/Lounge|Air conditioning|Airport transportation,Breakfast included,是,2026 Travelers' Choice,"Centrally located boutique hotel near Piazza Navona and major attractions. Modern rooms, spacious family suites, and rooftop terrace with panoramic views. Surrounded by restaurants, shops, and lively streets.",,,"The Martis Palace Hotel is a luxury 4 star hotel located in the heart of Rome's,just a stone’s throw from the world famous Piazza Navona. Expertly restored the Martis Palace Hotel Rome is a brand new, chic accommodation,  that offers 26 elegant rooms and suites.The Martis Palace Hotel also provides guests a sumptuous breakfast room, a relaxing lounge bar, a Roof and an elegant reading room"
rome,1,0,205044,Hotel Artemide,https://dynamic-media-cdn.tripadvisor.com/media/photo-o/31/f4/3f/74/entrance-hotel-artemide.jpg,https://www.tripadvisor.co.uk/Hotel_Review-g187791-d205044-Reviews-Hotel_Artemide-Rome_Lazio.html,4.8,9568.0,"#11 of 1,168 hotels in Rome",18.0,7168.0,"Via Nazionale, 22, 00184 Rome Italy",+39 06 489911,41.900818,12.493654,Rome,,,252.0,854.0,Hotel,,Spa|Restaurant|Bar/Lounge|Fitness centre,,是,2026 Travelers' Choice,"Centrally located hotel on Via Nazionale near attractions, dining, and shopping. Features rooftop restaurant with city views, daily restocked free mini bar, spa, soundproofed rooms, and private transfers.",,,"Welcome to Hotel Artemide, your 4-star hotel in downtown Rome! Just a stone's throw away from the Trevi Fountain, the Colosseum or the Spanish Steps, Artemide is right in the heart of Via Nazionale, a lively and bright street, with plenty of shops to choose from. Within walking distance of Termini Train Station and with the metro station Repubblica at just 100 metres, the Artemide Hotel is the perfect starting point for discovering the Eternal City. Free mini-bar and wi-fi connection in every room, and a fully-equipped gym are just some of the perks we offer our guests. Also, make sure not to miss the Artemís Spa to dedicate a moment for your well-being and enjoy individual or couples massages. And to complete the experience, don't miss the Ambrosia Rooftop Restaurant & Bar, on the 7th floor of the hotel, with its magnificent view over the Rome' skyline."
rome,1,0,191099,Albergo del Senato,https://dynamic-media-cdn.tripadvisor.com/media/photo-o/10/53/47/c9/superior-double-room.jpg,https://www.tripadvisor.co.uk/Hotel_Review-g187791-d191099-Reviews-Albergo_del_Senato-Rome_Lazio.html,4.8,5079.0,"#17 of 1,168 hotels in Rome",36.0,7168.0,"Piazza della Rotonda 73, 00186 Rome Italy",+39 06 678 4343,41.899174,12.477302,Rome,,,230.0,953.0,Hotel,,Bar/Lounge|Air conditioning|Airport transportation|Pets Allowed,Breakfast included,是,2026 Travelers' Choice,"Central Rome hotel with unbeatable location near the Trevi Fountain and Pantheon. Highlights include a rooftop terrace with stunning city views, comfortable rooms, and balconies overlooking historic sites. Rooftop bar praised for ambiance, drinks, and incredible panoramas.",,,"Finding an ideal romantic hotel in Rome does not have to be difficult. Welcome to Albergo del Senato, a nice option for travelers like you. For those interested in checking out popular landmarks while visiting Rome, Albergo del Senato is located a short distance from Palatine Hill (0.8 mi) and Villa Borghese (1.3 mi). You’ll enjoy relaxing rooms that offer a flat screen TV, air conditioning, and a minibar, and you can stay connected during your stay as Albergo Del Senato Rome offers guests free wifi. The hotel features a 24 hour front desk, a rooftop terrace, and a concierge. Plus, Rome Senato Hotel offers free breakfast, providing a pleasant respite from your busy day. If you’re looking for something to do, Colosseum (1.0 mi), Trastevere (1.0 mi), and Pantheon (0.0 mi) are a nice way to spend some time, and they are all within walking distance of Albergo Del Senato Rome. Albergo del Senato looks forward to welcoming you on your visit to Rome."
rome,2,30,203175,Hotel Barocco,https://dynamic-media-cdn.tripadvisor.com/media/photo-o/2d/d1/c9/70/caption.jpg,https://www.tripadvisor.co.uk/Hotel_Review-g187791-d203175-Reviews-Hotel_Barocco-Rome_Lazio.html,4.8,4211.0,"#12 of 1,168 hotels in Rome",19.0,7168.0,"Piazza Barberini, 9 Via della Purificazione, 4, 00187 Rome Italy",+39 06 487 2001,41.90385,12.488193,Rome,$329,$329,292.0,701.0,Hotel,,Bar/Lounge|Air conditioning|Airport transportation|Family Friendly,Sponsored|Breakfast included,是,2026 Travelers' Choice,"Boutique hotel in a quiet yet vibrant area near Trevi Fountain, Spanish Steps, and Piazza Barberini. Central location with easy access to landmarks, dining, shopping, and metro. Friendly, attentive staff.",,,"There is a place in the heart of Rome where time seems to stand still. Where every detail tells a story, and every guest is welcomed with the care and attention of those who truly cherish the art of hospitality. That place is Hotel Barocco. Overlooking the enchanting Piazza Barberini, just steps from the Trevi Fountain and Via Veneto, the hotel is set within a historic palace that preserves the charm of the Baroque era, elegantly reimagined in a contemporary style. Each room is a refined retreat, where comfort, sophistication, and serenity come together to create an intimate and memorable stay. What truly distinguishes Hotel Barocco is its soul: the warmth of the welcome, the attention to the smallest details, and the passion for hospitality that makes guests feel at home, even when far away. More than a place to stay, Hotel Barocco is an experience—an authentic journey into the beauty, history, and timeless elegance of Rome. Your journey begins here."
rome,5,120,239263,Hotel Santa Maria,https://dynamic-media-cdn.tripadvisor.com/media/photo-o/09/48/0e/3a/hotel-santa-maria.jpg,https://www.tripadvisor.co.uk/Hotel_Review-g187791-d239263-Reviews-Hotel_Santa_Maria-Rome_Lazio.html,4.8,4090.0,"#7 of 1,168 hotels in Rome",8.0,7168.0,"Vicolo del Piede, 2, 00153 Rome Italy",+39 06 589 4626,41.890175,12.470027,Rome,,,203.0,531.0,Hotel,,Bar/Lounge|Air conditioning|Airport transportation|Family Friendly,Breakfast included,是,2026 Travelers' Choice,"Charming hotel in vibrant Trastevere with a peaceful courtyard of orange and lemon trees. Rooms surround the garden. Close to bars, restaurants, and nightlife. Excellent breakfast and helpful staff.",,,"The Hotel Santa Maria is an Hotel de Charme located in a 16th century cloister completely renovated in the year 2000 maintaining the flavour of the original construction. It makes a very pleasant base in a romantic and relaxing ambience. The hotel is located in an historical area of central Rome in the heart of one of the most ancient and characteristic neighbourhoods of the city, Trastevere. Our guests can easily walk from the Hotel to the historical and archaeological beauties of the city. It is also possible to drive to the hotel with the parking available at the private Garage next to the Hotel. The Hotel rooms, connected by a monastic portico, face onto an ample and silent garden of orange-trees, flowers and Mediterranean plants, or onto our rooftop garden, framed by evergreen vines... perfect settings to enjoy your breakfast in the warm and sunny roman days , or just for relaxing after a day of sightseeing The Hotel has a number of bicycles should you wish to cycle through the alleys of ancient Rome. The Hotel is Internet connected by secured Wireless Lan. You can comfortably use your PC where you like: at the lounge Bar, in the garden or in your room. If you are travelling without your PC, a computer with free Internet connection is at your disposal in the Living Room. You can relax in the romantic atmosphere of our bar or our garden with a glass of excellent wine, chosen from the selection of refined Italian wines stocked in our Cellar (from Vermentino di Gallura to Brunello di Montalcino), before you venture out into the narrow streets of Trastevere in search of a good trattoria or restaurant. After site-seeing in the ' Eternal City ' , our rooftop garden, framed by evergreen vines, with lounge chairs facing the sun, awaits you for relaxation in an ambience of refined comfort. You may refer to our Staff regarding any problems, desires, or needs you may have. Tiziana, Arianna, Chiara, Paola, Malina, Pasquale and Alessandro will always be ready and available to assist you to the best of their ability. Their responses will be accompanied voluntarily by a friendly smile. Kind guest, you will be our welcome friend!"
rome,4,90,596437,The Inn At The Roman Forum,https://dynamic-media-cdn.tripadvisor.com/media/photo-o/12/cf/8c/97/our-crypto.jpg,https://www.tripadvisor.co.uk/Hotel_Review-g187791-d596437-Reviews-The_Inn_At_The_Roman_Forum-Rome_Lazio.html,4.8,2158.0,"#58 of 1,168 hotels in Rome",130.0,7168.0,"Via Degli Ibernesi 30, 00185 Rome Italy",+39 06 6919 0970,41.894646,12.487596,Rome,$816,$816,291.0,1861.0,Hotel,,Bar/Lounge|Air conditioning|Free Wifi,Breakfast included,是,2026 Travelers' Choice,"Luxury hotel on a quiet street near historic sites and dining. Features Roman ruins, a rooftop terrace with stunning views, a private garden, and a breakfast terrace overlooking the Forum.",,,"Luxury residence/boutique offers a five-star luxury service at the level of the best residences in Rome and in the world, in the heart of the eternal city. Modern design rich in details and equipped with the best comforts of the moment. The wonderful Roof Garden and some rooms offer a splendid view of Rome which ranges from the Palatine Hill, to the Closseum passing through the Roman Forum, Piazza Venezia and Campidoglio. The rich breakfast offers artisanal desserts and exquisite delicacies. A personalized welcome created to evoke sensations; an intimate residence full of delicious surprises, where traces of Ancient Rome coexist perfectly with the modern comforts required by the most demanding travellers. On the panoramic terrace you can enjoy delicious cocktails."
rome,115,3420,1739663,Palm Gallery Hotel,https://dynamic-media-cdn.tripadvisor.com/media/photo-o/0b/ee/40/d5/new-terrace.jpg,https://www.tripadvisor.co.uk/Hotel_Review-g187791-d1739663-Reviews-Palm_Gallery_Hotel-Rome_Lazio.html,4.8,1527.0,"#81 of 1,168 hotels in Rome",164.0,7168.0,"Via delle Alpi 15D, 00198 Rome Italy",+39 06 6478 1859,41.916653,12.507696,Rome,,,175.0,283.0,Hotel,,Pool|Bar/Lounge|Air conditioning|Airport transportation,,否,,"Boutique hotel in a quiet Rome neighborhood near main attractions. Stylish decor, relaxing atmosphere, pool, gardens, and attentive staff. Close to authentic dining and public transportation.",,,"3 stars hotel, located in a very charming area 2 km from Spanish steps, in a liberty villa with garden, totally renovated. Design and liberty rooms. Private bathrooms, wifi, safety box, minibar, air conditioning, LCD TV, personal scale, hairdryer. Fresh pastries and high quality breakfast, wine & cocktail bar, airport pick-up, babysitter, indoor & outdoor relax area, solarium terrace and small swimmingpool, store, fitness, rooftop terrace & garden events."
rome,2,30,634943,Hotel Indigo Rome - St. George By IHG,https://dynamic-media-cdn.tripadvisor.com/media/photo-o/31/12/ab/e9/a-view-like-no-other.jpg,https://www.tripadvisor.co.uk/Hotel_Review-g187791-d634943-Reviews-Hotel_Indigo_Rome_St_George_By_IHG-Rome_Lazio.html,4.7,2285.0,"#25 of 1,168 hotels in Rome",53.0,7168.0,"Via Giulia 62, 00186 Rome Italy",+39 06 686611,41.898205,12.466202,Rome,$754,$754,366.0,992.0,Hotel,,Spa|Restaurant|Bar/Lounge|Fitness centre,Sponsored,是,2026 Travelers' Choice,"Modern hotel in a quiet yet central location near Rome’s top sites. Features elegant rooms, rooftop bar with city views, spa with Roman baths, and easy access to dining, shopping, and attractions.",,,"Welcome to Hotel Indigo Rome - St. George. The hotel boasts a privileged position for discovering the wonders of the Eternal City. 5 star luxury boutique hotel located in the enchanting Via Giulia, in the heart of the historic center of Rome, a few steps from Piazza Navona, Campo de' Fiori, Castel Sant'Angelo and the Vatican Museums. The boutique Hotel Indigo® Rome - St. George is characterized by an atmosphere full of charm and history. The ancient Renaissance walls surround the contemporary design environments and the modern interiors blend perfectly with important historical testimonies. The large travertine stones on the facade, which come from the Colosseum, recall the shape of modern sofas. The building's Renaissance style and travertine marble walls decorate the lobby, restaurant and bar, all examples of great eras. During the summer season, the restaurant moves to the internal courtyard and the bar moves to the panoramic roof terrace weather permitting."
rome,1,0,3244512,The Independent Hotel,https://dynamic-media-cdn.tripadvisor.com/media/photo-o/2b/0a/fe/12/caption.jpg,https://www.tripadvisor.co.uk/Hotel_Review-g187791-d3244512-Reviews-The_Independent_Hotel-Rome_Lazio.html,4.7,2118.0,"#129 of 1,168 hotels in Rome",242.0,7168.0,"Via Volturno 48, 00185 Rome Italy",+39 06 445 2657,41.903927,12.500681,Rome,,,202.0,540.0,Hotel,,Bar/Lounge|Fitness centre|Air conditioning|Airport transportation,,是,2026 Travelers' Choice,"Conveniently located near Termini station, this hotel features a rooftop terrace with stunning views, a rooftop bar, and well-equipped rooms. Highlights include great service and easy access to attractions.",,,"Il The Independent Hotel è un elegante hotel 4 stelle situato nel cuore di Roma, a pochi passi dalla Stazione Termini e dalle principali attrazioni turistiche. Con camere moderne e funzionali, il nostro hotel offre un comfort senza pari, perfetto per ogni tipo di soggiorno, sia che tu stia visitando la città per piacere o per lavoro. Ogni camera è dotata di Wi-Fi gratuito, aria condizionata, TV a schermo piatto e minibar. Un'esperienza unica ti aspetta alla Terrazza Cielo, un esclusivo rooftop che offre una vista mozzafiato sui tetti di Roma. Qui potrai gustare una colazione gourmet o semplicemente rilassarti con un drink, ammirando il panorama della Capitale. La posizione centrale, unita ai servizi di alta qualità, rende il nostro hotel la scelta ideale per chi cerca comfort, stile e convenienza. Il nostro staff, sempre disponibile e professionale, è pronto a rendere il tuo soggiorno speciale."
rome,2,30,5281487,Rome Life Hotel,https://dynamic-media-cdn.tripadvisor.com/media/photo-o/09/23/7a/0f/rome-life-hotel.jpg,https://www.tripadvisor.co.uk/Hotel_Review-g187791-d5281487-Reviews-Rome_Life_Hotel-Rome_Lazio.html,4.7,1866.0,"#51 of 1,168 hotels in Rome",118.0,7168.0,"Via Palermo 10/12, 00184 Rome Italy",+39 06 9929 1210,41.898712,12.491451,Rome,$206,$206,184.0,694.0,Hotel,,Bar/Lounge|Air conditioning|Family Friendly|Free Wifi,,是,2026 Travelers' Choice,"Modern hotel in a prime location near major attractions like the Trevi Fountain and Colosseum. Spacious rooms with comfortable beds, rooftop bar, complimentary mini bar, and nearby dining options.",,,"The Rome Life Hotel is located in the heart of the city, one block from Via Nazionale know for shopping, less 10 minutes walk to Trevi Fountain, Piazza di Spagna and the Coliseum.Everything, from furniture to ambient lighting, has been specifically designed for the Rome Life Hotel creating an exclusive and modern hotel."
rome,2,30,456489,Hotel Manfredi Suite In Rome,https://dynamic-media-cdn.tripadvisor.com/media/photo-o/32/f0/62/9e/luxurious-quadruple-suite.jpg,https://www.tripadvisor.co.uk/Hotel_Review-g187791-d456489-Reviews-Hotel_Manfredi_Suite_In_Rome-Rome_Lazio.html,4.7,1708.0,"#61 of 1,168 hotels in Rome",134.0,7168.0,"Via Margutta, 61, 00187 Rome Italy",+39 06 320 7676,41.907375,12.480962,Rome,$195,$195,225.0,660.0,Hotel,,Restaurant|Bar/Lounge|Air conditioning|Airport transportation,Breakfast included,是,2026 Travelers' Choice,"Centrally located hotel near the Spanish Steps on a quiet street. Close to shops, restaurants, and sights. Features a Michelin-starred rooftop restaurant and bar with stunning views.",,,"Romantic hotel full of charm in a 17th century building in via Margutta, recently renovated with all technological services and high efficiency on the green. The welcome and kindness are a mix of ancient traditions of the family that has managed it for more than 50 years, now in its third generation. The location is that of Piazza di Spagna in the historic center of Rome, a stone's throw from the monuments of Trinità dei Monti, Piazza del Popolo, Colosseum, Trevi Fountain, Piazza Navona, Vatican and Pantheon. In the area we find excellent restaurants and all the most important high fashion boutiques, Metro A is also just a few steps away. Different categories of rooms and suites are available to customers, all splendidly furnished in a classic style, and equipped with all the best modern comforts. The intercontinental breakfast, the pride of the Hotel, is prepared fresh at home every day with handcrafted products selected from the best Made in Italy brands."
rome,5,120,2238199,Hotel Lunetta,https://dynamic-media-cdn.tripadvisor.com/media/photo-o/1d/54/52/51/hotel-lunetta.jpg,https://www.tripadvisor.co.uk/Hotel_Review-g187791-d2238199-Reviews-Hotel_Lunetta-Rome_Lazio.html,4.7,1427.0,"#90 of 1,168 hotels in Rome",177.0,7168.0,"Piazza del Paradiso 68, 00186 Rome Italy",+39 06 6839 5056,41.89593,12.473494,Rome,,,253.0,871.0,Hotel,,Pool|Spa|Bar/Lounge|Air conditioning,Breakfast included,是,2026 Travelers' Choice,"Boutique hotel in Rome's historical center near Piazza Navona, Vatican City, and the Colosseum. Rooftop bar with city views, spa, free breakfast. Modern rooms, family suites, and helpful staff.",,,"Opened in early july 2011, the hotel Lunetta is the result of a complete renovation of a historic building dating back to 1368 ad and now an elegant L The hotel Lunetta boasts 30 elegant rooms, all furnished in a sophisticated modern design, and differ among themselves for careful choice of materials and details that make one different from the other while maintaining a unique style.Opened in early July 2011, the hotel Lunetta is the result of a complete renovation of a historic building dating back to 1368 ad and now an elegant Boutique Hotel 4 ****L. The hotel Lunetta boasts 30 elegant rooms, all furnished in a sophisticated modern design, and differ among themselves for careful choice of materials and details that make one different from the other while maintaining a unique style.On the top floor the Roof Terrace Bar(open until Midnight during the summer) is the ideal place for relaxing moments sipping a drink and admire the spectacular view over the rooftops of Rome. In the morning, from 07.00 to 10.30 in the Breakfast room is served a generous Buffet with the choices of croissants, pastries and homemade cookies, natural fruit juices, as well as local meats, cheeses, scrambled eggs, bacon and specialty seasonal. Light Lunches or Dinner are served in the bar, or in the room through the Room Service. The Hotel Lunetta is located in the Historical Center of Rome near the lively Campo De'Fiori, a 30-minute walk from St. Peter's Basilica, 300 meters from Piazza Navona and a 12 minutes walk from the Pantheon and 20 minutes from the Spanish Steps.THE SPA Immersed in the extraordinary setting of the Theatre of Pompey, built in 55 BC in the ancient heart of the capital, comes the exclusive Spa of the Hotel Lunetta. An area of 300 square meters in which to relax and get in shape after a hike or a day's work.The Spa has an indoor swimming pool of 15 square meters with Jacuzzi and water blades for cervical muscles, Finnish sauna, Turkish bath, chromo therapy, emotional shower, a wonderful spa suite for couples therapy and various booths for the more advanced treatments"
rome,1,0,531936,Argentina Residenza Style Hotel,https://dynamic-media-cdn.tripadvisor.com/media/photo-o/09/38/5b/5e/residenza-argentina.jpg,https://www.tripadvisor.co.uk/Hotel_Review-g187791-d531936-Reviews-Argentina_Residenza_Style_Hotel-Rome_Lazio.html,4.7,1308.0,"#112 of 1,168 hotels in Rome",213.0,7168.0,"Via di Torre Argentina 47, 00186 Rome Italy",+39 06 6880 9533,41.89534,12.476083,Rome,,,176.0,483.0,Hotel,,Air conditioning|Airport transportation|Free Wifi,,是,2026 Travelers' Choice,"Modern hotel in a former monastery with a central location near Piazza Navona and historical landmarks. Walking distance to attractions, restaurants, and transportation. Helpful staff and dining recommendations.",,,
rome,2,30,7976127,A Roma Lifestyle Hotel,https://dynamic-media-cdn.tripadvisor.com/media/photo-o/33/3a/6b/d3/caption.jpg,https://www.tripadvisor.co.uk/Hotel_Review-g187791-d7976127-Reviews-A_Roma_Lifestyle_Hotel-Rome_Lazio.html,4.6,4839.0,"#136 of 1,168 hotels in Rome",250.0,7168.0,"Via Giorgio Zoega 59, 00164 Rome Italy",+39 06 8780 0168,41.87488,12.43277,Rome,$252,$252,205.0,513.0,Hotel,,Free parking|Pool|Spa|Restaurant,Breakfast included,是,2026 Travelers' Choice,"Tranquil hotel surrounded by lush greenery, featuring modern rooms, spa facilities, indoor and outdoor pools, and a deck with views of Rome. Shuttle service offers easy access to city center and Vatican.",,,"Whether you're visiting Rome for business or for pleasure, the all new A.Roma Lifestyle Hotel and conference centre is the perfect place to stay. Located only 20 minutes from the main airport, this luxury hotel and wellness spa gives you a 4 star comfort in a stylish setting. Close to St Peter's Square, the hotel is the perfect venue for business conferences, weddings and leisure travel. From the gourmet show kitchen restaurant to the stunning gardens, Wellness Spa and outdoor pool, you'll love your stay at A.Roma Lifestyle Hotel. The hotel has been carefully constructed to blend-in with the stunning Italian surroundings of the Eternal City, where attentive staff are on hand to help with your every need during your stay. Bring the family or invite your business associates to join you at A.Roma Lifestyle Hotel."
rome,6,150,543473,Trilussa Palace Hotel,https://dynamic-media-cdn.tripadvisor.com/media/photo-o/0e/5e/c4/8b/trilussa-palace-congress.jpg,https://www.tripadvisor.co.uk/Hotel_Review-g187791-d543473-Reviews-Trilussa_Palace_Hotel-Rome_Lazio.html,4.6,3038.0,"#60 of 1,168 hotels in Rome",132.0,7168.0,"Piazza Ippolito Nievo 27, 00153 Rome Italy",+39 06 588 1963,41.880054,12.466291,Rome,,,139.0,402.0,Hotel,,Pool|Spa|Bar/Lounge|Fitness centre,,是,2026 Travelers' Choice,"Hotel in lively Trastevere with easy access to trams and buses, walking distance to restaurants and attractions. Features private spa, rooftop bar with views, and helpful staff. Comfortable rooms.",,,"Welcome to Trilussa Palace Wellness & SPA, your 4 star Hotel in Rome! The Trilussa Palace, is an exclusive place for who wants to spend a pleasant holiday in Rome. Thanks to its location is the ideal place for discovering the beauties of the city in comfort. The hotel offers different types of rooms to meet the different needs of its guests: who travels with family, for business, for couples and for friends. After a day of walking or working, guests can finally enjoy a relaxing atmosphere in the exclusive SPA and being pampered by massages, rose petals and hot drinks. The historical centre is easily accessible. The hotel is indeed located in Trastevere area, a few minutes walk from Santa Maria in Trastevere."
rome,2,30,203130,"Hotel Canada, BW Premier Collection",https://dynamic-media-cdn.tripadvisor.com/media/photo-o/0e/d5/64/b1/hotel-canada-la-vostra.jpg,https://www.tripadvisor.co.uk/Hotel_Review-g187791-d203130-Reviews-Hotel_Canada_BW_Premier_Collection-Rome_Lazio.html,4.6,2850.0,"#77 of 1,168 hotels in Rome",158.0,7168.0,"Via Vicenza 58, 00185 Rome Italy",+39 06 445 7770,41.905067,12.505619,Rome,$210,$210,155.0,448.0,Hotel,,Bar/Lounge|Airport transportation|Free Wifi,,是,2026 Travelers' Choice,"Charming hotel in Rome with a prime location near Termini Station and Castro Pretorio metro. Features a historical ambiance, complimentary breakfast, small bar, and easy access to restaurants and shops.",,,"In an elegant historic building in the centre of Rome, the Hotel Canada represents the outcome of Hoteliers' generations experience. It shows the ancient tradition of hospitality that renews itself every day. A recent refurbishment has rediscovered the original architecture of the building. It was constructed in 1870 in order to provide accommodation for officers from the nearby barracks of Castro Pretorio. The Hotel Canada is easily reachable from ""Termini Station"" (500 m), the most important station of the Eternal City and the main rail yard of Italy. This Station is well connected with both airports of Rome: Roma Leonardo da Vinci/ Fiumicino and Roma Ciampino. The Hotel Canada is located in an ideal spot to visit the very historic centre of Rome. It is close to the subway (Line B, Castro Pretorio's stop) that allows every guest to reach the downtown in just a few minutes."
rome,5,120,597288,Hotel Diocleziano,https://dynamic-media-cdn.tripadvisor.com/media/photo-o/33/be/59/3d/caption.jpg,https://www.tripadvisor.co.uk/Hotel_Review-g187791-d597288-Reviews-Hotel_Diocleziano-Rome_Lazio.html,4.6,2737.0,"#73 of 1,168 hotels in Rome",153.0,7168.0,"Via Gaeta, 71, 00184 Rome Italy",+39 06 4890 0767,41.904034,12.499615,Rome,,,134.0,399.0,Hotel,,Bar/Lounge|Fitness centre|Air conditioning|Airport transportation,,是,2026 Travelers' Choice,"Classic hotel near Termini train station with well-maintained rooms and a mix of European and American breakfast options. Convenient location for dining, shopping, tourist sites, and public transport.",,,"Tucked in a quiet street, just behind the Diocletian Baths, the Hotel Diocleziano is a haven in the hustle and bustle of Rome's city centre! Just a 5 minute walk from Termini Train Station, the main bus routes and the metro lines A and B, Hotel Diocleziano is the perfect starting point for discovering the Eternal City. All our 35 rooms are equipped with Wi-Fi connection and daily restocked mini-bar - completely free! Not to mention the complimentary gym and sauna, where guests can relax after a busy day sightseeing. And if you are lucky enough to find it available, make sure you book the Deluxe Room. Its spacious terrace, overlooking the ruins of the Diocletian Baths, is a private window to History... If you are looking for a cosy and relaxing hotel, with a friendly multilingual staff, happy to cater to all your needs 24/7, then you might just have found your place in downtown Rome! Diocleziano STAFF"
rome,1,0,252244,"Room Mate Collection Mia, Rome Colosseum",https://dynamic-media-cdn.tripadvisor.com/media/photo-o/18/f5/b6/50/capo-d-africa-hotel-colosseo.jpg,https://www.tripadvisor.co.uk/Hotel_Review-g187791-d252244-Reviews-Room_Mate_Collection_Mia_Rome_Colosseum-Rome_Lazio.html,4.6,2723.0,"#42 of 1,168 hotels in Rome",99.0,7168.0,"Via Capo d'Africa 54, 00184 Rome Italy",+39 06 772801,41.88847,12.497506,Rome,,,213.0,673.0,Hotel,,Bar/Lounge|Fitness centre|Air conditioning|Free Wifi,Breakfast included,是,2026 Travelers' Choice,"Modern hotel on a quiet street near the Colosseum, featuring a rooftop restaurant and bar with stunning views. Central location, elegant atmosphere, excellent service, and nearby dining options.",,,"The Capo d'Africa Hotel is an elegant and welcoming Boutique Hotel, located next to the Colosseum , with a breathtaking view from our roof garden. On the top floor, the Hotel's 2014 new service: L'Attico bistrot. Situated on the panoramic room with a double facade overlooking the two terraces, the restaurant offers a Roman cuisine reinterpreted in modern key. During Spring and Summer time the guests are welcome to enjoy a relaxing drink or a delicacy in the magic atmosphere of ""La Terrazza"" bar, situated on the roof garden. In the Hall, besides the reception, there is a Centrum Bar and a cosy lounge. When you enter the hotel, you can immediately admire the hotel's symbol: a wall of rubber roses (""Il cespuglio"") created by the artist Paolo Canevari. The 65 rooms, arranged on three floors, are immersed in the warm shades of ochre, sand and yellow saffron . Capo d'Africa has three multi-functional and day-light conferences rooms able to seat up to 60 people and a gym provided with modern exercise equipments. L' Attico bistrot is open from 7.00 Pm to 11.00 Pm, from Monday to Saturday. The Chef prepares appetizing dishes from the Roman and Italian cuisine reinterpreted in a modern key, all strictly home-made express and creative, in line with the fresh and modern style of the Hotel Capo d'Africa. Selected ingredients and high quality products are the basis of our menu. The service is provided on the panoramic room with a double facade overlooking the two terraces."
rome,5,120,232851,Hotel de Russie,https://dynamic-media-cdn.tripadvisor.com/media/photo-o/33/fd/7b/84/rfh-hotel-de-russie-facade.jpg,https://www.tripadvisor.co.uk/Hotel_Review-g187791-d232851-Reviews-Hotel_de_Russie-Rome_Lazio.html,4.6,2482.0,"#6 of 1,168 hotels in Rome",7.0,7168.0,"Via Del Babuino 9, 00187 Rome Italy",+39 06 328881,41.909954,12.477457,Rome,,,2084.0,3084.0,Hotel,,Spa|Restaurant|Bar/Lounge|Fitness centre,,是,2026 Travelers' Choice,"Elegant hotel in central Rome near attractions and high-end shopping. Features luxurious rooms, tranquil gardens, a courtyard bar, and exceptional service. Renowned for unique ambiance and attentive staff.",,,"Located between two of Rome’s most picturesque piazzas, Piazza di Spagna and Piazza del Popolo, Hotel de Russie is one of the Eternal City’s most prestigious luxury hotels. An enduring favourite of artists and writers, stars and politicians, Hotel de Russie was dubbed “paradise on earth” by French poet Jean Cocteau in 1917, and the accolade still stands today. Visit our stunning Mediterranean tiered Secret Garden, with rose bushes, orange trees, and mature pine, and listen to the gentle sounds of the small waterfall flowing between three nymphaeums, to experience the magic for yourself. Indulge in one of the best aperitivo experiences in the city in our Stravinskij Bar, sipping expertly-mixed cocktails under the stars. Surrender to bliss in the sublime Irene Forte Spa and dine on fine Italian classics in Le Jardin de Russie before heading up to enjoy exceptional comfort in the stylish surrounds of your luxury room or suite in the heart of Rome."
rome,6,150,190138,"Rome Cavalieri, A Waldorf Astoria Hotel",https://dynamic-media-cdn.tripadvisor.com/media/photo-o/2d/e8/68/a5/pool.jpg,https://www.tripadvisor.co.uk/Hotel_Review-g187791-d190138-Reviews-Rome_Cavalieri_A_Waldorf_Astoria_Hotel-Rome_Lazio.html,4.5,7668.0,"#175 of 1,168 hotels in Rome",317.0,7168.0,"Via Alberto Cadlolo 101, 00136 Rome Italy",+39 06 35091,41.91883,12.446622,Rome,,,468.0,1275.0,Hotel,,Pool|Spa|Restaurant|Bar/Lounge,,是,2026 Travelers' Choice,"Luxurious hotel with stunning city and Vatican views, exceptional service, complimentary city center shuttle, airport transfers, renowned dining, and an elegant lounge. Ideal for an upscale Rome stay.",,,"Overlooking the panorama that has inspired visitors for centuries is Rome's most prestigious address – the Rome Cavalieri hotel. Though only minutes from the city's great monuments, the Rome Cavalieri has the tranquility of an oasis. Enclosed in fifteen acres of lush Mediterranean parklands, this luxury hotel is a calm retreat in the heart of the Eternal City, an elegant refuge where time slows and hearts quicken.The first hotel in Europe to be part of the exclusive Waldorf Astoria Hotels & Resorts, the Rome Cavalieri hotel is more than just a 5–star property. It's the pre-eminent luxury hotel in Rome, with an art collection that outshines many museums, a Grand Spa that would be the envy of a prestige health resort, and standards of luxury that set it apart from other Rome hotels. The Rome Cavalieri brings new meaning to notions of Italian style, and new purpose to the fine art of exclusive hospitality."
rome,2,30,203172,Marcella Royal Hotel,https://dynamic-media-cdn.tripadvisor.com/media/photo-o/1c/05/73/06/rooftop-garden.jpg,https://www.tripadvisor.co.uk/Hotel_Review-g187791-d203172-Reviews-Marcella_Royal_Hotel-Rome_Lazio.html,4.5,4122.0,"#80 of 1,168 hotels in Rome",163.0,7168.0,"Via Flavia 106, 00187 Rome Italy",+39 06 4201 4591,41.90788,12.49812,Rome,$164,$164,161.0,502.0,Hotel,,Bar/Lounge|Air conditioning|Airport transportation|Free Wifi,Breakfast included,是,2026 Travelers' Choice,"Elegant turn-of-the-century hotel with a central location near top attractions like the Trevi Fountain and Spanish Steps. Features a stunning rooftop garden with panoramic views, a bar, and a restaurant. Guests praise the stylish decor, excellent service, and nearby authentic dining options.",,,"See why so many travellers make Marcella Royal Hotel their hotel of choice when visiting Rome. Providing an ideal mix of value, comfort and convenience, it offers a romantic setting with an array of amenities designed for travellers like you.
Free wifi is offered to guests, and rooms at Marcella Royal Hotel offer a flat screen TV, a minibar, and air conditioning.
During your stay, take advantage of some of the amenities offered, including room service, a concierge, and a rooftop terrace. Guests of Marcella Royal Hotel are also welcome to enjoy free breakfast, located on site.
While staying at Marcella Royal Hotel Rome, visitors can check out Colosseum (1.3 mi) and Pantheon (1.3 mi), some of Rome's top attractions.
During your visit, be sure to check out one of Rome's popular lobster restaurants such as La Pergola, Ristorante Aroma at Palazzo Manfredi, and Ad Hoc, all a short distance from Marcella Royal Hotel Rome.
Rome is also known for some great natural history museums, including Orto Botanico di Roma, Museo di Geologia, and Collezioni Paleontologiche dell'APAT, which are not too far from Marcella Royal Hotel.
We’re sure you’ll enjoy your stay at Marcella Royal Hotel as you experience all of the things Rome has to offer."
rome,116,3450,252734,River Palace Hotel,https://dynamic-media-cdn.tripadvisor.com/media/photo-o/2c/1f/da/de/lobby.jpg,https://www.tripadvisor.co.uk/Hotel_Review-g187791-d252734-Reviews-River_Palace_Hotel-Rome_Lazio.html,4.5,3214.0,"#165 of 1,168 hotels in Rome",296.0,7168.0,"Via Flaminia, 33, 00196 Rome Italy",+39 06 830011,41.913364,12.475106,Rome,$155,$155,142.0,446.0,Hotel,,Bar/Lounge|Air conditioning|Airport transportation|Family Friendly,Sponsored|Breakfast included,否,,"Elegant hotel with Roman character and clean, compact rooms. Prime location near Piazza del Popolo and key attractions. Excellent breakfast with diverse options, including pastries and Prosecco. Charming bar and outdoor seating.",,,"Thanks to the location, at the same time central and quiet, and to the excellent service delivered to our Guests, aligned to the highest international standards, the River Palace, 4 star boutique hotel of the City center, represents the ideal place to stay in Rome whether your visit is for leisure or for business purposes. The Hotel is located in the heart of the City, steps from Piazza del Popolo, Villa Borghese gardens and from the other key places: Spanish Steps and its famous boutiques, Trevi Fountain, Pantheon and Piazza Navona are at walking distance (15 minutes)."
rome,5,120,316644,Hotel Raffaello - Sure Hotel Collection by Best Western,https://dynamic-media-cdn.tripadvisor.com/media/photo-o/34/32/0a/c0/shc-hotel-raffaello-superior.jpg,https://www.tripadvisor.co.uk/Hotel_Review-g187791-d316644-Reviews-Hotel_Raffaello_Sure_Hotel_Collection_by_Best_Western-Rome_Lazio.html,4.5,3146.0,"#120 of 1,168 hotels in Rome",228.0,7168.0,"Via Urbana 3/5, 00184 Rome Italy",+39 06 488 4342,41.897816,12.495589,Rome,$201,$201,186.0,568.0,Hotel,,Air conditioning|Airport transportation|Family Friendly|Free Wifi,,是,2026 Travelers' Choice,"Modern hotel near Roma Termini and key landmarks. Features spacious family rooms, rooftop bar with views, lounge with pastries, and vegetarian dining options. Quiet street with nearby dining and attractions.",,,"Hotel Raffaello - Sure Hotel Collection by Best Western is a 3-star hotel situated in a quiet street in the Rione Monti, one of the historical quarters of the capital. From here you can reach all the monuments and places of interest within a few minutes' walk: Termini Train Station, Colosseum, The lmperial Forums, Piazza Venezia and the Basilica di Santa Maria Maggiore. There is also the Metro subway that connects to the Vatican Museums and the rest of the city. Cosy, welcoming, furnished with classic taste in shades of gold, blue and red, the rooms of the Hotel Raffaello in Rome have been devised to offer a comfortable retreat, a place to enjoy some quiet time after days spent visiting museums and shops. Hotel Raffaello - Sure Hotel Collection by Best Western offers 41 comfortable rooms equipped with flat screen satellite, minibar, free smartphone service To customize your stay, pillow menu, air-conditioning. safe, slippers and quality courtesy set. Superior suites have a beautiful private terrace overlooking the city, the ideal place to sit down and enjoy a cup of tea in a peaceful and quiet atmosphere while gazing out over the red roofs of Rome."
rome,1,0,203087,The St. Regis Rome,https://dynamic-media-cdn.tripadvisor.com/media/photo-o/32/6f/b5/bc/lobby.jpg,https://www.tripadvisor.co.uk/Hotel_Review-g187791-d203087-Reviews-The_St_Regis_Rome-Rome_Lazio.html,4.5,2740.0,"#79 of 1,168 hotels in Rome",160.0,7168.0,"Via Vittorio E. Orlando, 3, 00185 Rome Italy",+39 06 47091,41.9037,12.495,Rome,"$1,392","$1,392",1167.0,3049.0,Hotel,,Spa|Restaurant|Bar/Lounge|Fitness centre,,是,2026 Travelers' Choice,"Elegant hotel in central Rome blending old-world charm with modern luxury. Opulent decor, spacious rooms, and unique traditions. Notable concierge and butler service. Close to historic landmarks.",,,"Introduced to Rome society in 1894, the architecturally iconic St. Regis Rome is located in one of the city’s most impressive palazzos. The pioneer St. Regis in Europe and a social beacon for Romans and international travelers, the hotel has emerged to define a new era of luminosity. Blending a noble heritage with fearless, elegant interiors has transformed this grand dame into a supremely luxurious and artful residence. High-ceilinged and light-filled, the guestrooms and suites are styled with luxurious Rubelli fabrics, handmade glass and collectable curios – effortlessly sophisticated and distinctively urbane. A contemporary take on a historic address, St. Regis Rome has shed its former bearing and stepped out, into the limelight to truly own Rome. Radiant and luminous, it combines fearless elegance, disruptive artistry and discerning enlightenment."
rome,3,60,1510471,UNA Hotels Decò Roma,https://dynamic-media-cdn.tripadvisor.com/media/photo-o/15/04/0c/7c/esterno.jpg,https://www.tripadvisor.co.uk/Hotel_Review-g187791-d1510471-Reviews-UNA_Hotels_Deco_Roma-Rome_Lazio.html,4.4,3814.0,"#209 of 1,168 hotels in Rome",380.0,7168.0,"Via Giovanni Amendola 57, 00185 Rome Italy",+39 06 649371,41.899982,12.499678,Rome,$230,$230,169.0,620.0,Hotel,,Restaurant|Bar/Lounge|Family Friendly|Free Wifi,,是,2026 Travelers' Choice,"Modern hotel near public transport and attractions, featuring spacious rooms, rooftop terrace, atrium, and exceptional breakfast buffet with a waffle maker. Offers friendly service and great value.",,,"Located within Rome’s historic centre and yet just moments from the city’s main train station, this hotel boasts an unbeatable location. Renowned for its exceptional customer service, the striking architectural design of this new hotel is reflected in its interior design, offering guests a taste of Italian art deco and modern comfort. With its popular restaurant, meeting and business facilities and wealth of tailored services, the 4-star Hotel Roma welcomes guests to Rome with warm Italian hospitality."
rome,5,120,1178206,NH Collection Roma Giustiniano,https://dynamic-media-cdn.tripadvisor.com/media/photo-o/30/13/d6/1e/gde-hdr-superior-new.jpg,https://www.tripadvisor.co.uk/Hotel_Review-g187791-d1178206-Reviews-NH_Collection_Roma_Giustiniano-Rome_Lazio.html,4.4,3605.0,"#64 of 1,168 hotels in Rome",138.0,7168.0,"Via Virgilio, 1 E/F/G, 00193 Rome Italy",+39 06 6828 1601,41.90694,12.465694,Rome,,,246.0,643.0,Hotel,,Restaurant|Bar/Lounge|Fitness centre|Airport transportation,,是,2026 Travelers' Choice,"Modern hotel in the Prati neighborhood near the Vatican and Castel Sant’Angelo. Walking distance to attractions, shopping, and dining. Spacious rooms, local activity recommendations, and easy access to transit.",,,"The NH Collection Roma Giustiniano hotel in Rome is right in the fashionable Prati district near many restaurants, shops, and cafes. 5 minutes walking from the Vatican and Castel Sant’Angelo, the 4-star hotel NH Collection Roma Giustiniano is ideally located for discovering Rome."
rome,2,30,208553,Kolbe Hotel Rome,https://dynamic-media-cdn.tripadvisor.com/media/photo-o/06/fd/a1/e3/kolbe-hotel-rome.jpg,https://www.tripadvisor.co.uk/Hotel_Review-g187791-d208553-Reviews-Kolbe_Hotel_Rome-Rome_Lazio.html,4.4,3168.0,"#74 of 1,168 hotels in Rome",154.0,7168.0,"Via Di San Teodoro, 48, 00186 Rome Italy",+39 06 679 8866,41.89003,12.483906,Rome,$226,$226,207.0,682.0,Hotel,,Restaurant|Bar/Lounge|Air conditioning|Airport transportation,Breakfast included,是,2026 Travelers' Choice,"Centrally located hotel near Palatine Hill, Roman Forum, and Colosseum. Features a beautiful garden for dining, modern amenities, helpful staff, and a highly rated restaurant and cocktail bar.",,,"With its enviable location, the Kolbe Hotel Rome is the ideal hotel to discover the beauties of the Eternal City. This 4-star hotel is located in front of the Palatine and close to the Roman Forum, Capitoline Hill and Colosseum. The main attractions, as well as the main shopping streets and restaurants of Trastevere are easily reachable on foot. The hotel has 72 rooms, all recently renovated and equipped with WiFi and all modern comforts. Most of the rooms overlook the Palatine Hill or the enchanting internal garden. Several spacious rooms for families are available. Guests can also enjoy a charming garden, sipping a coffee outdoors or enjoying the refined cuisine of our restaurant ‘Unique Al Palatino’, which blends the flavors of Roman tradition with new culinary trends. The hotel is also well connected to the Vatican, Termini station and every area of ​​the city. We look forward to welcoming you!"
rome,2,30,3964772,Rome Times Hotel,https://dynamic-media-cdn.tripadvisor.com/media/photo-o/33/46/65/14/caption.jpg,https://www.tripadvisor.co.uk/Hotel_Review-g187791-d3964772-Reviews-Rome_Times_Hotel-Rome_Lazio.html,4.4,2451.0,"#187 of 1,168 hotels in Rome",333.0,7168.0,"Via Milano, 42 Rione Monti Area, 00184 Rome Italy",+39 06 9934 5101,41.8986,12.4905,Rome,$222,$222,174.0,634.0,Hotel,,Bar/Lounge|Fitness centre|Air conditioning|Family Friendly,,是,2026 Travelers' Choice,"Centrally located hotel within walking distance of major attractions like the Trevi Fountain and Colosseum. Surrounded by restaurants, bars, and shops. Convenient access to public transportation.",,,"Located in the authentic heart of Rome, within the elegant setting of the Rione Monti district and along the renowned Via Nazionale — famous for its shopping, vibrant atmosphere, and strategic location — Rome Times Hotel is a refined contemporary boutique hotel designed for international travelers seeking style, comfort, and exclusivity. The property enjoys a privileged location, less than a ten-minute walk from some of Rome’s most iconic landmarks, including the Trevi Fountain, Piazza di Spagna, and the Colosseum, allowing guests to experience the Eternal City with complete freedom and convenience. Rome Times Hotel stands out for its sophisticated modern design, created to offer an elegant and immersive hospitality experience. Every space has been custom-designed: from the furnishings to the lighting, each detail contributes to a distinctive, contemporary, and exclusive atmosphere."
rome,1,0,650621,Yes Hotel - Boutique Hotel Rome,https://dynamic-media-cdn.tripadvisor.com/media/photo-o/2a/47/6f/5b/yes-hotel-boutique-rome.jpg,https://www.tripadvisor.co.uk/Hotel_Review-g187791-d650621-Reviews-Yes_Hotel_Boutique_Hotel_Rome-Rome_Lazio.html,4.4,2351.0,"#35 of 1,168 hotels in Rome",82.0,7168.0,"Via Magenta, 15, 00185 Rome Italy",+39 06 4436 3836,41.903347,12.50259,Rome,,,122.0,463.0,Hotel,,Bar/Lounge|Air conditioning|Family Friendly,,是,2026 Travelers' Choice,"Boutique hotel near Termini station and main attractions. Features clean rooms, walk-in showers, and a lift. Surrounded by restaurants, bakeries, and shops. Convenient for city exploration and transit access.",,,"Welcome to Yes hotel in central rome ,the answer to all of your accommodation needs.
This centrally located 3 star hotel in Rome in Termini central train station area offers spacious, good quality rooms and a high level of service at the right price, ensuring that your stay in Rome is enjoyed to the fullest."
rome,2,30,230405,nhow Roma Vittorio Veneto,https://dynamic-media-cdn.tripadvisor.com/media/photo-o/33/ef/0b/e2/nhow-roma-room-imperial.jpg,https://www.tripadvisor.co.uk/Hotel_Review-g187791-d230405-Reviews-Nhow_Roma_Vittorio_Veneto-Rome_Lazio.html,4.3,3518.0,"#83 of 1,168 hotels in Rome",167.0,7168.0,"Corso d'Italia 1, 00198 Rome Italy",+39 342 621 5093,41.910183,12.490227,Rome,$188,$188,193.0,617.0,Hotel,,Restaurant|Bar/Lounge|Fitness centre|Air conditioning,,是,2026 Travelers' Choice,"Centrally located hotel near iconic attractions like the Spanish Steps and Villa Borghese. Features renovated spaces, a plentiful breakfast buffet, attentive staff, local dining options, and tranquil charm.",,,"nhow Roma Vittorio Veneto, formerly known as NH Collection Roma Vittorio Veneto, is a modern building in the heart of Rome and is built on the site of an ancient convent. It is located in one of the most prestigious neighborhoods in Rome, close to the Villa Borghese gardens and Via Veneto. You can take a stroll through Villa Borghese Park or enjoy shopping and fine dining close by. The Spanish Steps, Piazza del Popolo and Bioparco di Roma are near the hotel. nhow Roma Vittorio Veneto has 260 rooms finished in a minimalist style with refined textures and a light palette. A pillow menu, professional hairdryers, rain-effect showers and nhow toiletries will ensure your comfort. Enjoy an authentic Italian espresso from the Lavazza coffee machine in your elegant room. Some of the rooms have beautiful views of Villa Borghese Park. Breakfast is a lavish affair, with a particulary scrumptious selection of croissants and local specialties. Enjoy lunch and dinner at the elegant LUDO restaurant a"
rome,5,120,1145313,H10 Roma Città,https://dynamic-media-cdn.tripadvisor.com/media/photo-o/09/a2/ea/47/h10-roma-citta.jpg,https://www.tripadvisor.co.uk/Hotel_Review-g187791-d1145313-Reviews-H10_Roma_Citta-Rome_Lazio.html,4.3,2926.0,"#255 of 1,168 hotels in Rome",471.0,7168.0,"Via Amedeo Avogadro, 35, 00146 Rome Italy",+39 06 556 5215,41.867275,12.471382,Rome,,,150.0,311.0,Hotel,,Pool|Restaurant|Bar/Lounge|Fitness centre,Breakfast included,是,2026 Travelers' Choice,"Modern hotel in a residential area with spacious rooms, rooftop pool, and gym. Rooftop bar with games and wide drink selection. Easy access to public transport and taxi services. Nearby dining options.",,,"Located in the Marconi district, a commercial area close to the neighbourhood of Trastevere, the H10 Roma Città combines modern trends with hints of Italian tradition. This hotel features 181 rooms, 7 meeting rooms with natural light and an outdoor swimming pool with a sun loungers area and jacuzzi for relaxing during your stay. It also benefits from the Despacio Beauty Centre and a wide range of Mediterranean and international cuisine available in its Uno Zero Uno restaurant and Lobby bar."
rome,142,4230,265528,Hotel Ponte Sisto,https://dynamic-media-cdn.tripadvisor.com/media/photo-o/11/7c/74/c6/luxury-club-room-belvedere.jpg,https://www.tripadvisor.co.uk/Hotel_Review-g187791-d265528-Reviews-Hotel_Ponte_Sisto-Rome_Lazio.html,4.3,2348.0,"#220 of 1,168 hotels in Rome",401.0,7168.0,"Via dei Pettinari 64, 00186 Rome Italy",+39 06 686 3100,41.89327,12.471829,Rome,,,225.0,513.0,Hotel,,Restaurant|Bar/Lounge|Air conditioning|Airport transportation,,否,,"Centrally located hotel near the Tiber River and Trastevere, featuring spacious rooms, a charming courtyard, rooftop bar with stunning views, and a plentiful breakfast. Ideal for exploring Rome’s major sights.",,,"Peaceful and quiet, the Hotel Ponte Sisto in Rome is located in a completely renovated historic building, enveloped in a relaxing atmosphere with a splendid garden filled with luxuriant palm trees and flowers from all over the world.The rooms are cozy and restful, able to keep the chaotic city or memories of a busy day at work at a distance to fill you will harmony and well-being within the bright marble furnishings and floral decorations.The friendly Hotel Ponte Sisto front desk staff takes care of all guest needs, booking excursions and guided tours, recommending clubs and restaurants to make your stay in Rome an unforgettable vacation or productive business trip."
rome,2,30,236151,Hotel Smeraldo,https://dynamic-media-cdn.tripadvisor.com/media/photo-o/06/e0/6e/d7/smeraldo-hotel.jpg,https://www.tripadvisor.co.uk/Hotel_Review-g187791-d236151-Reviews-Hotel_Smeraldo-Rome_Lazio.html,4.3,1891.0,"#31 of 1,168 hotels in Rome",74.0,7168.0,"Via Dei Chiavari 20, 00186 Rome Italy",+39 06 687 5929,41.89457,12.474492,Rome,$298,$298,175.0,717.0,Hotel,,Air conditioning|Airport transportation|Family Friendly|Free Wifi,Breakfast included,是,2026 Travelers' Choice,"Centrally located hotel near shops, restaurants, and major attractions. Features a beautifully refurbished main building, rooftop bar with city views, helpful reception, and easy access to Rome's highlights.",,,"Hotel Smeraldo is an excellent choice for travellers visiting Rome, offering a quaint environment alongside many helpful amenities designed to enhance your stay.
Free wifi is offered to guests, and rooms at Hotel Smeraldo offer a flat screen TV, air conditioning, and a desk.
During your stay, take advantage of some of the amenities offered, including a concierge and a rooftop terrace. Guests of Hotel Smeraldo are also welcome to enjoy free breakfast, located on site.
Close to some of Rome's most popular landmarks, such as Palatine Hill (0.8 mi) and Villa Borghese (1.6 mi), Smeraldo Hotel is a great destination for tourists.
Rome has plenty of French restaurants. So when you’re here, be sure to check out popular spots like Le Levain Roma, Crepes Galettes, and Valentyne, which are serving up some great dishes.
Plus, during your trip, don’t forget to check out some of the popular military museums, such as Museum of Allied Forces, Museo Storico della Motorizzazione Militare, and Museo Storico della Guardia di Finanza.
Enjoy your stay in Rome!"
rome,6,150,203083,Bio Hotel Raphael - Relais Chateaux,https://dynamic-media-cdn.tripadvisor.com/media/photo-o/33/82/bb/f4/exterior.jpg,https://www.tripadvisor.co.uk/Hotel_Review-g187791-d203083-Reviews-Bio_Hotel_Raphael_Relais_Chateaux-Rome_Lazio.html,4.3,1878.0,"#200 of 1,168 hotels in Rome",352.0,7168.0,"Largo Febo, 2, 00186 Rome Italy",+39 06 682831,41.899937,12.472093,Rome,,,295.0,1140.0,Hotel,,Restaurant|Bar/Lounge|Fitness centre|Air conditioning,,是,2026 Travelers' Choice,"Located near Piazza Navona, this hotel features modern, elegant rooms, a Michelin restaurant, and a rooftop terrace with stunning views. Central location with easy access to attractions and attentive staff.",,,"Finding an ideal romantic hotel in Rome does not have to be difficult. Welcome to Hotel Raphael - Relais Chateaux, a nice option for travellers like you.
You’ll enjoy relaxing rooms that offer a flat screen TV, a minibar, and air conditioning, and you can stay connected during your stay as Hotel Raphael Rome offers guests free wifi.
The hotel features 24 hour front desk, a rooftop terrace, and room service. Plus, Hotel Raphael - Relais Chateaux offers a fitness center and free breakfast, providing a pleasant respite from your busy day.
Nearby landmarks such as Palatine Hill (1.0 mi) and Colosseum (1.2 mi) make Hotel Raphael - Relais Chateaux a great place to stay when visiting Rome.
During your visit, be sure to check out one of Rome's popular oyster restaurants such as Il Gabriello, Hostaria Romana, and Mirabelle, all a short distance from Hotel Raphael.
Rome is also known for some great parks, including Villa Doria Pamphilj, Parco Savello, and Parco Tutti Insieme, which are not too far from Raphael Hotel.
Hotel Raphael - Relais Chateaux puts the best of Rome at your fingertips, making your stay both relaxing and enjoyable."
rome,1,0,229422,Crowne Plaza Rome - St. Peter's By IHG,https://dynamic-media-cdn.tripadvisor.com/media/photo-o/30/c9/12/ff/pool-view.jpg,https://www.tripadvisor.co.uk/Hotel_Review-g187791-d229422-Reviews-Crowne_Plaza_Rome_St_Peter_s_By_IHG-Rome_Lazio.html,4.2,5527.0,"#126 of 1,168 hotels in Rome",236.0,7168.0,"Via Aurelia Antica 415, 00165 Rome Italy",+39 06 66420,41.888847,12.426076,Rome,$231,$231,205.0,428.0,Hotel,,Free parking|Pool|Spa|Restaurant,Sponsored,是,Travelers' Choice,"Resort-style hotel with indoor/outdoor pools, spa, tennis courts, and lush gardens. Offers an economical shuttle to city center, airport, and tourist sites, plus easy access to taxis and public transport.",,,"An upscale hotel with a tranquil garden, an outdoor pool and convenient transport links to Rome's historic heart. Crowne Plaza® Rome - St. Peter's hotel offers guests easy access to the city centre via the scheduled shuttle service or public transport just outside the hotel. If you're travelling to or from Fiumicino Airport (FCO), reserve your seat on our shuttle bus or book a private transfer. Closest metro station Cornelia is just over 1 km from the hotel. World-famous attractions such as Rome's Vatican Museums and the Sistine Chapel - home to Michelangelo's spectacular frescoes - are all within reach. The hotel is just steps away from Villa Pamphili city park and a few minutes from the old neighbourhood of Trastevere. Business travellers have access to a 24-hour Business Centre and 13 modern meeting rooms. Our dedicated Crowne Plaza Meetings Director takes care of all your event needs. The hotel offers free high speed Wi-Fi."
rome,12,330,228939,Mercure Rome Colosseum Centre,https://dynamic-media-cdn.tripadvisor.com/media/photo-o/0c/b4/fd/09/bar.jpg,https://www.tripadvisor.co.uk/Hotel_Review-g187791-d228939-Reviews-Mercure_Rome_Colosseum_Centre-Rome_Lazio.html,4.2,3028.0,"#273 of 1,168 hotels in Rome",506.0,7168.0,"Via Labicana 144, 00184 Rome Italy",+39 06 770021,41.890015,12.49808,Rome,,,241.0,528.0,Hotel,,Pool|Restaurant|Bar/Lounge|Air conditioning,,否,,"Modern hotel near the Colosseum with a rooftop pool, bar, and restaurant offering stunning views. Walking distance to major landmarks, restaurants, and public transport. Spacious ""privilege rooms"" available.",,,"A 4 star hotel in the heart of Rome, 200 m from the Colosseum and from the metro station, not far from the Eur business district and from the major archaeological sites, monuments and museums. Ideal for both business trips and holiday visits, the hotel offers 161 rooms, some boasting views of the Colosseum, all with satellite and pay TV, safe and airconditioning. Undercover pay parking, 1 meeting room, 2 bars. Outdoor swimming pool and roof top bar (open from May till September)."
rome,111,3300,205160,Le Méridien Visconti Rome,https://dynamic-media-cdn.tripadvisor.com/media/photo-o/31/dc/e0/3f/king-city-view-guest.jpg,https://www.tripadvisor.co.uk/Hotel_Review-g187791-d205160-Reviews-Le_Meridien_Visconti_Rome-Rome_Lazio.html,4.2,2975.0,"#287 of 1,168 hotels in Rome",533.0,7168.0,"Via Federico Cesi 37, 00193 Rome Italy",+39 06 3684,41.907463,12.470971,Rome,,,315.0,809.0,Hotel,,Bar/Lounge|Fitness centre|Air conditioning|Airport transportation,,否,,"Centrally located hotel near the Vatican and Spanish Steps, offering comfortable rooms, an inexpensive breakfast buffet, and a trendy rooftop bar. Walking distance to restaurants, shops, and major attractions.",,,
rome,4,90,203081,Starhotels Metropole,https://dynamic-media-cdn.tripadvisor.com/media/photo-o/18/48/7a/db/starhotels-metropole.jpg,https://www.tripadvisor.co.uk/Hotel_Review-g187791-d203081-Reviews-Starhotels_Metropole-Rome_Lazio.html,4.2,2809.0,"#238 of 1,168 hotels in Rome",438.0,7168.0,"Via Principe Amedeo 3, 00185 Rome Italy",+39 06 47741,41.900475,12.497312,Rome,$244,$244,179.0,547.0,Hotel,,Restaurant|Bar/Lounge|Fitness centre|Air conditioning,,是,2026 Travelers' Choice,"Conveniently located near Termini station and major attractions like the Colosseum, offering easy access to public transportation. Features clean rooms, lounge, and a varied breakfast with American and Roman options.",,,
rome,5,120,1934839,Occidental Aurelia,https://dynamic-media-cdn.tripadvisor.com/media/photo-o/12/4e/f8/6e/occidental-aurelia.jpg,https://www.tripadvisor.co.uk/Hotel_Review-g187791-d1934839-Reviews-Occidental_Aurelia-Rome_Lazio.html,4.2,2291.0,"#153 of 1,168 hotels in Rome",277.0,7168.0,"Via Di Torre Rossa 80, 00165 Rome Italy",+39 06 6601 7002,41.891724,12.426347,Rome,,,116.0,251.0,Hotel,,Pool|Restaurant|Bar/Lounge|Air conditioning,,是,2026 Travelers' Choice,"Located near public transport with easy access to the Vatican and city attractions. Surrounded by restaurants, frequent bus service, and metro nearby. Attentive staff and good value for travelers.",,,"A 14-minute walk from the nearest metro stop, this streamlined hotel in a 17th-century former monastery is also 3 km from St. Peter's Basilica and 8 km from the Colosseum. The casual rooms come with modern decor, free Wi-Fi, flat-screen TVs and desks, as well as minibars. Upgraded quarters add sofas. Room service is available. Amenities include a casual lobby bar, a gym and a garden. Parking is available, as is a breakfast buffet for a fee."
rome,5,120,203093,Best Western Plus Hotel Universo,https://dynamic-media-cdn.tripadvisor.com/media/photo-o/0b/4b/33/9c/guest-room.jpg,https://www.tripadvisor.co.uk/Hotel_Review-g187791-d203093-Reviews-Best_Western_Plus_Hotel_Universo-Rome_Lazio.html,4.1,3010.0,"#148 of 1,168 hotels in Rome",269.0,7168.0,"Via Principe Amedeo 5/B, 00185 Rome Italy",+39 06 476811,41.900223,12.497457,Rome,,,178.0,514.0,Hotel,,Restaurant|Bar/Lounge|Fitness centre|Air conditioning,,是,2026 Travelers' Choice,"Conveniently located near Roma Termini and major attractions, with restaurants and shops nearby. Offers clean, spacious rooms, including triple options, and serves as an ideal base for exploring Rome.",,,"Best Western Plus Hotel Universo is a hotel just a few steps from Roma Termini Railway Station. Nearby there are landmarks such as the National Roman Museum, The Patriarchal Basilica of St. Mary Major and the Domus Aurea. The Hotel Universo has 197 rooms characterized by a high level of comfort and quality. The Hotel offers a well-equipped gym and wellness center ( Sauna and Turkish bath). The restaurant Quattro Stagioni offers personalized menus, from international to regional specialties. If not specified in the rate, Breakfast can be purchased at check-in at a cost of €18 per person per night. The Lounge Bar is the place to mingle with colleagues or simply to relax after your working day. The hotel’s strategic location is ideal for planning national and international meetings. The Hotel Universo has a Conference Center composed by 10 modern meeting rooms, equipped with functional devices with a maximum capacity of 700 people."
rome,1,0,281801,Mercure Roma Piazza Bologna,https://dynamic-media-cdn.tripadvisor.com/media/photo-o/2c/a9/a1/72/caption.jpg,https://www.tripadvisor.co.uk/Hotel_Review-g187791-d281801-Reviews-Mercure_Roma_Piazza_Bologna-Rome_Lazio.html,4.1,2650.0,"#224 of 1,168 hotels in Rome",405.0,7168.0,"Via Reggio Calabria 54, 00161 Rome Italy",+39 06 440741,41.91232,12.518606,Rome,$144,$144,111.0,300.0,Hotel,,Bar/Lounge|Fitness centre|Air conditioning|Pets Allowed,,是,2026 Travelers' Choice,"Modern hotel in a quiet neighborhood with easy metro access to city attractions. Clean rooms, friendly staff, breakfast buffet with gluten-free options, and nearby shops, restaurants, and bars.",,,"This hotel, just a few metres from the Metro and only 5 stops from the Colosseum, is an ideal starting point for tours of the historic center of Rome. The hotel is modern and comfortable, offering 113 soundproofed and air conditioned rooms, minibar and internet access. Other features of the hotel include covered pay parking, meeting room and a bar, serving quality wines by the glass. Located in a residential neighborhood with trendy restaurants and bars that suit all tastes and budgets and lot of shopping activities, this Hotel is appropriate both for leisure and business stays. Blending harmoniously into Piazza Bologna district with its own identity, colored by a special mural designed by a local street artist and projected onto the city rooftops through a relaxing terrace."
rome,1,0,1060784,Augusta Lucilla Palace,https://dynamic-media-cdn.tripadvisor.com/media/photo-o/1b/7c/1b/01/ricevimento.jpg,https://www.tripadvisor.co.uk/Hotel_Review-g187791-d1060784-Reviews-Augusta_Lucilla_Palace-Rome_Lazio.html,4.1,2220.0,"#252 of 1,168 hotels in Rome",464.0,7168.0,"Via Massimo d'Azeglio, 24, 00184 Rome Italy",+39 06 4893 9942,41.900116,12.497747,Rome,,,105.0,409.0,Hotel,,Bar/Lounge|Air conditioning|Airport transportation|Free Wifi,Breakfast included,是,2026 Travelers' Choice,"Conveniently located near Termini Station and the Colosseum, this hotel offers clean, comfortable rooms, multilingual staff, a large breakfast selection, and easy access to transportation and attractions.",,,"Everyone needs a place to lay their weary head. For travellers visiting Rome, Augusta Lucilla Palace is an excellent choice for rest and rejuvenation. Well-known for its quiet environment and proximity to great restaurants and attractions, Augusta Lucilla Palace makes it easy to enjoy the best of Rome.
Guest rooms offer a flat screen TV, a minibar, and air conditioning, and Augusta Lucilla Palace makes getting online easy as free wifi is available.
You can also take advantage of some of the amenities offered by the hotel, including 24 hour front desk, room service, and a concierge. In addition, guests can enjoy free breakfast during their visit. As an added convenience, there is parking available to guests.
Nearby landmarks such as Piazza Navona (1.3 mi) and Campo de' Fiori (1.4 mi) make Augusta Lucilla Palace Hotel a great place to stay when visiting Rome.
While you’re here, be sure to check out some of the cafes, including Romeow Cat Bistrot, Two Sizes -Tiramisù in Rome-, and La Casa del Caffe Tazza d Oro, all of which are a short distance from Augusta Lucilla Palace.
Looking to explore? Then look no further than Colosseum (0.7 mi), Villa Borghese (1.0 mi), and Galleria Borghese (1.0 mi), which are some popular Rome attractions – all conveniently located within walking distance of the hotel.
Whether you’re travelling for business, pleasure or both, Augusta Lucilla Palace is sure to make your visit to Rome one worth remembering."
rome,215,6420,259309,Mercure Roma Corso Trieste,https://dynamic-media-cdn.tripadvisor.com/media/photo-o/34/37/2e/0e/exterior.jpg,https://www.tripadvisor.co.uk/Hotel_Review-g187791-d259309-Reviews-Mercure_Roma_Corso_Trieste-Rome_Lazio.html,4.1,2114.0,"#251 of 1,168 hotels in Rome",463.0,7168.0,"Via Gradisca 31, 00198 Rome Italy",+39 06 852021,41.920837,12.513931,Rome,,,133.0,299.0,Hotel,,Bar/Lounge|Air conditioning|Pets Allowed|Free Wifi,,否,,"Modern city hotel with stylish design, garden area, and spacious outdoor patio. Features include deluxe rooms with balconies and hot tubs. Conveniently located near public transportation and attractions.",,,"Mercure Roma Corso Trieste is located just e few meters from the S.Agnese/Annibaliano metro station and only 6 stops from the Colosseum. 97 rooms all equipped with wooden floor, air conditioning, 2 free half-bottles of water in mini bar per stay, satellite LCD TV, tea and coffee making facilities, free wi-fi, telephone, high-speed internet, safe and hair dryer. A private paying parking and meeting room make our hotel a complete comfort hotel for both leisure and business stays."
rome,28,810,232888,Hotel Ariston,https://dynamic-media-cdn.tripadvisor.com/media/photo-o/2c/20/d5/1e/exterior-view.jpg,https://www.tripadvisor.co.uk/Hotel_Review-g187791-d232888-Reviews-Hotel_Ariston-Rome_Lazio.html,4.1,2026.0,"#338 of 1,168 hotels in Rome",619.0,7168.0,"Via Filippo Turati 16, 00185 Rome Italy",+39 06 446 5399,41.89896,12.501272,Rome,,,136.0,363.0,Hotel,,Bar/Lounge|Fitness centre|Air conditioning|Airport transportation,Breakfast included,否,,"Convenient hotel near Termini Station with easy access to Rome's attractions, dining, and public transportation. Features clean facilities, friendly staff, and amenities like Sky TV with English channels.",,,"The Hotel Ariston is an elegant, modern and comfortable 4 star hotel located in the historic center of Rome between the Basilica of Santa Maria Maggiore and Termini train station and within walking distance to the main cultural and architectural landmarks as Coliseum, Trevi Fountain, Roman Forum and the Spanish Steps. Hotel Ariston is closed to Termini railway station and steps away from the main bus and subway lines stations thus it allows an easy access to any sites. The entire building was renovated and the interiors have been furnished combining elegance with the latest technology. Our attentive and professional Team, will do everything to meet out Guest needs and to ensure a pleasant stay. Hotel Ariston features 84 spacious and luxurious guest rooms and suites that are stylishly designed with a fusion of comfort and elegance. You could choose between small double, standard, superior and executive rooms. If you're travelling with your family, the Hotel Ariston you could either book a spacious quad rooms. Breakfast is included in the room rate; buffet breakfast is very rich with a wide choice of cold and hot dishes: bacon&eggs, selection of salami, cheese and ham, homemade bakery and bread, cereals, fruits, salads and many other high quality Italian products. The strategic location makes the Hotel Ariston the ideal place for business meetings. We have a spacious meeting room on the top floor with natural daylight for up to 100 people. Internet wireless connection is free and available in the whole property: in all public areas and in every room."
rome,39,1140,203094,Hilton Garden Inn Rome Colosseum,https://dynamic-media-cdn.tripadvisor.com/media/photo-o/32/36/76/67/caption.jpg,https://www.tripadvisor.co.uk/Hotel_Review-g187791-d203094-Reviews-Hilton_Garden_Inn_Rome_Colosseum-Rome_Lazio.html,4.0,2319.0,"#292 of 1,168 hotels in Rome",538.0,7168.0,"Via Emanuele Filiberto 173, 00185 Rome Italy",+39 390 677 0121,41.88991,12.506675,Rome,,,168.0,467.0,Hotel,,Restaurant|Bar/Lounge|Air conditioning|Airport transportation,,否,,"Conveniently located near metro and major attractions like the Colosseum, offering spacious rooms and a breakfast buffet with diverse options. Easy access to authentic restaurants and sightseeing spots.",,,"Discover Rome starting from a comfortable and strategic location in the heart of the city. The Hilton Garden Inn Rome Colosseum is just a short walk from the Manzoni stop on Metro Line A, close to the Colosseum and well connected to the main transport networks, making it easy to reach Termini Station and all the Capital’s most iconic attractions. After a day immersed in art and history, treat yourself to a moment of relaxation in a welcoming environment, with services designed for your comfort: a restaurant, a pleasant bar where you can unwind, The Shop open 24/7 for snacks and drinks, a 24-hour self-service laundry, and a modern, fully equipped fitness center."
rome,187,5580,1436962,Hotel Twenty One,https://dynamic-media-cdn.tripadvisor.com/media/photo-o/03/48/c3/b7/twentyone-hotel.jpg,https://www.tripadvisor.co.uk/Hotel_Review-g187791-d1436962-Reviews-Hotel_Twenty_One-Rome_Lazio.html,4.0,2038.0,"#325 of 1,168 hotels in Rome",599.0,7168.0,"Via Cola di Rienzo 23, 00192 Rome Italy",+39 06 3260 9607,41.90909,12.469179,Rome,,,157.0,420.0,Hotel,,Restaurant|Bar/Lounge|Air conditioning|Airport transportation,Breakfast included,否,,"Modern hotel with stylish design and soundproofing. Convenient location near the Vatican, metro, shopping, and restaurants. Quiet area, balcony room upgrades available. Ideal for exploring Rome on foot.","The hotel is ideally situated if you want to walk to the Vatican and old Rome. 
Our bedroom (121) benefitted from a large balcony overlooking the main road, but was very small and dark with extremely limited storage...",G B,"Hotel Twentyone is a modern boutique hotel set on one of Romes best shopping streets. Castel SantAngelo and the historic centre are just a pleasant 10-minute walk away. Perfectly positioned on Via Cola di Rienzo, Twentyone Hotel allows you to explore the elegant Prati district, home to the Vatican and Saint Peters Basilica, with ease. Metro and bus links are located close by. Enjoy the hotels minimalist décor and ultra-modern interiors. All of Twentyones rooms come with LCD satellite TV, air conditioning, minibar, and free wired internet access. Friendly staff at the Twentyone will be happy to book transfers, guided tours and trips for you."
rome,4,90,229062,Best Western Globus Hotel,https://dynamic-media-cdn.tripadvisor.com/media/photo-o/33/65/64/94/camera-matrimoniale-standard.jpg,https://www.tripadvisor.co.uk/Hotel_Review-g187791-d229062-Reviews-Best_Western_Globus_Hotel-Rome_Lazio.html,4.0,1883.0,"#308 of 1,168 hotels in Rome",570.0,7168.0,"Viale Ippocrate, 119, 00161 Rome Italy",+39 06 445 7001,41.9071,12.5178,Rome,,,102.0,384.0,Hotel,,Restaurant|Bar/Lounge|Air conditioning|Airport transportation,Breakfast included,是,2026 Travelers' Choice,"Modern hotel in a residential area near the University. Clean, spacious rooms with family options, fridge, and tea/coffee facilities. Convenient to metro, trams, Termini station, cafes, and restaurants.",,,"The BEST WESTERN Globus Hotel is in the immediate vicinity of the Policlinico Umberto Primo hospital and ""La Sapienza"" University of Rome.Well connected by underground and public transport to Rome Termini central railway station, and therefore with the city's airports and other areas, the hotel is close to the city centre. Many of the city's tourist attractions, including the Baths of Diocletian and Piazza della Repubblica are within walking distance of the BEST WESTERN Globus Hotel."
rome,3,60,205879,Best Western Hotel Astrid,https://dynamic-media-cdn.tripadvisor.com/media/photo-o/0d/9e/a4/8a/exterior.jpg,https://www.tripadvisor.co.uk/Hotel_Review-g187791-d205879-Reviews-Best_Western_Hotel_Astrid-Rome_Lazio.html,4.0,1477.0,"#311 of 1,168 hotels in Rome",575.0,7168.0,"Largo Antonio Sarti, 4, 00196 Rome Italy",+39 06 323 6371,41.923443,12.468747,Rome,$84,$84,93.0,285.0,Hotel,,Air conditioning|Pets Allowed|Free Wifi,,是,2026 Travelers' Choice,"Conveniently located near the Tiber River and public transit for easy access to Rome’s center. Features modern rooms, rooftop breakfast, nearby dining options, cheerful staff, and good value.",,,"Best Western Hotel Astrid is located in Flaminio district, in a historic building that combines modern comfort with an exceptional view of St. Peter's Dome. Ideally located between Piazza del Popolo and Olympic Stadium, the hotel is situated in a small square overlooking Tiber River, just a stone's throw from Rome's historical centre. It is a family-run hotel which perfectly blends the warm Roman hospitality with the highest international hotel standards. Best Western Hotel Astrid offers a rooftop terrace with beautiful panorama view overlooking the city, including the Tiber River and St. Peter's Dome, and where every morning a rich breakfast will be offered to each guest, to start at best your day. Modern and comfortable, all rooms are decorated in warm colors giving to rooms a warm and welcoming atmosphere. All rooms have a private bathrooms and they are equipped with modern comforts including free WIFI, telephone, air conditioning and soft minibar for free. On top of that, the hotel's attentive staff will be pleased to help you for any need you might have, for a memorable stay in Rome. Best Western Hotel Astrid enjoys an exceptional location, thanks to the proximity of the Auditorium, Foro Italico and MAXXI museum, it is the ideal choice both for business travelers both for those who visit the city for pleasure."
rome,65,1920,203095,Best Western Hotel Artdeco,https://dynamic-media-cdn.tripadvisor.com/media/photo-o/33/ab/d8/a9/scala.jpg,https://www.tripadvisor.co.uk/Hotel_Review-g187791-d203095-Reviews-Best_Western_Hotel_Artdeco-Rome_Lazio.html,4.0,1451.0,"#347 of 1,168 hotels in Rome",633.0,7168.0,"Via Palestro 19, 00185 Rome Italy",+39 06 445 7588,41.906708,12.501952,Rome,$155,$155,119.0,324.0,Hotel,,Restaurant|Bar/Lounge|Air conditioning|Family Friendly,Sponsored,否,,"Conveniently located near Roma Termini and metro, with easy access to public transport and dining. Clean, comfortable rooms, helpful staff for sightseeing tips and reservations. Part of a global chain.",,,"See why so many travellers make Best Western Hotel Artdeco their hotel of choice when visiting Rome. Providing an ideal mix of value, comfort and convenience, it offers a quiet setting with an array of amenities designed for travellers like you.
For those interested in checking out popular landmarks while visiting Rome, Best Western Hotel Artdeco is located a short distance from Colosseum (1.2 mi) and Palatine Hill (1.3 mi).
You’ll enjoy relaxing rooms that offer a flat screen TV, air conditioning, and a minibar, and you can stay connected during your stay as Best Western Hotel Artdeco offers guests free wifi.
The hotel features 24 hour front desk, room service, and a concierge. Plus, Best Western Rome offers breakfast, providing a pleasant respite from your busy day. For guests with a vehicle, there is paid private parking available nearby.
During your visit, be sure to check out one of Rome's popular ribs restaurants such as Da Enzo Al 29, Hostaria Romana, and La Taverna dei Fori Imperiali, all a short distance from Rome Best Western.
Rome is also known for some great history museums, including Museum and Crypt of Capuchins, Musei Capitolini, and Le Domus Romane di Palazzo Valentini, which are not too far from Best Western Hotel Artdeco.
At Best Western Hotel Artdeco, your comfort and satisfaction come first, and they look forward to welcoming you to Rome."
rome,189,5640,203069,NH Collection Roma Centro,https://dynamic-media-cdn.tripadvisor.com/media/photo-o/33/3b/4d/07/nh-collection-roma-centro.jpg,https://www.tripadvisor.co.uk/Hotel_Review-g187791-d203069-Reviews-NH_Collection_Roma_Centro-Rome_Lazio.html,3.9,2820.0,"#122 of 1,168 hotels in Rome",232.0,7168.0,"Via Dei Gracchi 324, 00192 Rome Italy",+39 06 328481,41.909615,12.468725,Rome,,,214.0,758.0,Hotel,,Restaurant|Bar/Lounge|Fitness centre|Air conditioning,,否,,"Elegant hotel near major landmarks like the Vatican and Spanish Steps. Features historic design, breakfast buffet, bar, concierge, and business amenities. Close to public transport, shops, and dining.",,,"The NH Collection Roma Centro hotel is located in a quiet and elegant residential area in Rome, very close to the Vatican City and the magnificent Castel Sant’ Angelo."
rome,38,1110,603739,Hotel Milton Roma,https://dynamic-media-cdn.tripadvisor.com/media/photo-o/17/bb/f8/11/hotel-milton-roma.jpg,https://www.tripadvisor.co.uk/Hotel_Review-g187791-d603739-Reviews-Hotel_Milton_Roma-Rome_Lazio.html,3.9,2119.0,"#435 of 1,168 hotels in Rome",865.0,7168.0,"Via Emanuele Filiberto 155, 00185 Rome Italy",+39 06 7720 7325,41.890568,12.506395,Rome,,,138.0,452.0,Hotel,,Bar/Lounge|Air conditioning|Airport transportation|Family Friendly,Breakfast included,否,,"Conveniently located near the Manzoni Metro, this hotel offers easy access to historic sites like the Colosseum. Features include a relaxing outdoor bar, varied breakfast buffet, and clean rooms.",,,"The Hotel Milton Rome is a beautiful 4-star hotel in the centre of Rome offering an ideal location for exploring the eternal city: the Coliseum is within a 10 minute walk and the Basilica of St John Lateran is only 5 minute away. The previous building was a XVIII monastery, completely refurbished and equipped with all the facilities of a modern 4-star hotel in Rome, such as free Wi-Fi and private car park (with fee)."
rome,200,5970,577598,Fabulous Village,https://dynamic-media-cdn.tripadvisor.com/media/photo-o/17/19/b5/3d/fabulous-village.jpg,https://www.tripadvisor.co.uk/Hotel_Review-g187791-d577598-Reviews-Fabulous_Village-Rome_Lazio.html,3.9,1994.0,"#79 of 1,720 Speciality lodging in Rome",1028.0,7168.0,"Via Di Malafede 205, 00125 Rome Italy",+39 055 029 8080,41.777466,12.396245,Rome,,,54.0,160.0,Camping/Caravan site,,Free parking|Pool|Restaurant|Bar/Lounge,,否,,"Family-friendly resort near Rome with multiple pools, entertainment, and sports facilities. Features a restaurant, onsite market, and convenient public transport access for exploring the city.","We stayed at the village in early May to use as a base to explore Rome, which it was great for.  You can buy a transport ticket from Eurocamp reception which can be used to catch the bus on the main road to the left...",Family wonderings!,"Fabulous village is located halfway between the center of Rome and the beaches of Ostia. It is the ideal place for a family vacation thanks to the many amenities the facility offers. A water park with lagoon, slide and whirlpools, restaurant, pizzeria, bar and ice cream shop, as well as a minimarket always stocked with everything you need for your stay. And more sports facilities so you won't have to give up physical activity even on vacation: tennis courts, beach volleyball, five-a-side football and miniature golf in addition to the ever-present entertainment during the summer and the playground for the little ones. The camping site extends within a centuries-old pine forest in which various types of accommodations are offered that can accommodate from 3 to 6 people, fully equipped pitches for those traveling in campers, caravans and tents."
rome,27,780,203198,Hotel Giolli Nazionale,https://dynamic-media-cdn.tripadvisor.com/media/photo-o/16/54/c1/8b/vibe-hotel-giolli-nazionale.jpg,https://www.tripadvisor.co.uk/Hotel_Review-g187791-d203198-Reviews-Hotel_Giolli_Nazionale-Rome_Lazio.html,3.9,1545.0,"#371 of 1,168 hotels in Rome",694.0,7168.0,"Via Nazionale, 69, 00184 Rome Italy",+39 06 488 2393,41.89924,12.491338,Rome,,,128.0,530.0,Hotel,,Restaurant|Air conditioning|Airport transportation|Family Friendly,Breakfast included,否,,"Centrally located boutique hotel within walking distance of major attractions like the Colosseum and Trevi Fountain. Surrounded by shops and restaurants. Comfortable rooms, friendly staff, and continental breakfast.",,,"Situated in the centre of Rome, the Hotel Giolli in Rome enjoys a prime and executive privileged position on the prestigious Via Nazionale, in the heart of the historical and commercial area.This late nineteenth century mansion house is situated very close to the Quirinale palace and opposite the Exhibition Hall.With the hotel Giolli in Rome as a comfortable and convenient base, you can visit all of Rome's major attractions and most recognised landmarks, allowing you to experience the city's awe-inspiring beauty, history and culture.Momuments, shops, restaurants and cafes are all within the immediate vicinity.Tastefully furnished and well equipped rooms, the Hotel Giolli in Rome offers authentic marble bathrooms, complete with hair dryer.Room amenities include, mini bar, satellite color TV, direct dial telephone, in room safe, key card access, wifi and smoke alarms.Hotel is completely air conditioned with sound proofed windows, doors and an advanced alarm system assuring total securtiy.The area has a rich selection of restaurants and shops, and is also home to several banks and ministries."
rome,51,1500,203151,Sina Bernini Bristol,https://dynamic-media-cdn.tripadvisor.com/media/photo-o/23/5a/3c/0d/lobby.jpg,https://www.tripadvisor.co.uk/Hotel_Review-g187791-d203151-Reviews-Sina_Bernini_Bristol-Rome_Lazio.html,3.9,1530.0,"#350 of 1,168 hotels in Rome",641.0,7168.0,"Piazza Barberini 23, 00187 Rome Italy",+39 390 648 8931,41.903942,12.489089,Rome,,,458.0,1072.0,Hotel,,Restaurant|Bar/Lounge|Fitness centre|Air conditioning,,否,,"Elegant hotel in Piazza Barberini with chic rooftop bar, stunning Rome views, and central location near Trevi Fountain and Spanish Steps. Beautiful rooms, attentive concierge, and rooftop dining.",,,"The Sina Bernini Bristol, Autograph Collection in Rome is the iconic hotel with over 140 years of rich history and considered to be one of the Eternal City’s hotellerie milestones. With its strategic position facing the stunning Piazza Barberini, located at the beginning of Via Veneto and a short walk from Piazza di Spagna and the Trevi Fountain, this luxury hotel has one of the most enviable locations. Each space has been renovated to celebrate Baroque art and reinterpreted in a modern style. For the most discerning palates, on the 8th floor Il Vizio restaurant boasts a stunning location thanks to the panoramic views overlooking the Eternal City."
rome,168,5010,655605,Precise House Mantegna Roma,https://dynamic-media-cdn.tripadvisor.com/media/photo-o/2c/2b/ea/41/precise-house-mantegna.jpg,https://www.tripadvisor.co.uk/Hotel_Review-g187791-d655605-Reviews-Precise_House_Mantegna_Roma-Rome_Lazio.html,3.8,3114.0,"#298 of 1,168 hotels in Rome",551.0,7168.0,"Via Andrea Mantegna 130, 00147 Rome Italy",+39 06 989521,41.85276,12.496741,Rome,,,122.0,291.0,Hotel,,Restaurant|Bar/Lounge|Family Friendly|Free Wifi,,否,,"Modern hotel in a quiet Rome neighborhood with spacious, well-kept rooms and elegant lobby. Conveniently located near the convention center, Vatican, and airport. Great breakfast and helpful staff.",,,"Precise House Mantegna Roma hotel occupies a strategic location for travellers undertaking work-related or business trips, as it is situated in the EUR-Garbatella district, Rome’s financial centre. The hotel is ideally placed for access to the airport and the city centre, and is therefore the perfect choice for both business and leisure trips. The hotel offers spacious guest rooms in a modern design, with everything required for a first-class standard of comfort. In terms of facilities, the hotel has two restaurants where guests can enjoy the local cuisine. In addition, it is worth noting that the hotel has its own conference centre with 15 meeting rooms and an auditorium, with a total seating capacity of up to 1,500."
rome,79,2340,228929,Hotel Gambrinus Roma,https://dynamic-media-cdn.tripadvisor.com/media/photo-s/02/4c/df/21/esterno.jpg,https://www.tripadvisor.co.uk/Hotel_Review-g187791-d228929-Reviews-Hotel_Gambrinus_Roma-Rome_Lazio.html,3.8,1657.0,"#405 of 1,168 hotels in Rome",780.0,7168.0,"Via Piave 35, 00187 Rome Italy",+39 06 487 1250,41.909603,12.498607,Rome,,,101.0,277.0,Hotel,,Bar/Lounge|Air conditioning|Free Wifi,Breakfast included,否,,"Centrally located hotel near Termini station, restaurants, and major attractions. Cozy atmosphere, well-equipped rooms, praised breakfast buffet, and convenient transport links for exploring Rome.",,,"Located just 15 minutes walking distance from Spanish Steps and Via Veneto, the Hotel Gambrinus is placed in the heart of one of the most distinguished and refined district of Rome. Minutes away from the Termini train station and both line A & B subway stops, the hotel is a short bus ride distance from the most important monuments of the Eternal City such as Colosseum and the Roman Forum, Trevi Fountain, the Pantheon and the Vatican city.As soon as you cross the threshold of this exclusive hotel in Rome you will sense its special atmosphere of warmth and intimacy, relaxation and charm. An atmosphere that makes you feel like at home away from home, where every detail is cared with passion and where guests receive a truly personal attention.A generous buffet breakfast is served every morning in the hotel's stylish dining room that features original stone-works of the 19th century in the vaulted ceilings, and Roman-travertine floors whre you could choose from a huge selection of cereals, bread, pastries, fresh fruit, eggs, cheese, bacon, ham and salami.You will love staying in our tidy, cosy, intimate and fully furnished rooms and suites that are ideal to enjoy relaxing moments after long days walking tours and shopping of this city.A multilingual and young staff, well trained and naturally oriented to the Guest, will be dedicated to satisfying your every need and request, suggesting and booking city tours, tour guides, restaurants, Spa treatments and massages, transfers by car to the airport or to the city and any other service that will make your stay unforgettable."
rome,76,2250,205107,Hotel Oxford,https://dynamic-media-cdn.tripadvisor.com/media/photo-o/2c/09/a9/15/standard-double-twin.jpg,https://www.tripadvisor.co.uk/Hotel_Review-g187791-d205107-Reviews-Hotel_Oxford-Rome_Lazio.html,3.8,1572.0,"#434 of 1,168 hotels in Rome",860.0,7168.0,"Via Boncompagni 89, 00187 Rome Italy",+39 06 420 3601,41.90924,12.496205,Rome,,,120.0,309.0,Hotel,,Restaurant|Bar/Lounge|Air conditioning|Airport transportation,Breakfast included,否,,"Centrally located hotel within walking distance of major attractions like the Spanish Steps and Trevi Fountain. Authentic decor, friendly staff, and nearby dining options. Buffet with warm and cold items.",,,"Set in Rome's most exclusive area, Hotel Oxford is set just behind Via Veneto and the Spanish Steps. Guest rooms feature elegant furnishings and wood or carpeted floors. Experience the real Dolce Vita in this elegant setting. The rooms come with air conditioning and a private bathroom, and some have a balcony. Apartments are also available, and are located in separate buildings in nearby Via Piave or Via Flavia. At the Oxford Hotel you have free internet Wi-Fi connection! . This family-run hotel features a snack bar and a meeting room with a capacity of 30 people."
rome,30,870,229029,Bettoja Hotel Massimo D'Azeglio,https://dynamic-media-cdn.tripadvisor.com/media/photo-o/18/7f/7b/ff/bettoja-hotel-massimo.jpg,https://www.tripadvisor.co.uk/Hotel_Review-g187791-d229029-Reviews-Bettoja_Hotel_Massimo_D_Azeglio-Rome_Lazio.html,3.8,1274.0,"#354 of 1,168 hotels in Rome",649.0,7168.0,"Via Cavour 18, 00184 Rome Italy",+39 06 487 0270,41.90011,12.499274,Rome,,,179.0,547.0,Hotel,,Restaurant|Bar/Lounge|Air conditioning|Airport transportation,Breakfast included,否,,"Conveniently located near Termini train station and top attractions, this 4-star hotel features clean rooms, modernized bathrooms, classical charm, complimentary breakfast, and a strong historical presence.",,,"Since 1875 the Hotel Massimo d’Azeglio has provided traditional hospitality to its numerous Italian and Foreign guests. Although through the years it has been refurbished many times the hotel has maintained its “turn of the century” character. Its halls, bar and restaurant house an important collection of paintings and prints of the Italian “Risorgimento”. The wood paneled Restaurant, with its famous wine cellar, is one of the best known in the city. The Massimo d’Azeglio Restaurant and Hotel has been included amongst the historic hotels of Italy. The Massimo d'Azeglio Hotel has 185 Rooms,3 Conference Rooms, Garage, Bar & Restaurant, Air Conditioning, TV Satellite, Minibar, Free Wi-Fi."
rome,45,1320,269236,Hotel Marco Polo,https://dynamic-media-cdn.tripadvisor.com/media/photo-o/06/bd/be/c2/marco-polo.jpg,https://www.tripadvisor.co.uk/Hotel_Review-g187791-d269236-Reviews-Hotel_Marco_Polo-Rome_Lazio.html,3.8,1145.0,"#455 of 1,168 hotels in Rome",924.0,7168.0,"Via Magenta 39, 00185 Rome Italy",+39 06 447 4091,41.902256,12.503841,Rome,,,96.0,300.0,Hotel,,Bar/Lounge|Air conditioning|Family Friendly|Free Wifi,,否,,"Conveniently located near the train station and major attractions, this hotel features clean rooms, comfortable beds, daily cleaning, an old-fashioned lift, and easy access to dining and transportation.",,,
rome,32,930,232856,Hotel Diana Roof Garden,https://dynamic-media-cdn.tripadvisor.com/media/photo-o/31/f4/3e/45/twin-room.jpg,https://www.tripadvisor.co.uk/Hotel_Review-g187791-d232856-Reviews-Hotel_Diana_Roof_Garden-Rome_Lazio.html,3.7,2580.0,"#465 of 1,168 hotels in Rome",948.0,7168.0,"Via Principe Amedeo 4, 00185 Rome Italy",+39 06 478681,41.900757,12.497397,Rome,,,129.0,498.0,Hotel,,Restaurant|Bar/Lounge|Air conditioning|Free Wifi,Breakfast included,否,,"Centrally located near Termini Station with easy access to transport, shops, and restaurants. Features a rooftop restaurant with stunning views, a large outdoor area, and complimentary mini bar.",,,"Elegant Hotel offering modern comforts and amenities, restaurant and bar; situated in the heart of Rome near the Opera House."
rome,1,0,203076,Holiday Inn Rome - Eur Parco Dei Medici by IHG,https://dynamic-media-cdn.tripadvisor.com/media/photo-o/2c/64/69/66/swimming-pool.jpg,https://www.tripadvisor.co.uk/Hotel_Review-g187791-d203076-Reviews-Holiday_Inn_Rome_Eur_Parco_Dei_Medici_by_IHG-Rome_Lazio.html,3.7,2411.0,"#258 of 1,168 hotels in Rome",479.0,7168.0,"Viale Castello della Magliana, 65, 00148 Rome Italy",+39 06 65581,41.82287,12.412172,Rome,$123,$123,122.0,247.0,Hotel,,Pool|Restaurant|Bar/Lounge|Fitness centre,Sponsored,是,Travelers' Choice,"Convenient hotel near Fiumicino Airport with free shuttle service, clean pool, and outdoor area. Easy access to Rome via train or shuttle. Features clean rooms, professional staff, and on-site dining.",,,"Welcome to the Holiday Inn Rome Eur Parco dei Medici,a 4 star Hotel in Rome that combines the high standards of the famous brand with the hotel s elegant style.A stones throw away from the Eur District, next to the Grande Raccordo Anulare, exit Eur Magliana, and close to the new Rome s exibition centre, the hotel is within easy reach of Fiumicino International Apt and city centre to which is directly connected by a free scheduled shuttle service.All the wonders of Rome are only a few minutes away. The 317 Guest Rooms, all with two Queen Size beds, are equally appealing to both business and leisure travellers. The hotel offers the best of Mediterranean and International cuisine and a wide selection of wines.Gala dinners and banquets can be arranged along side the pool or in the garden for up to 600 guests. Cocktail Lounge Incontro is the ideal place to unwind with a drink or an Espresso. The Holiday Inn Rome Eur Parco dei Medici is the best choice for all kinds of events with 17 meeting rooms from 10 to 800 people, well equipped and supported by our experienced staff. Relax & Meditation room,Fitness Centre, Sauna, outdoor pools and parking areas are available to guests, free of charge. The hotel is popular with families offering special children menus and Family Rooms . Hi speed Internet connection and WIFI are available in all hotel areas."
rome,107,3180,228949,Hotel Ripa Roma,https://dynamic-media-cdn.tripadvisor.com/media/photo-o/1a/39/7c/ae/hotel-ripa-roma.jpg,https://www.tripadvisor.co.uk/Hotel_Review-g187791-d228949-Reviews-Hotel_Ripa_Roma-Rome_Lazio.html,3.7,2191.0,"#458 of 1,168 hotels in Rome",929.0,7168.0,"Via Degli Orti di Trastevere 3, 00153 Rome Italy",+39 06 58611,41.882576,12.470502,Rome,,,127.0,317.0,Hotel,,Restaurant|Bar/Lounge|Fitness centre|Air conditioning,Breakfast included,否,,"Trendy hotel with quirky art pieces, spacious rooms, and some balconies. Located in Trastevere near charming restaurants, bars, shops, and public transit. Easy access to local attractions and tram lines.",,,"In Trastevere, one of Rome’s oldest most vibrant neighborhoods, Worldhotel Ripa Roma is daringly modern and smart with a look and feel of a contemporary art gallery. Modern design in no way inhibits the personal service and attention devoted to all guests. 197 rooms and suites to optimize space, light and comfortin a chic but friendly atmosphere. All rooms are equipped with satellite TV, minibar, working desk with sofa, WI-fi connection and rooms Rituals amenities. Mini gym on first floor with Techno-gym facilities.Underground parking. Ripa Place, our newly refurbished restaurant is a bistrot serving innovative roman cuisine to appeal and surprise our guests and friends. The minimal and chic atmosphere is enriched by a selected list of local wine.When in Rome, you cannot miss: strolling around in Campo de’Fiori, rent a scooter to feel like the famous couple Peck-Hepburn for a real Roman Holiday, every day at noon on the Gianicolo Hill the cannon sound Midday, sunset at Giadino degli Aranci, Aventine key hole, test if he really loves you and ask him to put his hand inside the Mouth of truth inside church S.Maria in Cosmedin."
rome,75,2220,277150,Domus Sessoriana,https://dynamic-media-cdn.tripadvisor.com/media/photo-o/0f/8f/17/0a/domus-sessoriana.jpg,https://www.tripadvisor.co.uk/Hotel_Review-g187791-d277150-Reviews-Domus_Sessoriana-Rome_Lazio.html,3.7,1326.0,"#497 of 1,168 hotels in Rome",1056.0,7168.0,"Piazza Di S. Croce In Gerusalemme, 10 Basilica di Santa Croce, 00185 Rome Italy",+39 06 706151,41.888157,12.515451,Rome,,,89.0,252.0,Hotel,,Air conditioning,Breakfast included,否,,"Historic hotel in a former monastery with unique charm, rooftop terrace, and city views. Conveniently located near attractions, metro, and restaurants. Friendly staff offers local tips and support.",,,"Domus Sessoriana is a 3 Stars Superior Hotel, located just minutes from numerous attractions in Rome, near the Papal Archbasilica of St. John in the Lateran and the Basilica of the Holy Cross in Jerusalem. The hotel has 80 rooms of different types: single, double, triple and quadruple room. It offers many services to its clients, such a 24 hour Reception, a buffet breakfast served on the terrace with panoramic views of Rome, multi-lingual staff and much more. Each room has a private bathroom. The hotel coincides with a large area of the Benedictine Monastery completely renovated, equipped with every comfort and immersed in a scenery of inestimable value. On the top floor of the Domus Sessoriana there is a beautiful roof garden, where breakfast is served (outdoor and indoor). The hotel offers various food and beverage service: bar, snack bar, restaurant. It also has meeting rooms for corporate events, conferences and workshops, companing the capacity of the structure and the quality of business services. The hotel has free wifi. Other guests appreciate the excellent quality/price ratio. Thanks to its position, also well-served by public transportation, Domus Sessoriana is an ideal starting point for discovering Rome and its extraordinary monuments and artistic heritage: Coliseum, Appia Way Park, Circus Maximus and Palatine."
rome,26,750,499930,Hotel Serena,https://dynamic-media-cdn.tripadvisor.com/media/photo-o/0c/18/92/6e/img-20160719-200432-largejpg.jpg,https://www.tripadvisor.co.uk/Hotel_Review-g187791-d499930-Reviews-Hotel_Serena-Rome_Lazio.html,3.7,1075.0,"#516 of 1,168 hotels in Rome",1132.0,7168.0,"Via Principe Amedeo, 64, 00185 Rome Italy",+39 06 481 8214,41.899227,12.499885,Rome,,,91.0,268.0,Hotel,,Air conditioning|Free Wifi,Breakfast included,否,,"Conveniently located near Roma Termini station and within walking distance to attractions, this budget-friendly hotel offers easy access to public transport, friendly staff, and a breakfast with variety.","Location really good, easy to explore the city. Atmosphere cozy and the staff is so friendly. Room was small but just enough for sleeping. Value for the money is excellent. I am sure to come back also next time...",satu j,"Looking for a place to stay in Rome? Then look no further than Hotel Serena, a quiet hotel that brings the best of Rome to your doorstep.
Hotel Serena offers guests an array of room amenities including a flat screen TV, air conditioning, and a minibar, and getting online is possible, as free wifi is available.
The hotel offers 24 hour front desk, baggage storage, and express check-in and check-out, to make your visit even more pleasant. The property also features free breakfast.
Nearby landmarks such as Piazza Navona (1.4 mi) and Campo de' Fiori (1.5 mi) make Hotel Serena a great place to stay when visiting Rome.
While in Rome, you may want to check out some of the restaurants that are a short walk away from Hotel Serena, including Trattoria Vecchia Roma (0.4 mi), That's Amore by Fabio Bongianni (0.8 mi), and Zuma (1.2 mi).
If you’re looking for something to do, Colosseum (0.7 mi), Villa Borghese (1.1 mi), and Galleria Borghese (1.1 mi) are a nice way to spend some time, and they are all within walking distance of Hotel Serena.
We’re sure you’ll enjoy your stay at Hotel Serena as you experience everything Rome has to offer."
rome,33,960,570314,Golden Tulip Rome Piram,https://dynamic-media-cdn.tripadvisor.com/media/photo-o/15/ca/88/0b/welcome-piram-hotel.jpg,https://www.tripadvisor.co.uk/Hotel_Review-g187791-d570314-Reviews-Golden_Tulip_Rome_Piram-Rome_Lazio.html,3.6,2640.0,"#576 of 1,168 hotels in Rome",1365.0,7168.0,"Via Giovanni Amendola 7, 00185 Rome Italy",+39 06 4890 1248,41.900833,12.498059,Rome,,,125.0,443.0,Hotel,,Spa|Restaurant|Bar/Lounge|Air conditioning,Breakfast included,否,,"Centrally located hotel near Termini Station and Spanish Steps, ideal for sightseeing. Rooftop bar with great views. Close to dining options and landmarks like Trevi Fountain. Quiet neighborhood.",,,"Welcome Piram Hotel is an exclusive hotel near Rome's Termini train station, an ideal location for business and leisure stays in the capital of Italy. Recently renovated, it offers guests the architectural beauty typical of grand XIX century palazzos and all the comforts of modern technology. Rome's Termini station, the Opera House, both subway lines and all of the best shopping streets are all just a short walk from the hotel. Thanks to the various services, like the modern spa, the fine restaurant and the new cocktail bar, the hotel and its wellness centre in Rome are able to meet all the needs of its guests, and it is also very near the Rome Termini train station."
rome,40,1170,203219,Hotel Patria,https://dynamic-media-cdn.tripadvisor.com/media/photo-s/03/23/97/aa/patria-hotel.jpg,https://www.tripadvisor.co.uk/Hotel_Review-g187791-d203219-Reviews-Hotel_Patria-Rome_Lazio.html,3.6,880.0,"#414 of 1,168 hotels in Rome",811.0,7168.0,"Via Torino 36, 00184 Rome Italy",+39 06 4890 5820,41.902664,12.494575,Rome,,,103.0,439.0,Hotel,,Bar/Lounge|Air conditioning|Airport transportation,Breakfast included,否,,"Centrally located hotel near major attractions, shops, and transit. Features a varied breakfast, modern refurbished rooms, and spacious options. Friendly, helpful staff enhance the budget-friendly stay.",,,"Hotel Patria is one of the 3 star hotels much appreciated by clients for the elegance of its rooms and warm hospitality. Welcoming and furnished with taste, all the rooms of Hotel Patria 3 stars in Rome have air conditioning, free Wi-Fi, plasma TV, satellite TV and phone with direct line, own bathroom with shower or tub, hairdryer and courtesy kit. At our reception, available 24 hours a day, you will receive all necessary information to make your stay in Rome as pleasant as possible and you will also have the chance of booking outings and guided tours. There is also a lounge bar open from 10am until 10pm with a fine choosing of coffee, tea, soft drinks, beers, wine, alcoholic beverages, cocktails and snacks. It is possible to order breakfast and beverages from the bar directly in the room with no extra charge. Hotel Patria has a strategic position, next to a Metro station and all the main bus stops, close to Stazione Termini, an area where you can easily reach the city's most famous fun and cultural places. From the not too distant, neo-Renaissance Teatro dell’Opera, close to Piazza della Repubblica, a short distance from the hotel, you head towards famous Piazza Barberini admiring Bernini's Fontana del Tritone and the Colle del Quirinale, home of the Republic's Presidency. At less than ten minutes away, the Fontana di Trevi. In less than 15 minutes you can easily reach Colosseum, Fori Imperiali and from there also Bocca della Verità and Circo Massimo."
rome,45,1320,231947,Hotel Rimini Roma Termini,https://dynamic-media-cdn.tripadvisor.com/media/photo-o/14/4a/e7/4d/caption.jpg,https://www.tripadvisor.co.uk/Hotel_Review-g187791-d231947-Reviews-Hotel_Rimini_Roma_Termini-Rome_Lazio.html,3.6,804.0,"#503 of 1,168 hotels in Rome",1071.0,7168.0,"Via Marghera 17, 00185 Rome Italy",+39 06 446 1991,41.90237,12.503683,Rome,,,89.0,277.0,Hotel,,Air conditioning|Family Friendly|Free Wifi,Breakfast included,否,,"Centrally located hotel near Roma Termini Station, ideal for exploring Rome. Compact, functional rooms with amenities like a small fridge and A/C. Friendly staff and convenient access to transportation.",,,
rome,62,1830,603085,Hotel San Marco,https://dynamic-media-cdn.tripadvisor.com/media/photo-o/0b/02/4a/50/hotellet-ligger-5-minutter.jpg,https://www.tripadvisor.co.uk/Hotel_Review-g187791-d603085-Reviews-Hotel_San_Marco-Rome_Lazio.html,3.6,722.0,"#621 of 1,168 hotels in Rome",1577.0,7168.0,"Via Villafranca, 1, 00185 Rome Italy",+39 390 649 0437,41.90506,12.505104,Rome,,,86.0,234.0,Hotel,,Bar/Lounge|Air conditioning|Family Friendly|Free Wifi,Breakfast included,否,,"Convenient hotel near Termini station with spacious or clean rooms, varied breakfast buffet, air conditioning, luggage storage, and reliable WiFi. Close to shops, restaurants, and public transportation.",,,"See why so many travellers make Hotel San Marco their hotel of choice when visiting Rome. Providing an ideal mix of value, comfort and convenience, it offers a family-friendly setting with an array of amenities designed for travellers like you.
Nearby landmarks such as Palatine Hill (1.3 mi) and Roman Forum (1.3 mi) make Hotel San Marco a great place to stay when visiting Rome.
You’ll enjoy relaxing rooms that offer a flat screen TV, air conditioning, and a minibar, and you can stay connected during your stay as Hotel San Marco offers guests free wifi.
The hotel features 24 hour front desk, a concierge, and baggage storage. Plus, Hotel San Marco offers free breakfast, providing a pleasant respite from your busy day.
During your visit, be sure to check out one of Rome's popular crab restaurants such as Sa Tanca Crostaceria, VII Coorte, and IL TEMPIO DI ISIDE, all a short distance from Hotel San Marco.
Rome is also known for some great art galleries, including Serra, I Colori di Dentro di Maria Grazia Luffarelli, and Trevimage, which are not too far from Hotel San Marco.
At Hotel San Marco, your comfort and satisfaction come first, and they look forward to welcoming you to Rome."
rome,105,3120,232854,Hotel Cilicia,https://dynamic-media-cdn.tripadvisor.com/media/photo-o/0f/9d/77/2c/hotel-cilicia.jpg,https://www.tripadvisor.co.uk/Hotel_Review-g187791-d232854-Reviews-Hotel_Cilicia-Rome_Lazio.html,3.6,575.0,"#631 of 1,168 hotels in Rome",1616.0,7168.0,"Via Cilicia 7, 00179 Rome Italy",+39 06 700 5554,41.873604,12.506003,Rome,,,95.0,162.0,Hotel,,Restaurant|Bar/Lounge|Air conditioning|Free Wifi,Breakfast included,否,,"Conveniently located near the Appian Way with easy access to metro and buses. Good value for short stays. Nearby shops offer convenience, though dining options and amenities in the area are limited.",,,"The Cilicia Hotel is located along ""Via Appia Antica"", in the heart of Rome, about 800 m from the St. John Lateran Basilica. Thanks to its central location and its proximity to urban public transport, the Cilicia Hotel is well connected to the endless sites of historical and artistic interest of the Eternal City. Its location, its parking lot, and its large garden certainly enhance the value of our hotel. Our staff is skilled in hospitality and management, 24 hours 24, and can easily deal with all national and international clients, travelling for tourism or business."
rome,60,1770,28057627,Trevi Collection Hotel - Gruppo Trevi Hotels,https://dynamic-media-cdn.tripadvisor.com/media/photo-o/2e/41/f8/a0/caption.jpg,https://www.tripadvisor.co.uk/Hotel_Review-g187791-d28057627-Reviews-Trevi_Collection_Hotel_Gruppo_Trevi_Hotels-Rome_Lazio.html,3.5,1527.0,"#593 of 1,168 hotels in Rome",1467.0,7168.0,"Via Di Capo Le Case 60, 00187 Rome Italy",+39 06 6992 3273,41.904083,12.485492,Rome,$168,$168,154.0,515.0,Hotel,,Air conditioning|Free Wifi,Sponsored|Breakfast included,否,,"Centrally located hotel near major attractions, shops, and cafes. Features clean, well-equipped rooms, a welcoming coffee shop, and friendly staff. Walking distance to Trevi Fountain and Spanish Steps.",,,
rome,28,810,203119,Kennedy Hotel,https://dynamic-media-cdn.tripadvisor.com/media/photo-o/2c/02/33/be/654822-guest-room.jpg,https://www.tripadvisor.co.uk/Hotel_Review-g187791-d203119-Reviews-Kennedy_Hotel-Rome_Lazio.html,3.5,1240.0,"#443 of 1,168 hotels in Rome",888.0,7168.0,"Via Filippo Turati 62-64, 00185 Rome Italy",+39 06 446 5373,41.898483,12.502155,Rome,$112,$112,99.0,231.0,Hotel,,Bar/Lounge|Air conditioning|Airport transportation|Free Wifi,Sponsored|Breakfast included,否,,"Conveniently located near the central station with easy access to transportation, dining, and attractions. Clean, spacious rooms, daily cleaning, friendly staff, and a simple yet fresh breakfast.",,,"Strategically located in the center of Rome, Kennedy hotel is a boutique hotel among Termini Station and St. Maria Maggiore Basilica. The hotel overlooks the Roman Aquarium, now House of Architecture, and it offers a panoramic view on the neighboring garden with archeological parts of Roman Walls of the King Servio Tullio, 578 to 539 b.C. In a historical building of 18th century, Kennedy Hotel has 51 rooms and 2 Junior suites perfect for families. Wifi internet connection in available in the entire establishment. All the bedrooms are individually furnished according the original architecture harmonizing comforts and hospitality. Rooms are refurbished and soundproof, and they are well equipped with air conditioned, tv satellite and telephone. Tasty buffet breakfast is served from 7.00 till 10.00 and there are two lobby rooms and a small international library. At disposal of all clients a baggage store room. WI-FI internet connection FREE OF CHARGE"
rome,39,1140,229068,Hotel Pace Helvezia,https://dynamic-media-cdn.tripadvisor.com/media/photo-o/08/d0/9c/bc/pace-helvezia-hotel.jpg,https://www.tripadvisor.co.uk/Hotel_Review-g187791-d229068-Reviews-Hotel_Pace_Helvezia-Rome_Lazio.html,3.5,1118.0,"#594 of 1,168 hotels in Rome",1475.0,7168.0,"Via IV Novembre 104, 00187 Rome Italy",+39 06 679 5105,41.896942,12.485109,Rome,$222,$222,134.0,718.0,Hotel,,Air conditioning|Airport transportation|Free Wifi,Sponsored|Breakfast included,否,,"Centrally located Rome hotel near iconic landmarks like the Colosseum and Trevi Fountain. Features a rooftop terrace with stunning city views, nearby dining and shopping, continental breakfast, and excellent service.",,,"Pace Helvetia is located in a sober and elegant building set in the heart of Rome, a short walk from Piazza Venezia, the Coliseum and the Quirinale. Hotel Pace Helvetia features a rooftop terrace overlooking the monument of Vittorio Emanuele and the ancient Trajan markets. A continental buffet breakfast is served in the morning, which can be enjoyed on the terrace on fine days. The spacious rooms are embellished with classical furniture, soft carpets and upholstery or elegant parquet, combined with modern comforts. All rooms have air conditioning and a TV. A few steps from the hotel, there are several buses to Termini Station, the Vatican and the charming Trastevere district, full of bars and cafés. Free Wi-Fi is available throughout the hotel. The Piazza Venezia area - Trevi Fountain is a great choice for travelers interested in city walks, sightseeing tours and food."
rome,62,1830,203129,Hotel Villafranca,https://dynamic-media-cdn.tripadvisor.com/media/photo-o/0b/c4/95/c5/standard-con-balcone--v12730284.jpg,https://www.tripadvisor.co.uk/Hotel_Review-g187791-d203129-Reviews-Hotel_Villafranca-Rome_Lazio.html,3.5,1081.0,"#589 of 1,168 hotels in Rome",1445.0,7168.0,"Via Villafranca 9, 00185 Rome Italy",+39 06 444 0364,41.905113,12.504958,Rome,,,99.0,308.0,Hotel,,Bar/Lounge|Air conditioning|Family Friendly|Free Wifi,Breakfast included,否,,"Modern reception and bar area with good air conditioning. Convenient location near public transport, train station, and restaurants. Breakfast praised for variety and freshness. Friendly, helpful staff.","Having read a few harsh comments on here, I had to leave a review on the hotel. The first thing to mention are the staff who are absolutely fantastic, each and everyone we spoke to were really friendly and couldn't...",Scott R,"Finding an ideal quiet hotel in Rome does not have to be difficult. Welcome to Hotel Villafranca, a nice option for travellers like you.
While staying at Rome Best Western, visitors can check out Palatine Hill (1.3 mi) and Pantheon (1.5 mi), some of Rome's top attractions.
Free wifi is offered to guests, and rooms at Rome Best Western offer a flat screen TV, air conditioning, and a refrigerator.
During your stay, take advantage of some of the amenities offered, including 24 hour front desk, currency exchange, and baggage storage. Guests of Rome Best Western are also welcome to enjoy free breakfast, located on site. For travellers arriving by car, there is paid private parking available nearby.
During your visit, be sure to check out one of Rome's popular crab restaurants such as Sa Tanca Crostaceria, VII Coorte, and IL TEMPIO DI ISIDE, all a short distance from Best Western Rome.
Rome is also known for some great historic sites, including Colosseum, Villa Borghese, and Roman Forum, which are not too far from Rome Best Western.
Hotel Villafranca looks forward to welcoming you on your visit to Rome."
rome,94,2790,203122,Hotel Genio,https://dynamic-media-cdn.tripadvisor.com/media/photo-o/09/39/0f/7d/lobby--v8622054.jpg,https://www.tripadvisor.co.uk/Hotel_Review-g187791-d203122-Reviews-Hotel_Genio-Rome_Lazio.html,3.5,1040.0,"#600 of 1,168 hotels in Rome",1515.0,7168.0,"Via Giuseppe Zanardelli 28, 00186 Rome Italy",+39 06 683 3781,41.9008,12.47233,Rome,$169,$169,131.0,389.0,Hotel,,Bar/Lounge|Air conditioning|Free Wifi,Sponsored|Breakfast included,否,,"Boutique hotel in Rome near Piazza Navona and the Vatican. Features a rooftop terrace with stunning city views, spacious rooms with essential amenities, a breakfast buffet, and easy access to attractions and restaurants.",,,"Located in Rome's most historic and Baroque district, Hotel Genio has a rooftop terrace with stunning views over the city and is just 100 meters from Piazza Navona. Rooms come with air conditioning, carpeted or parquet floors, a TV and a minibar. Wi-Fi is available throughout the hotel and the continental breakfast is served buffet style. Hotel Genio is set in a building dating back to the neo-Renaissance period and is surrounded by sinuous streets that host some of the most popular wine bars, cafes and restaurants in Rome. The property is a 10-minute walk from the shops of Via del Corso. Also, you will reach Castel Sant'Angelo and the Vatican City by simply crossing the Tiber. Piazza Navona is a great choice for travelers interested in food, culture and history."
rome,66,1950,24181714,Hotel Madison Roma,https://dynamic-media-cdn.tripadvisor.com/media/photo-o/32/da/77/2d/caption.jpg,https://www.tripadvisor.co.uk/Hotel_Review-g187791-d24181714-Reviews-Hotel_Madison_Roma-Rome_Lazio.html,3.4,139.0,"#713 of 1,168 hotels in Rome",2190.0,7168.0,"Via Marsala 60, 00185 Rome Italy",+39 06 8339 5266,41.90182,12.503354,Rome,,,89.0,279.0,Hotel,,Air conditioning|Free Wifi,,否,,"Conveniently located near Termini Station, this hotel offers easy access to public transportation and vibrant surroundings with nearby restaurants. Features spacious rooms and helpful staff.",,,
rome,77,2280,232843,Hotel Trevi,https://dynamic-media-cdn.tripadvisor.com/media/photo-o/2c/00/f5/2a/trevi-hotel-entrance.jpg,https://www.tripadvisor.co.uk/Hotel_Review-g187791-d232843-Reviews-Hotel_Trevi-Rome_Lazio.html,3.3,1596.0,"#703 of 1,168 hotels in Rome",2106.0,7168.0,"Vicolo del Babuccio 20/21, 00187 Rome Italy",+39 396 678 9563,41.900284,12.484078,Rome,,,156.0,485.0,Hotel,,Air conditioning,,否,,"Centrally located near the Trevi Fountain, restaurants, and shops. Features a charming boutique feel, rooftop dining area, and compact rooms. Some rooms in separate buildings accessible by stairs.",,,"Hotel Trevi is a superior hotel, two steps away from its namesake the Trevi Fountain. It offers a refined atmosphere equipped with the best facilities within a historical 16th century palace. It is located in the proximity of the infamous “Via Veneto” , the magnificent Spanish Steps and the surrounding high fashion district. One can stroll and admire the window displays of world -renowned designers."
rome,173,5160,919475,Cardinal Hotel St. Peter,https://dynamic-media-cdn.tripadvisor.com/media/photo-o/0a/56/0d/d1/view-by-night.jpg,https://www.tripadvisor.co.uk/Hotel_Review-g187791-d919475-Reviews-Cardinal_Hotel_St_Peter-Rome_Lazio.html,3.3,1340.0,"#661 of 1,168 hotels in Rome",1786.0,7168.0,"Via Leone Dehon 71, 00165 Rome Italy",+39 06 632252,41.891655,12.436434,Rome,,,130.0,584.0,Hotel,,Free parking|Pool|Restaurant|Bar/Lounge,,否,,"Affordable hotel near the Vatican with rooftop bar, pool, and easy access to public transportation. Quiet neighborhood with nearby supermarket. Geared towards short stays and in-transit guests.",,,"Cardinal Hotel St. Peter is 2 km from the Vatican, and offers views of Saint Peter's Basilica from most rooms and its summer panoramic terrace with hot tubs. The property also features an outdoor pool, free outdoor parking, and a garage. All air-conditioned, the rooms are equipped with a minibar, and an interactive flat-screen TV with satellite and pay-per-view channels. Some rooms have a balcony with views of the basilica in the distance. Free Wi-Fi is available in the lobby. An American buffet breakfast is served daily in the welcoming breakfast room of Cardinal Hotel St. Peter. During spring and summer it can be enjoyed out on the terrace. Guests can enjoy discounted rates on the restaurant's a la carte menu. The hotel is located next to Villa Pamphili, Rome's largest park. The property provides a frequent shuttle service to/from Cornelia Metro Station at arranged times, while the public bus 881 offers links into Rome city centre."
rome,12,330,232849,Antico Palazzo Rospigliosi,https://dynamic-media-cdn.tripadvisor.com/media/photo-o/0f/08/9f/15/antico-palazzo-rospigliosi.jpg,https://www.tripadvisor.co.uk/Hotel_Review-g187791-d232849-Reviews-Antico_Palazzo_Rospigliosi-Rome_Lazio.html,3.3,721.0,"#948 of 1,168 hotels in Rome",5387.0,7168.0,"Via Liberiana 22, 00185 Rome Italy",+39 06 4893 0495,41.89738,12.497656,Rome,,,104.0,310.0,Hotel,,Free parking|Air conditioning|Pets Allowed|Family Friendly,Breakfast included,否,,"Centrally located hotel in Rome, ideal for sightseeing and day trips. Offers clean rooms and accommodates guest requests. Close to historic sites, providing a convenient base for exploring the city.",,,"The Antico Palazzo Rospigliosi is located inside an ancient building from Renaissance Time (1600), facing on the beautiful Square of Santa Maria Maggiore, in front of the main Basilica. The hotels is 2 minutes walking from the Central Station of Roma Termini, final destination for all shuttle buses from airports, here there are all bus lines and the 2 metro lines A/B. From the hotel it is easy to reach by walking the Colossuem and Imperial Forum, and a little be far away the Spanish Steps and the main Via del Corso. The hotel has 39 rooms, elegantly furnished an equipped with a/c, television, minibar, safe and free wifi. Room categories available are: classic doubel, deluxe double, multiple rooms and Junior Suite. On request the hotel provides bar service and room service. Inside the building there is a maginificent internal garde with sofa and umbrellas where you can comfortably read a book or drink something; furthermore there is a Church from 1600 and a library room, provided also for meetings and conferences. The hotel serves the breakfast in the breakfast room or in the rooms on request, and our staff is available 24/24 for any information."
rome,43,1260,232839,Al Manthia Hotel,https://dynamic-media-cdn.tripadvisor.com/media/photo-o/2c/28/67/41/exterior.jpg,https://www.tripadvisor.co.uk/Hotel_Review-g187791-d232839-Reviews-Al_Manthia_Hotel-Rome_Lazio.html,3.3,541.0,"#718 of 1,168 hotels in Rome",2230.0,7168.0,"Via Dei Giardini 35/B, 00184 Rome Italy",+39 06 7984 4142,41.902485,12.489616,Rome,,,151.0,444.0,Hotel,,Air conditioning|Airport transportation|Free Wifi,Breakfast included,否,,"Centrally located hotels near Trevi Fountain and Spanish Steps. Surrounded by shops and restaurants. Features include small rooms, private balconies, and convenient access to attractions in Rome.",,,"Totally renovated The Al Manthia Hotel is located on the street of the same name in a magnificent 17th century palazzo. Our spacious and refreshing rooms come in standard, suite or junior suite and offer a high quality, value for money sojourn in the eternal city."
rome,69,2040,23855850,Hotel Homs,https://dynamic-media-cdn.tripadvisor.com/media/photo-o/2c/7c/4a/22/caption.jpg,https://www.tripadvisor.co.uk/Hotel_Review-g187791-d23855850-Reviews-Hotel_Homs-Rome_Lazio.html,3.3,130.0,"#786 of 1,168 hotels in Rome",2968.0,7168.0,"Via della Vite 71/72, 00187 Rome Italy",+39 06 679 2976,41.904152,12.482352,Rome,,,118.0,379.0,Hotel,,Bar/Lounge|Air conditioning|Free Wifi,,否,,"Conveniently located near the Spanish Steps and major attractions, this cozy hotel offers clean, comfortable rooms with modern bathrooms. Close to shops, restaurants, and ancient Rome landmarks.","The location was good, the rooms are quite small  and basic but are quiet.  Staff were very friendly, the breakfast is pastry and coffee.",FloKapo,
rome,299,8940,570372,Excel Roma Montemario,https://dynamic-media-cdn.tripadvisor.com/media/photo-o/0b/b2/52/e1/the-hotel--v12734023.jpg,https://www.tripadvisor.co.uk/Hotel_Review-g187791-d570372-Reviews-Excel_Roma_Montemario-Rome_Lazio.html,3.2,1524.0,"#1,016 of 1,168 hotels in Rome",6180.0,7168.0,"Via Degli Scolopi 31, 00135 Rome Italy",+39 06 3505 8043,41.93271,12.433648,Rome,,,79.0,254.0,Hotel,,Free parking|Pool|Restaurant|Fitness centre,,否,,"Hotel located outside Rome with spacious, clean rooms and friendly staff. Easy bus access to city center. Features good air conditioning. Ideal for travelers seeking a quiet base near Rome.",,,
rome,128,3810,203057,Grand Hotel Olympic,https://dynamic-media-cdn.tripadvisor.com/media/photo-o/0d/89/91/e6/street--v14624084.jpg,https://www.tripadvisor.co.uk/Hotel_Review-g187791-d203057-Reviews-Grand_Hotel_Olympic-Rome_Lazio.html,3.0,590.0,"#1,012 of 1,168 hotels in Rome",6144.0,7168.0,"Via Properzio 2A, 00193 Rome Italy",+39 06 689 6650,41.906727,12.461209,Rome,,,197.0,449.0,Hotel,,Air conditioning|Free Wifi,Breakfast included,否,,"Centrally located hotel near the Vatican, surrounded by restaurants, shops, and attractions. Friendly, knowledgeable staff, quality bedding, and a variety of breakfast options. Ideal for city breaks.",,,"Grand Olympic - Aurum Hotel is an excellent choice for travellers visiting Rome, offering a family-friendly environment alongside many helpful amenities designed to enhance your stay.
Close to some of Rome's most popular landmarks, such as Trastevere (1.6 mi) and Villa Borghese (1.7 mi), Grand Hotel Olympic Aurum Hotel is a great destination for tourists.
You’ll enjoy relaxing rooms that offer a flat screen TV and air conditioning, and you can stay connected during your stay as Grand Hotel Olympic Aurum Hotel offers guests free wifi.
Plus, Grand Olympic - Aurum Hotel offers free breakfast, providing a pleasant respite from your busy day.
During your visit, be sure to check out one of Rome's popular falafel restaurants such as Ba'Ghetto, Open Baladin Roma, and Nanu, all a short distance from Grand Olympic - Aurum Hotel.
Rome is also known for some great natural history museums, including Orto Botanico di Roma, Museo di Geologia, and Collezioni Paleontologiche dell'APAT, which are not too far from Grand Olympic - Aurum Hotel.
Enjoy your stay in Rome!"
rome,36,1050,25109109,Hotel La Griffe Roma,https://dynamic-media-cdn.tripadvisor.com/media/photo-o/2c/18/fd/4b/exterior.jpg,https://www.tripadvisor.co.uk/Hotel_Review-g187791-d25109109-Reviews-Hotel_La_Griffe_Roma-Rome_Lazio.html,3.0,230.0,"#1,003 of 1,168 hotels in Rome",6074.0,7168.0,"Via Nazionale 13, 00184 Rome Italy",+39 06 9028 7393,41.901234,12.494516,Rome,,,117.0,400.0,Hotel,,Restaurant|Bar/Lounge|Air conditioning|Pets Allowed,Breakfast included,否,,"Centrally located hotel with quick access to tourist sites, bars, and restaurants. Features a rooftop bar with stunning views, buffet breakfast, comfortable rooms with balconies, and welcoming staff.",,,
rome,30,870,203156,Hotel Nizza,https://dynamic-media-cdn.tripadvisor.com/media/photo-o/07/0e/a3/5e/hotel-nizza.jpg,https://www.tripadvisor.co.uk/Hotel_Review-g187791-d203156-Reviews-Hotel_Nizza-Rome_Lazio.html,2.9,704.0,"#1,095 of 1,168 hotels in Rome",6750.0,7168.0,"Via D'Azeglio 16, 00184 Rome Italy",+39 06 488 1061,41.90043,12.498091,Rome,,,82.0,216.0,Hotel,,Bar/Lounge,Breakfast included,否,,"Conveniently located near Rome's central station and major attractions. Offers a good breakfast with local cheese. Features friendly staff, comfortable beds, and easy access to shops and restaurants.",A perfectly fine hotel if there is not a euro heat wave - Rome hit 37° and the rooms don’t have air con. The rooms have a mobile “air con” unit that do not work. I lay awake at night with a wet towel over me in...,Beth D,"Hotel offers modern amenities, breakfast room and bar; situated near the Opera; staff is multilingual."
rome,80,2370,229052,Priscilla Hotel,https://dynamic-media-cdn.tripadvisor.com/media/photo-o/2c/29/4a/cc/682132-exterior.jpg,https://www.tripadvisor.co.uk/Hotel_Review-g187791-d229052-Reviews-Priscilla_Hotel-Rome_Lazio.html,2.9,662.0,"#1,059 of 1,168 hotels in Rome",6464.0,7168.0,"Via Calabria 17/19, 00187 Rome Italy",+39 06 4281 7602,41.909927,12.497403,Rome,,,79.0,214.0,Hotel,,Restaurant|Bar/Lounge|Air conditioning|Family Friendly,Breakfast included,否,,"Budget-friendly hotel near public transportation, restaurants, and attractions like the Spanish Steps. Offers clean, basic rooms with air conditioning, mini fridges, and powerful showers.","This hotel is not central as it describes , also rooms are very outdated and broken appliances and dirty walls , they must give the best rooms to the locals , staff are friendly thats about it . The hotel is more a...",maxine b,"See why so many travellers make Priscilla Hotel their hotel of choice when visiting Rome. Providing an ideal mix of value, comfort and convenience, it offers a quiet setting with an array of amenities designed for travellers like you.
You’ll enjoy relaxing rooms that offer a flat screen TV and air conditioning, and you can stay connected during your stay as Priscilla Hotel offers guests paid wifi.
The hotel features 24 hour front desk, express check-in and check-out, and baggage storage. Plus, Priscilla Hotel offers free breakfast, providing a pleasant respite from your busy day. For guests with a vehicle, there is paid public parking available nearby.
Close to some of Rome's most popular landmarks, such as Pantheon (1.3 mi) and Palatine Hill (1.4 mi), Priscilla Hotel Rome is a great destination for tourists.
While in Rome, you may want to check out some of the restaurants that are a short walk away from Priscilla Hotel, including Trattoria Vecchia Roma (1.2 mi), That's Amore by Fabio Bongianni (0.8 mi), and Zuma (1.0 mi).
If you are interested in exploring Rome, check out one of the science museums, such as Museo Leonardo Da Vinci Experience, Mostra di Leonardo Da Vinci, and Museo di Storia della Medicina.
We’re sure you’ll enjoy your stay at Priscilla Hotel as you experience all of the things Rome has to offer."
rome,43,1260,535804,Siracusa Hotel,https://dynamic-media-cdn.tripadvisor.com/media/photo-o/0d/7f/27/5a/entrance.jpg,https://www.tripadvisor.co.uk/Hotel_Review-g187791-d535804-Reviews-Siracusa_Hotel-Rome_Lazio.html,2.9,560.0,"#1,063 of 1,168 hotels in Rome",6497.0,7168.0,"Via Marsala 50, 00185 Rome Italy",+39 06 490191,41.902058,12.503217,Rome,,,86.0,188.0,Hotel,,Air conditioning|Free Wifi,Breakfast included,否,,"Conveniently located across from Rome's main train station, ideal for travelers. Spacious, quiet rooms and helpful staff. Close to shops, cafes, and restaurants, perfect for short stays and city exploration.",,,"Hotel Siracusa is housed in a late 19th century building, in a very desirable location, right opposite Roma Termini railway station. This Hotel is perfect for travellers wanting a central location to easily reach the main attractions of the Eternal City. The numerous rooms are furnished simply and thoughtfully, and have all the comforts one would expect from a hotel of this category. The communal areas at guests' disposal offer a panoramic view of Termini Station and Piazza dei Cinquecento. Its great location, large number of rooms and excellent value for money go to make Hotel Siracusa ideal for groups or individuals wishing to discover the treasures of Rome, shop or do business."
rome,19,540,23561075,Hotel 77 Seventy-Seven,https://dynamic-media-cdn.tripadvisor.com/media/photo-o/1d/83/63/bb/facciata.jpg,https://www.tripadvisor.co.uk/Hotel_Review-g187791-d23561075-Reviews-Hotel_77_Seventy_Seven-Rome_Lazio.html,2.9,225.0,"#1,032 of 1,168 hotels in Rome",6267.0,7168.0,"Via Agostino Depretis, 77, 00184 Rome Italy",+39 06 9934 4400,41.899048,12.495842,Rome,,,129.0,372.0,Hotel,,Pool|Spa|Restaurant|Bar/Lounge,Breakfast included,否,,"Centrally located hotel near top attractions, shops, and restaurants. Features a rooftop bar with scenic views, a relaxing spa with a pool, jacuzzi, and sauna, plus a gym and breakfast options.",,,
rome,75,2220,19102325,Hotel 55 Fiftyfive,https://dynamic-media-cdn.tripadvisor.com/media/photo-o/28/9e/c7/b3/caption.jpg,https://www.tripadvisor.co.uk/Hotel_Review-g187791-d19102325-Reviews-Hotel_55_Fiftyfive-Rome_Lazio.html,2.9,214.0,"#1,047 of 1,168 hotels in Rome",6398.0,7168.0,"Via della Vite 13, 00186 Rome Italy",+39 06 3937 9774,41.903343,12.479806,Rome,,,144.0,385.0,Hotel,,Air conditioning|Free Wifi,,否,,"Centrally located hotel near Trevi Fountain and Spanish Steps, ideal for exploring Rome on foot. Offers two buildings, with the main building featuring larger, well-designed rooms and balconies.",,,
rome,135,4020,4960121,Radio Hotel Roma,https://dynamic-media-cdn.tripadvisor.com/media/photo-o/0e/be/88/46/l-edificio-dell-hotel.jpg,https://www.tripadvisor.co.uk/Hotel_Review-g187791-d4960121-Reviews-Radio_Hotel_Roma-Rome_Lazio.html,2.7,173.0,"#1,057 of 1,168 hotels in Rome",6451.0,7168.0,"Via Antonio Pacinotti 8, 00146 Rome Italy",+39 06 558 0892,41.870907,12.46821,Rome,,,62.0,156.0,Hotel,,Free Wifi,,否,,"Budget-friendly hotel in Rome with clean rooms and shared bathrooms, 24/7 reception, and helpful staff. Convenient access to public transport, shopping, dining, and airport connections.","There was a lot of noises from the roof , so was so difficult to sleep comfortably 
, the WiFi didn't work properly 
Room was ok , from the bathroom was smelling bad some times.
Breakfast was enough ok.
Staff was...",Jorge I,"Radio Hotel is an excellent choice for travellers visiting Rome, offering a budget friendly environment alongside many helpful amenities designed to enhance your stay.
Free wifi is offered to guests, and rooms at Radio Hotel offer a flat screen TV and a desk.
During your stay, take advantage of some of the amenities offered, including 24 hour front desk, a concierge, and baggage storage. Guests of Radio Hotel are also welcome to enjoy a snack bar, located on site.
While staying at Radio Hotel, visitors can check out Campo de' Fiori (1.7 mi) and Roman Forum (1.7 mi), some of Rome's top attractions.
While you’re here, be sure to check out some of the Mediterranean restaurants, including Sora Lella, Tonnarello, and Da Enzo Al 29, all of which are a short distance from Radio Hotel.
Looking to explore? Then look no further than Trastevere (1.0 mi) and Basilica Papale San Paolo Fuori le Mura (0.9 mi), which are some popular Rome attractions – all conveniently located within walking distance of the hotel.
Enjoy your stay in Rome!"
